[22:04:01] [main/INFO]: Loading tweak class name cpw.mods.fml.common.launcher.FMLTweaker
[22:04:01] [main/INFO]: Using primary tweak class name cpw.mods.fml.common.launcher.FMLTweaker
[22:04:01] [main/INFO]: Calling tweak class cpw.mods.fml.common.launcher.FMLTweaker
[22:04:01] [main/INFO]: Forge Mod Loader version 7.99.40.1614 for Minecraft 1.7.10 loading
[22:04:01] [main/INFO]: Java is Java HotSpot(TM) 64-Bit Server VM, version 1.8.0_51, running on Windows 10:amd64:10.0, installed at C:\Program Files (x86)\Minecraft Launcher\runtime\jre-legacy\windows-x64\jre-legacy
[22:04:01] [main/INFO]: Loading tweak class name cpw.mods.fml.common.launcher.FMLInjectionAndSortingTweaker
[22:04:01] [main/INFO]: Loading tweak class name cpw.mods.fml.common.launcher.FMLDeobfTweaker
[22:04:01] [main/INFO]: Calling tweak class cpw.mods.fml.common.launcher.FMLInjectionAndSortingTweaker
[22:04:01] [main/INFO]: Calling tweak class cpw.mods.fml.common.launcher.FMLInjectionAndSortingTweaker
[22:04:01] [main/INFO]: Calling tweak class cpw.mods.fml.relauncher.CoreModManager$FMLPluginWrapper
[22:04:02] [main/INFO]: Found valid fingerprint for Minecraft Forge. Certificate fingerprint e3c3d50c7c986df74c645c0ac54639741c90a557
[22:04:02] [main/INFO]: Found valid fingerprint for Minecraft. Certificate fingerprint cd99959656f753dc28d863b46769f7f8fbaefcfc
[22:04:02] [main/INFO]: Calling tweak class cpw.mods.fml.relauncher.CoreModManager$FMLPluginWrapper
[22:04:02] [main/INFO]: Calling tweak class cpw.mods.fml.relauncher.CoreModManager$FMLPluginWrapper
[22:04:02] [main/INFO]: Calling tweak class cpw.mods.fml.common.launcher.FMLDeobfTweaker
[22:04:02] [main/INFO]: Loading tweak class name cpw.mods.fml.common.launcher.TerminalTweaker
[22:04:02] [main/INFO]: Calling tweak class cpw.mods.fml.common.launcher.TerminalTweaker
[22:04:02] [main/INFO]: Launching wrapped minecraft {net.minecraft.client.main.Main}
[22:04:02] [main/INFO]: Setting user: hi03
[22:04:03] [Client thread/INFO]: LWJGL Version: 2.9.1
[22:04:03] [Client thread/INFO]: [cpw.mods.fml.client.SplashProgress:start:188]: ---- Minecraft Crash Report ----
// You're mean.

Time: 26/08/31 22:04
Description: Loading screen debug info

This is just a prompt for computer specs to be printed. THIS IS NOT A ERROR


A detailed walkthrough of the error, its code path and all known details is as follows:
---------------------------------------------------------------------------------------

-- System Details --
Details:
	Minecraft Version: 1.7.10
	Operating System: Windows 10 (amd64) version 10.0
	Java Version: 1.8.0_51, Oracle Corporation
	Java VM Version: Java HotSpot(TM) 64-Bit Server VM (mixed mode), Oracle Corporation
	Memory: 827695360 bytes (789 MB) / 1073741824 bytes (1024 MB) up to 12884901888 bytes (12288 MB)
	JVM Flags: 6 total; -XX:HeapDumpPath=MojangTricksIntelDriversForPerformance_javaw.exe_minecraft.exe.heapdump -Xms1G -Xmx12G -XX:+UseG1GC -XX:+ParallelRefProcEnabled -XX:MaxGCPauseMillis=120
	AABB Pool Size: 0 (0 bytes; 0 MB) allocated, 0 (0 bytes; 0 MB) used
	IntCache: cache: 0, tcache: 0, allocated: 0, tallocated: 0
	FML: 
	GL info: ' Vendor: 'NVIDIA Corporation' Version: '4.6.0 NVIDIA 591.86' Renderer: 'NVIDIA GeForce RTX 3080 Ti/PCIe/SSE2'
[22:04:03] [Client thread/INFO]: Attempting early MinecraftForge initialization
[22:04:03] [Client thread/INFO]: MinecraftForge v10.13.4.1614 Initialized
[22:04:03] [Client thread/INFO]: Replaced 183 ore recipies
[22:04:03] [Client thread/INFO]: Completed early MinecraftForge initialization
[22:04:03] [Client thread/INFO]: Found 0 mods from the command line. Injecting into mod discoverer
[22:04:03] [Client thread/INFO]: Searching C:\.minecraft\1.7.10\mods for mods
[22:04:03] [Client thread/INFO]: Also searching C:\.minecraft\1.7.10\mods\1.7.10 for mods
[22:04:06] [Client thread/INFO]: Forge Mod Loader has identified 8 mods to load
[22:04:06] [Client thread/INFO]: FML has found a non-mod file [RTM]Baru'sRail.zip in your mods directory. It will now be injected into your classpath. This could severe stability issues, it should be removed if possible.
[22:04:06] [Client thread/INFO]: FML has found a non-mod file [東京近郊_一般]ObjectPack (1).zip in your mods directory. It will now be injected into your classpath. This could severe stability issues, it should be removed if possible.
[22:04:06] [Client thread/INFO]: FML has found a non-mod file E259-1.7.10.zip in your mods directory. It will now be injected into your classpath. This could severe stability issues, it should be removed if possible.
[22:04:06] [Client thread/INFO]: FML has found a non-mod file hi03 ATS-P Transponder.zip in your mods directory. It will now be injected into your classpath. This could severe stability issues, it should be removed if possible.
[22:04:06] [Client thread/INFO]: FML has found a non-mod file hi03 ATS-Ps Transponder.zip in your mods directory. It will now be injected into your classpath. This could severe stability issues, it should be removed if possible.
[22:04:06] [Client thread/INFO]: FML has found a non-mod file hi03 ATS-Sx Transponder.zip in your mods directory. It will now be injected into your classpath. This could severe stability issues, it should be removed if possible.
[22:04:06] [Client thread/INFO]: FML has found a non-mod file hi03CatenaryPack Common v02.zip in your mods directory. It will now be injected into your classpath. This could severe stability issues, it should be removed if possible.
[22:04:06] [Client thread/INFO]: FML has found a non-mod file hi03CatenaryPack Pole A.zip in your mods directory. It will now be injected into your classpath. This could severe stability issues, it should be removed if possible.
[22:04:06] [Client thread/INFO]: FML has found a non-mod file hi03MelodySwitch.zip in your mods directory. It will now be injected into your classpath. This could severe stability issues, it should be removed if possible.
[22:04:06] [Client thread/INFO]: FML has found a non-mod file KeiseiHokusoPack.zip in your mods directory. It will now be injected into your classpath. This could severe stability issues, it should be removed if possible.
[22:04:06] [Client thread/INFO]: FML has found a non-mod file NGTO Builder.zip in your mods directory. It will now be injected into your classpath. This could severe stability issues, it should be removed if possible.
[22:04:06] [Client thread/INFO]: FML has found a non-mod file NGTOBuilder2.zip in your mods directory. It will now be injected into your classpath. This could severe stability issues, it should be removed if possible.
[22:04:06] [Client thread/INFO]: FML has found a non-mod file RTM-ATS-P.zip in your mods directory. It will now be injected into your classpath. This could severe stability issues, it should be removed if possible.
[22:04:06] [Client thread/INFO]: FML has found a non-mod file ShinanoRailwayPack.zip in your mods directory. It will now be injected into your classpath. This could severe stability issues, it should be removed if possible.
[22:04:06] [Client thread/INFO]: FML has found a non-mod file SuperRailBuilder3.zip in your mods directory. It will now be injected into your classpath. This could severe stability issues, it should be removed if possible.
[22:04:06] [Client thread/INFO]: FML has found a non-mod file SuperRailBuilderX.zip in your mods directory. It will now be injected into your classpath. This could severe stability issues, it should be removed if possible.
[22:04:06] [Client thread/INFO]: FML has found a non-mod file tree-brush-preset-pack.zip in your mods directory. It will now be injected into your classpath. This could severe stability issues, it should be removed if possible.
[22:04:06] [Client thread/INFO]: Attempting connection with missing mods [mcp, FML, Forge, BambooMod, RTM, MCTE, NGTLib, worldedit] at CLIENT
[22:04:06] [Client thread/INFO]: Attempting connection with missing mods [mcp, FML, Forge, BambooMod, RTM, MCTE, NGTLib, worldedit] at SERVER
[22:04:08] [Client thread/INFO]: Reloading ResourceManager: Default, FMLFileResourcePack:Forge Mod Loader, FMLFileResourcePack:Minecraft Forge, FMLFileResourcePack:BambooMod, FMLFileResourcePack:RealTrainMod, FMLFileResourcePack:MCTerrainEditor, FMLFileResourcePack:NGTLib, FMLFileResourcePack:WorldEdit
[22:04:08] [Client thread/INFO]: Processing ObjectHolder annotations
[22:04:08] [Client thread/INFO]: Found 341 ObjectHolder annotations
[22:04:08] [Client thread/INFO]: Identifying ItemStackHolder annotations
[22:04:08] [Client thread/INFO]: Found 0 ItemStackHolder annotations
[22:04:08] [Client thread/INFO]: Configured a dormant chunk cache size of 0
[22:04:08] [Forge Version Check/INFO]: [java.lang.Throwable$WrappedPrintStream:println:748]: com.google.gson.JsonSyntaxException: java.lang.IllegalStateException: Expected BEGIN_OBJECT but was STRING at line 1 column 1
[22:04:08] [Forge Version Check/INFO]: [java.lang.Throwable$WrappedPrintStream:println:748]: 	at com.google.gson.Gson.fromJson(Gson.java:815)
[22:04:08] [Forge Version Check/INFO]: [java.lang.Throwable$WrappedPrintStream:println:748]: 	at com.google.gson.Gson.fromJson(Gson.java:768)
[22:04:08] [Forge Version Check/INFO]: [java.lang.Throwable$WrappedPrintStream:println:748]: 	at com.google.gson.Gson.fromJson(Gson.java:717)
[22:04:08] [Forge Version Check/INFO]: [java.lang.Throwable$WrappedPrintStream:println:748]: 	at com.google.gson.Gson.fromJson(Gson.java:689)
[22:04:08] [Forge Version Check/INFO]: [java.lang.Throwable$WrappedPrintStream:println:748]: 	at net.minecraftforge.common.ForgeVersion$1.run(ForgeVersion.java:94)
[22:04:08] [Forge Version Check/INFO]: [java.lang.Throwable$WrappedPrintStream:println:748]: Caused by: java.lang.IllegalStateException: Expected BEGIN_OBJECT but was STRING at line 1 column 1
[22:04:08] [Forge Version Check/INFO]: [java.lang.Throwable$WrappedPrintStream:println:748]: 	at com.google.gson.stream.JsonReader.beginObject(JsonReader.java:374)
[22:04:08] [Forge Version Check/INFO]: [java.lang.Throwable$WrappedPrintStream:println:748]: 	at com.google.gson.internal.bind.MapTypeAdapterFactory$Adapter.read(MapTypeAdapterFactory.java:183)
[22:04:08] [Forge Version Check/INFO]: [java.lang.Throwable$WrappedPrintStream:println:748]: 	at com.google.gson.internal.bind.MapTypeAdapterFactory$Adapter.read(MapTypeAdapterFactory.java:145)
[22:04:08] [Forge Version Check/INFO]: [java.lang.Throwable$WrappedPrintStream:println:748]: 	at com.google.gson.Gson.fromJson(Gson.java:803)
[22:04:08] [Forge Version Check/INFO]: [java.lang.Throwable$WrappedPrintStream:println:748]: 	... 4 more
[22:04:08] [Client thread/INFO]: [java.lang.Throwable$WrappedPrintStream:println:748]: java.io.FileNotFoundException: https://dl.dropboxusercontent.com/u/37248864/update.json
[22:04:08] [Client thread/INFO]: [java.lang.Throwable$WrappedPrintStream:println:748]: 	at sun.net.www.protocol.http.HttpURLConnection.getInputStream0(HttpURLConnection.java:1835)
[22:04:08] [Client thread/INFO]: [java.lang.Throwable$WrappedPrintStream:println:748]: 	at sun.net.www.protocol.http.HttpURLConnection.access$200(HttpURLConnection.java:90)
[22:04:08] [Client thread/INFO]: [java.lang.Throwable$WrappedPrintStream:println:748]: 	at sun.net.www.protocol.http.HttpURLConnection$9.run(HttpURLConnection.java:1432)
[22:04:08] [Client thread/INFO]: [java.lang.Throwable$WrappedPrintStream:println:748]: 	at sun.net.www.protocol.http.HttpURLConnection$9.run(HttpURLConnection.java:1430)
[22:04:08] [Client thread/INFO]: [java.lang.Throwable$WrappedPrintStream:println:748]: 	at java.security.AccessController.doPrivileged(Native Method)
[22:04:08] [Client thread/INFO]: [java.lang.Throwable$WrappedPrintStream:println:748]: 	at java.security.AccessController.doPrivileged(AccessController.java:713)
[22:04:08] [Client thread/INFO]: [java.lang.Throwable$WrappedPrintStream:println:748]: 	at sun.net.www.protocol.http.HttpURLConnection.getInputStream(HttpURLConnection.java:1429)
[22:04:08] [Client thread/INFO]: [java.lang.Throwable$WrappedPrintStream:println:748]: 	at sun.net.www.protocol.https.HttpsURLConnectionImpl.getInputStream(HttpsURLConnectionImpl.java:254)
[22:04:08] [Client thread/INFO]: [java.lang.Throwable$WrappedPrintStream:println:748]: 	at java.net.URL.openStream(URL.java:1038)
[22:04:08] [Client thread/INFO]: [java.lang.Throwable$WrappedPrintStream:println:748]: 	at ruby.bamboo.UpdateNotify.run(UpdateNotify.java:43)
[22:04:08] [Client thread/INFO]: [java.lang.Throwable$WrappedPrintStream:println:748]: 	at java.lang.Thread.run(Thread.java:745)
[22:04:08] [Client thread/INFO]: [java.lang.Throwable$WrappedPrintStream:println:748]: 	at ruby.bamboo.BambooCore.preLoad(BambooCore.java:59)
[22:04:08] [Client thread/INFO]: [java.lang.Throwable$WrappedPrintStream:println:748]: 	at sun.reflect.NativeMethodAccessorImpl.invoke0(Native Method)
[22:04:08] [Client thread/INFO]: [java.lang.Throwable$WrappedPrintStream:println:748]: 	at sun.reflect.NativeMethodAccessorImpl.invoke(NativeMethodAccessorImpl.java:62)
[22:04:08] [Client thread/INFO]: [java.lang.Throwable$WrappedPrintStream:println:748]: 	at sun.reflect.DelegatingMethodAccessorImpl.invoke(DelegatingMethodAccessorImpl.java:43)
[22:04:08] [Client thread/INFO]: [java.lang.Throwable$WrappedPrintStream:println:748]: 	at java.lang.reflect.Method.invoke(Method.java:497)
[22:04:08] [Client thread/INFO]: [java.lang.Throwable$WrappedPrintStream:println:748]: 	at cpw.mods.fml.common.FMLModContainer.handleModStateEvent(FMLModContainer.java:532)
[22:04:08] [Client thread/INFO]: [java.lang.Throwable$WrappedPrintStream:println:748]: 	at sun.reflect.NativeMethodAccessorImpl.invoke0(Native Method)
[22:04:08] [Client thread/INFO]: [java.lang.Throwable$WrappedPrintStream:println:748]: 	at sun.reflect.NativeMethodAccessorImpl.invoke(NativeMethodAccessorImpl.java:62)
[22:04:08] [Client thread/INFO]: [java.lang.Throwable$WrappedPrintStream:println:748]: 	at sun.reflect.DelegatingMethodAccessorImpl.invoke(DelegatingMethodAccessorImpl.java:43)
[22:04:08] [Client thread/INFO]: [java.lang.Throwable$WrappedPrintStream:println:748]: 	at java.lang.reflect.Method.invoke(Method.java:497)
[22:04:08] [Client thread/INFO]: [java.lang.Throwable$WrappedPrintStream:println:748]: 	at com.google.common.eventbus.EventSubscriber.handleEvent(EventSubscriber.java:74)
[22:04:08] [Client thread/INFO]: [java.lang.Throwable$WrappedPrintStream:println:748]: 	at com.google.common.eventbus.SynchronizedEventSubscriber.handleEvent(SynchronizedEventSubscriber.java:47)
[22:04:08] [Client thread/INFO]: [java.lang.Throwable$WrappedPrintStream:println:748]: 	at com.google.common.eventbus.EventBus.dispatch(EventBus.java:322)
[22:04:08] [Client thread/INFO]: [java.lang.Throwable$WrappedPrintStream:println:748]: 	at com.google.common.eventbus.EventBus.dispatchQueuedEvents(EventBus.java:304)
[22:04:08] [Client thread/INFO]: [java.lang.Throwable$WrappedPrintStream:println:748]: 	at com.google.common.eventbus.EventBus.post(EventBus.java:275)
[22:04:08] [Client thread/INFO]: [java.lang.Throwable$WrappedPrintStream:println:748]: 	at cpw.mods.fml.common.LoadController.sendEventToModContainer(LoadController.java:212)
[22:04:08] [Client thread/INFO]: [java.lang.Throwable$WrappedPrintStream:println:748]: 	at cpw.mods.fml.common.LoadController.propogateStateMessage(LoadController.java:190)
[22:04:08] [Client thread/INFO]: [java.lang.Throwable$WrappedPrintStream:println:748]: 	at sun.reflect.NativeMethodAccessorImpl.invoke0(Native Method)
[22:04:08] [Client thread/INFO]: [java.lang.Throwable$WrappedPrintStream:println:748]: 	at sun.reflect.NativeMethodAccessorImpl.invoke(NativeMethodAccessorImpl.java:62)
[22:04:08] [Client thread/INFO]: [java.lang.Throwable$WrappedPrintStream:println:748]: 	at sun.reflect.DelegatingMethodAccessorImpl.invoke(DelegatingMethodAccessorImpl.java:43)
[22:04:08] [Client thread/INFO]: [java.lang.Throwable$WrappedPrintStream:println:748]: 	at java.lang.reflect.Method.invoke(Method.java:497)
[22:04:08] [Client thread/INFO]: [java.lang.Throwable$WrappedPrintStream:println:748]: 	at com.google.common.eventbus.EventSubscriber.handleEvent(EventSubscriber.java:74)
[22:04:08] [Client thread/INFO]: [java.lang.Throwable$WrappedPrintStream:println:748]: 	at com.google.common.eventbus.SynchronizedEventSubscriber.handleEvent(SynchronizedEventSubscriber.java:47)
[22:04:08] [Client thread/INFO]: [java.lang.Throwable$WrappedPrintStream:println:748]: 	at com.google.common.eventbus.EventBus.dispatch(EventBus.java:322)
[22:04:08] [Client thread/INFO]: [java.lang.Throwable$WrappedPrintStream:println:748]: 	at com.google.common.eventbus.EventBus.dispatchQueuedEvents(EventBus.java:304)
[22:04:08] [Client thread/INFO]: [java.lang.Throwable$WrappedPrintStream:println:748]: 	at com.google.common.eventbus.EventBus.post(EventBus.java:275)
[22:04:08] [Client thread/INFO]: [java.lang.Throwable$WrappedPrintStream:println:748]: 	at cpw.mods.fml.common.LoadController.distributeStateMessage(LoadController.java:119)
[22:04:08] [Client thread/INFO]: [java.lang.Throwable$WrappedPrintStream:println:748]: 	at cpw.mods.fml.common.Loader.preinitializeMods(Loader.java:556)
[22:04:08] [Client thread/INFO]: [java.lang.Throwable$WrappedPrintStream:println:748]: 	at cpw.mods.fml.client.FMLClientHandler.beginMinecraftLoading(FMLClientHandler.java:243)
[22:04:08] [Client thread/INFO]: [java.lang.Throwable$WrappedPrintStream:println:748]: 	at net.minecraft.client.Minecraft.func_71384_a(Minecraft.java:480)
[22:04:08] [Client thread/INFO]: [java.lang.Throwable$WrappedPrintStream:println:748]: 	at net.minecraft.client.Minecraft.func_99999_d(Minecraft.java:878)
[22:04:08] [Client thread/INFO]: [java.lang.Throwable$WrappedPrintStream:println:748]: 	at net.minecraft.client.main.Main.main(SourceFile:148)
[22:04:08] [Client thread/INFO]: [java.lang.Throwable$WrappedPrintStream:println:748]: 	at sun.reflect.NativeMethodAccessorImpl.invoke0(Native Method)
[22:04:08] [Client thread/INFO]: [java.lang.Throwable$WrappedPrintStream:println:748]: 	at sun.reflect.NativeMethodAccessorImpl.invoke(NativeMethodAccessorImpl.java:62)
[22:04:08] [Client thread/INFO]: [java.lang.Throwable$WrappedPrintStream:println:748]: 	at sun.reflect.DelegatingMethodAccessorImpl.invoke(DelegatingMethodAccessorImpl.java:43)
[22:04:08] [Client thread/INFO]: [java.lang.Throwable$WrappedPrintStream:println:748]: 	at java.lang.reflect.Method.invoke(Method.java:497)
[22:04:08] [Client thread/INFO]: [java.lang.Throwable$WrappedPrintStream:println:748]: 	at net.minecraft.launchwrapper.Launch.launch(Launch.java:135)
[22:04:08] [Client thread/INFO]: [java.lang.Throwable$WrappedPrintStream:println:748]: 	at net.minecraft.launchwrapper.Launch.main(Launch.java:28)
[22:04:08] [Client thread/INFO]: [NGTFL] Add mods dir : [C:\.minecraft\1.7.10\mods, C:\.minecraft\1.7.10\jar-mods-cache\v1\mods]
[22:04:09] [Client thread/INFO]: Applying holder lookups
[22:04:09] [Client thread/INFO]: Holder lookups applied
[22:04:09] [Client thread/INFO]: Injecting itemstacks
[22:04:09] [Client thread/INFO]: Itemstack injection complete
[22:04:09] [Client thread/INFO]: [RTM](Client) Start loading sounds
[22:04:09] [Client thread/INFO]: [RTM](Client) Start registering sounds.json
[22:04:09] [Sound Library Loader/INFO]: [paulscode.sound.SoundSystemLogger:message:69]: 
[22:04:09] [Sound Library Loader/INFO]: [paulscode.sound.SoundSystemLogger:message:69]: Starting up SoundSystem...
[22:04:09] [Client thread/INFO]: [RTM](Client) Register sounds.json, domain:sound_rtm-ats-p
[22:04:09] [Client thread/INFO]: [RTM](Client) Register sounds.json, domain:sound_object
[22:04:09] [Client thread/INFO]: [RTM](Client) Register sounds.json, domain:sound_hi03melodyswitch
[22:04:09] [Client thread/INFO]: [RTM](Client) Register sounds.json, domain:sound_keiseihokuso
[22:04:09] [Client thread/INFO]: [RTM](Client) Register sounds.json, domain:sound_hi03nex
[22:04:09] [Client thread/INFO]: [RTM](Client) Register sounds.json, domain:sound_hi03shinano
[22:04:09] [Thread-11/INFO]: [paulscode.sound.SoundSystemLogger:message:69]: Initializing LWJGL OpenAL
[22:04:09] [Thread-11/INFO]: [paulscode.sound.SoundSystemLogger:message:69]:     (The LWJGL binding of OpenAL.  For more information, see http://www.lwjgl.org)
[22:04:09] [Thread-11/INFO]: [paulscode.sound.SoundSystemLogger:message:69]: OpenAL initialized.
[22:04:10] [Sound Library Loader/INFO]: [paulscode.sound.SoundSystemLogger:message:69]: 
[22:04:10] [Sound Library Loader/INFO]: Sound engine started
[22:04:10] [Client thread/INFO]: Created: 16x16 textures/blocks-atlas
[22:04:10] [Client thread/INFO]: Clear 0 GL Lists
[22:04:10] [Client thread/INFO]: Created: 16x16 textures/items-atlas
[22:04:10] [Client thread/INFO]: Clear 0 GL Lists
[22:04:10] [Client thread/INFO]: Injecting itemstacks
[22:04:10] [Client thread/INFO]: Itemstack injection complete
[22:04:10] [Client thread/INFO]: WorldEdit for Forge (version 6.1.1) is loaded
[22:04:10] [Client thread/INFO]: Forge Mod Loader has successfully loaded 8 mods
[22:04:10] [Client thread/INFO]: Reloading ResourceManager: Default, FMLFileResourcePack:Forge Mod Loader, FMLFileResourcePack:Minecraft Forge, FMLFileResourcePack:BambooMod, FMLFileResourcePack:RealTrainMod, FMLFileResourcePack:MCTerrainEditor, FMLFileResourcePack:NGTLib, FMLFileResourcePack:WorldEdit
[22:04:11] [Client thread/INFO]: Created: 512x256 textures/blocks-atlas
[22:04:11] [Client thread/INFO]: Clear 0 GL Lists
[22:04:11] [Client thread/INFO]: Created: 512x256 textures/items-atlas
[22:04:11] [Client thread/INFO]: Clear 0 GL Lists
[22:04:11] [Client thread/INFO]: [paulscode.sound.SoundSystemLogger:message:69]: 
[22:04:11] [Client thread/INFO]: [paulscode.sound.SoundSystemLogger:message:69]: SoundSystem shutting down...
[22:04:11] [Client thread/INFO]: [paulscode.sound.SoundSystemLogger:importantMessage:90]:     Author: Paul Lamb, www.paulscode.com
[22:04:11] [Client thread/INFO]: [paulscode.sound.SoundSystemLogger:message:69]: 
[22:04:11] [Client thread/INFO]: [RTM](Client) Start loading sounds
[22:04:11] [Client thread/INFO]: [RTM](Client) Start registering sounds.json
[22:04:11] [Sound Library Loader/INFO]: [paulscode.sound.SoundSystemLogger:message:69]: 
[22:04:11] [Sound Library Loader/INFO]: [paulscode.sound.SoundSystemLogger:message:69]: Starting up SoundSystem...
[22:04:11] [Client thread/INFO]: [RTM](Client) Register sounds.json, domain:sound_rtm-ats-p
[22:04:11] [Client thread/INFO]: [RTM](Client) Register sounds.json, domain:sound_object
[22:04:11] [Client thread/INFO]: [RTM](Client) Register sounds.json, domain:sound_hi03melodyswitch
[22:04:11] [Client thread/INFO]: [RTM](Client) Register sounds.json, domain:sound_keiseihokuso
[22:04:11] [Client thread/INFO]: [RTM](Client) Register sounds.json, domain:sound_hi03nex
[22:04:11] [Client thread/INFO]: [RTM](Client) Register sounds.json, domain:sound_hi03shinano
[22:04:11] [Thread-13/INFO]: [paulscode.sound.SoundSystemLogger:message:69]: Initializing LWJGL OpenAL
[22:04:11] [Thread-13/INFO]: [paulscode.sound.SoundSystemLogger:message:69]:     (The LWJGL binding of OpenAL.  For more information, see http://www.lwjgl.org)
[22:04:11] [Thread-13/INFO]: [paulscode.sound.SoundSystemLogger:message:69]: OpenAL initialized.
[22:04:12] [Sound Library Loader/INFO]: [paulscode.sound.SoundSystemLogger:message:69]: 
[22:04:12] [Sound Library Loader/INFO]: Sound engine started
[22:04:12] [ForkJoinPool-1-worker-7/INFO]: [NGTO Builder2] Plants block load error: sample:trees: treeA.ngtz: java.io.FileNotFoundException: On get stream : treeA.ngtz
[22:04:12] [Client thread/ERROR]: +=+=+=+=+=+=+=+=+=+=+=+=+=+=+=+=+=+=+=+=+=+=+=+=+=
[22:04:12] [Client thread/ERROR]: The following texture errors were found.
[22:04:12] [Client thread/ERROR]: ==================================================
[22:04:12] [Client thread/ERROR]:   DOMAIN minecraft
[22:04:12] [Client thread/ERROR]: --------------------------------------------------
[22:04:12] [Client thread/ERROR]:   domain minecraft is missing 2 textures
[22:04:12] [Client thread/ERROR]:     domain minecraft has 4 locations:
[22:04:12] [Client thread/ERROR]:       unknown resourcepack type net.minecraft.client.resources.DefaultResourcePack : Default
[22:04:12] [Client thread/ERROR]:       mod RTM resources at C:\.minecraft\1.7.10\mods\src1.7.10_20200822+KaizPatchX-1.10.3.jar
[22:04:12] [Client thread/ERROR]:       mod MCTE resources at C:\.minecraft\1.7.10\mods\src1.7.10_20200822+KaizPatchX-1.10.3.jar
[22:04:12] [Client thread/ERROR]:       mod NGTLib resources at C:\.minecraft\1.7.10\mods\src1.7.10_20200822+KaizPatchX-1.10.3.jar
[22:04:12] [Client thread/ERROR]: -------------------------
[22:04:12] [Client thread/ERROR]:     The missing resources for domain minecraft are:
[22:04:12] [Client thread/ERROR]:       textures/blocks/MISSING_ICON_BLOCK_484_plant_ornament.png
[22:04:12] [Client thread/ERROR]:       textures/items/ngtlib.missing.png
[22:04:12] [Client thread/ERROR]: -------------------------
[22:04:12] [Client thread/ERROR]:     No other errors exist for domain minecraft
[22:04:12] [Client thread/ERROR]: ==================================================
[22:04:12] [Client thread/ERROR]: ==================================================
[22:04:12] [Client thread/ERROR]:   DOMAIN missing_icon_block_440_rtm
[22:04:12] [Client thread/ERROR]: --------------------------------------------------
[22:04:12] [Client thread/ERROR]:   domain missing_icon_block_440_rtm is missing 1 texture
[22:04:12] [Client thread/ERROR]:     domain missing_icon_block_440_rtm is missing a resource manager - it is probably a side-effect of automatic texture processing
[22:04:12] [Client thread/ERROR]: -------------------------
[22:04:12] [Client thread/ERROR]:     The missing resources for domain missing_icon_block_440_rtm are:
[22:04:12] [Client thread/ERROR]:       textures/blocks/fluorescent.png
[22:04:12] [Client thread/ERROR]: -------------------------
[22:04:12] [Client thread/ERROR]:     No other errors exist for domain missing_icon_block_440_rtm
[22:04:12] [Client thread/ERROR]: ==================================================
[22:04:12] [Client thread/ERROR]: ==================================================
[22:04:12] [Client thread/ERROR]:   DOMAIN missing_icon_block_472_rtm
[22:04:12] [Client thread/ERROR]: --------------------------------------------------
[22:04:12] [Client thread/ERROR]:   domain missing_icon_block_472_rtm is missing 1 texture
[22:04:12] [Client thread/ERROR]:     domain missing_icon_block_472_rtm is missing a resource manager - it is probably a side-effect of automatic texture processing
[22:04:12] [Client thread/ERROR]: -------------------------
[22:04:12] [Client thread/ERROR]:     The missing resources for domain missing_icon_block_472_rtm are:
[22:04:12] [Client thread/ERROR]:       textures/blocks/converterCore.png
[22:04:12] [Client thread/ERROR]: -------------------------
[22:04:12] [Client thread/ERROR]:     No other errors exist for domain missing_icon_block_472_rtm
[22:04:12] [Client thread/ERROR]: ==================================================
[22:04:12] [Client thread/ERROR]: ==================================================
[22:04:12] [Client thread/ERROR]:   DOMAIN missing_icon_block_456_rtm
[22:04:12] [Client thread/ERROR]: --------------------------------------------------
[22:04:12] [Client thread/ERROR]:   domain missing_icon_block_456_rtm is missing 1 texture
[22:04:12] [Client thread/ERROR]:     domain missing_icon_block_456_rtm is missing a resource manager - it is probably a side-effect of automatic texture processing
[22:04:12] [Client thread/ERROR]: -------------------------
[22:04:12] [Client thread/ERROR]:     The missing resources for domain missing_icon_block_456_rtm are:
[22:04:12] [Client thread/ERROR]:       textures/blocks/ticketVendor.png
[22:04:12] [Client thread/ERROR]: -------------------------
[22:04:12] [Client thread/ERROR]:     No other errors exist for domain missing_icon_block_456_rtm
[22:04:12] [Client thread/ERROR]: ==================================================
[22:04:12] [Client thread/ERROR]: ==================================================
[22:04:12] [Client thread/ERROR]:   DOMAIN rtm
[22:04:12] [Client thread/ERROR]: --------------------------------------------------
[22:04:12] [Client thread/ERROR]:   domain rtm is missing 1 texture
[22:04:12] [Client thread/ERROR]:     domain rtm has 3 locations:
[22:04:12] [Client thread/ERROR]:       mod RTM resources at C:\.minecraft\1.7.10\mods\src1.7.10_20200822+KaizPatchX-1.10.3.jar
[22:04:12] [Client thread/ERROR]:       mod MCTE resources at C:\.minecraft\1.7.10\mods\src1.7.10_20200822+KaizPatchX-1.10.3.jar
[22:04:12] [Client thread/ERROR]:       mod NGTLib resources at C:\.minecraft\1.7.10\mods\src1.7.10_20200822+KaizPatchX-1.10.3.jar
[22:04:12] [Client thread/ERROR]: -------------------------
[22:04:12] [Client thread/ERROR]:     The missing resources for domain rtm are:
[22:04:12] [Client thread/ERROR]:       textures/blocks/connector.png
[22:04:12] [Client thread/ERROR]: -------------------------
[22:04:12] [Client thread/ERROR]:     No other errors exist for domain rtm
[22:04:12] [Client thread/ERROR]: ==================================================
[22:04:12] [Client thread/ERROR]: ==================================================
[22:04:12] [Client thread/ERROR]:   DOMAIN missing_icon_block_454_rtm
[22:04:12] [Client thread/ERROR]: --------------------------------------------------
[22:04:12] [Client thread/ERROR]:   domain missing_icon_block_454_rtm is missing 1 texture
[22:04:12] [Client thread/ERROR]:     domain missing_icon_block_454_rtm is missing a resource manager - it is probably a side-effect of automatic texture processing
[22:04:12] [Client thread/ERROR]: -------------------------
[22:04:12] [Client thread/ERROR]:     The missing resources for domain missing_icon_block_454_rtm are:
[22:04:12] [Client thread/ERROR]:       textures/blocks/signboard.png
[22:04:12] [Client thread/ERROR]: -------------------------
[22:04:12] [Client thread/ERROR]:     No other errors exist for domain missing_icon_block_454_rtm
[22:04:12] [Client thread/ERROR]: ==================================================
[22:04:12] [Client thread/ERROR]: ==================================================
[22:04:12] [Client thread/ERROR]:   DOMAIN missing_icon_block_465_rtm
[22:04:12] [Client thread/ERROR]: --------------------------------------------------
[22:04:12] [Client thread/ERROR]:   domain missing_icon_block_465_rtm is missing 1 texture
[22:04:12] [Client thread/ERROR]:     domain missing_icon_block_465_rtm is missing a resource manager - it is probably a side-effect of automatic texture processing
[22:04:12] [Client thread/ERROR]: -------------------------
[22:04:12] [Client thread/ERROR]:     The missing resources for domain missing_icon_block_465_rtm are:
[22:04:12] [Client thread/ERROR]:       textures/blocks/pipe.png
[22:04:12] [Client thread/ERROR]: -------------------------
[22:04:12] [Client thread/ERROR]:     No other errors exist for domain missing_icon_block_465_rtm
[22:04:12] [Client thread/ERROR]: ==================================================
[22:04:12] [Client thread/ERROR]: ==================================================
[22:04:12] [Client thread/ERROR]:   DOMAIN missing_icon_block_452_rtm
[22:04:12] [Client thread/ERROR]: --------------------------------------------------
[22:04:12] [Client thread/ERROR]:   domain missing_icon_block_452_rtm is missing 1 texture
[22:04:12] [Client thread/ERROR]:     domain missing_icon_block_452_rtm is missing a resource manager - it is probably a side-effect of automatic texture processing
[22:04:12] [Client thread/ERROR]: -------------------------
[22:04:12] [Client thread/ERROR]:     The missing resources for domain missing_icon_block_452_rtm are:
[22:04:12] [Client thread/ERROR]:       textures/blocks/point.png
[22:04:12] [Client thread/ERROR]: -------------------------
[22:04:12] [Client thread/ERROR]:     No other errors exist for domain missing_icon_block_452_rtm
[22:04:12] [Client thread/ERROR]: ==================================================
[22:04:12] [Client thread/ERROR]: ==================================================
[22:04:12] [Client thread/ERROR]:   DOMAIN missing_icon_block_444_rtm
[22:04:12] [Client thread/ERROR]: --------------------------------------------------
[22:04:12] [Client thread/ERROR]:   domain missing_icon_block_444_rtm is missing 1 texture
[22:04:12] [Client thread/ERROR]:     domain missing_icon_block_444_rtm is missing a resource manager - it is probably a side-effect of automatic texture processing
[22:04:12] [Client thread/ERROR]: -------------------------
[22:04:12] [Client thread/ERROR]:     The missing resources for domain missing_icon_block_444_rtm are:
[22:04:12] [Client thread/ERROR]:       textures/blocks/crossing.png
[22:04:12] [Client thread/ERROR]: -------------------------
[22:04:12] [Client thread/ERROR]:     No other errors exist for domain missing_icon_block_444_rtm
[22:04:12] [Client thread/ERROR]: ==================================================
[22:04:12] [Client thread/ERROR]: ==================================================
[22:04:12] [Client thread/ERROR]:   DOMAIN missing_icon_block_462_rtm
[22:04:12] [Client thread/ERROR]: --------------------------------------------------
[22:04:12] [Client thread/ERROR]:   domain missing_icon_block_462_rtm is missing 1 texture
[22:04:12] [Client thread/ERROR]:     domain missing_icon_block_462_rtm is missing a resource manager - it is probably a side-effect of automatic texture processing
[22:04:12] [Client thread/ERROR]: -------------------------
[22:04:12] [Client thread/ERROR]:     The missing resources for domain missing_icon_block_462_rtm are:
[22:04:12] [Client thread/ERROR]:       textures/blocks/speaker.png
[22:04:12] [Client thread/ERROR]: -------------------------
[22:04:12] [Client thread/ERROR]:     No other errors exist for domain missing_icon_block_462_rtm
[22:04:12] [Client thread/ERROR]: ==================================================
[22:04:12] [Client thread/ERROR]: ==================================================
[22:04:12] [Client thread/ERROR]:   DOMAIN missing_icon_block_473_rtm
[22:04:12] [Client thread/ERROR]: --------------------------------------------------
[22:04:12] [Client thread/ERROR]:   domain missing_icon_block_473_rtm is missing 1 texture
[22:04:12] [Client thread/ERROR]:     domain missing_icon_block_473_rtm is missing a resource manager - it is probably a side-effect of automatic texture processing
[22:04:12] [Client thread/ERROR]: -------------------------
[22:04:12] [Client thread/ERROR]:     The missing resources for domain missing_icon_block_473_rtm are:
[22:04:12] [Client thread/ERROR]:       textures/blocks/converterBase.png
[22:04:12] [Client thread/ERROR]: -------------------------
[22:04:12] [Client thread/ERROR]:     No other errors exist for domain missing_icon_block_473_rtm
[22:04:12] [Client thread/ERROR]: ==================================================
[22:04:12] [Client thread/ERROR]: ==================================================
[22:04:12] [Client thread/ERROR]:   DOMAIN missing_icon_block_481_rtm
[22:04:12] [Client thread/ERROR]: --------------------------------------------------
[22:04:12] [Client thread/ERROR]:   domain missing_icon_block_481_rtm is missing 1 texture
[22:04:12] [Client thread/ERROR]:     domain missing_icon_block_481_rtm is missing a resource manager - it is probably a side-effect of automatic texture processing
[22:04:12] [Client thread/ERROR]: -------------------------
[22:04:12] [Client thread/ERROR]:     The missing resources for domain missing_icon_block_481_rtm are:
[22:04:12] [Client thread/ERROR]:       textures/blocks/paint.png
[22:04:12] [Client thread/ERROR]: -------------------------
[22:04:12] [Client thread/ERROR]:     No other errors exist for domain missing_icon_block_481_rtm
[22:04:12] [Client thread/ERROR]: ==================================================
[22:04:12] [Client thread/ERROR]: ==================================================
[22:04:12] [Client thread/ERROR]:   DOMAIN missing_icon_block_451_rtm
[22:04:12] [Client thread/ERROR]: --------------------------------------------------
[22:04:12] [Client thread/ERROR]:   domain missing_icon_block_451_rtm is missing 1 texture
[22:04:12] [Client thread/ERROR]:     domain missing_icon_block_451_rtm is missing a resource manager - it is probably a side-effect of automatic texture processing
[22:04:12] [Client thread/ERROR]: -------------------------
[22:04:12] [Client thread/ERROR]:     The missing resources for domain missing_icon_block_451_rtm are:
[22:04:12] [Client thread/ERROR]:       textures/blocks/turnstile.png
[22:04:12] [Client thread/ERROR]: -------------------------
[22:04:12] [Client thread/ERROR]:     No other errors exist for domain missing_icon_block_451_rtm
[22:04:12] [Client thread/ERROR]: ==================================================
[22:04:12] [Client thread/ERROR]: ==================================================
[22:04:12] [Client thread/ERROR]:   DOMAIN missing_icon_block_486_mcte
[22:04:12] [Client thread/ERROR]: --------------------------------------------------
[22:04:12] [Client thread/ERROR]:   domain missing_icon_block_486_mcte is missing 1 texture
[22:04:12] [Client thread/ERROR]:     domain missing_icon_block_486_mcte is missing a resource manager - it is probably a side-effect of automatic texture processing
[22:04:12] [Client thread/ERROR]: -------------------------
[22:04:12] [Client thread/ERROR]:     The missing resources for domain missing_icon_block_486_mcte are:
[22:04:12] [Client thread/ERROR]:       textures/blocks/miniature.png
[22:04:12] [Client thread/ERROR]: -------------------------
[22:04:12] [Client thread/ERROR]:     No other errors exist for domain missing_icon_block_486_mcte
[22:04:12] [Client thread/ERROR]: ==================================================
[22:04:12] [Client thread/ERROR]: +=+=+=+=+=+=+=+=+=+=+=+=+=+=+=+=+=+=+=+=+=+=+=+=+=
[22:04:16] [RTM ModelPack Load/INFO]: Load time:6780494700
[22:04:50] [Server thread/INFO]: Starting integrated minecraft server version 1.7.10
[22:04:50] [Server thread/INFO]: Generating keypair
[22:04:50] [Server thread/INFO]: Injecting existing block and item data into this server instance
[22:04:50] [Server thread/INFO]: Applying holder lookups
[22:04:50] [Server thread/INFO]: Holder lookups applied
[22:04:50] [Server thread/INFO]: Loading dimension 0 (新規ワールド のコピー) (net.minecraft.server.integrated.IntegratedServer@7052b6cc)
[22:04:50] [Server thread/INFO]: Loading dimension 1 (新規ワールド のコピー) (net.minecraft.server.integrated.IntegratedServer@7052b6cc)
[22:04:50] [Server thread/INFO]: Loading dimension -1 (新規ワールド のコピー) (net.minecraft.server.integrated.IntegratedServer@7052b6cc)
[22:04:50] [Server thread/INFO]: Preparing start region for level 0
[22:04:50] [Server thread/INFO]: Clear 0 Editors
[22:04:51] [Server thread/INFO]: Changing view distance to 16, from 10
[22:04:51] [Netty Client IO #0/INFO]: Server protocol version 2
[22:04:51] [Netty IO #1/INFO]: Client protocol version 2
[22:04:51] [Netty IO #1/INFO]: Client attempting to join with 8 mods : MCTE@1.7.10.16 KaizPatchX/1.10.3,NGTLib@1.7.10.32 KaizPatchX/1.10.3,FML@7.10.99.99,BambooMod@Minecraft@MC_VERSION@ var@VERSION@,worldedit@6.1.1,Forge@10.13.4.1614,RTM@1.7.10.41 KaizPatchX/1.10.3,mcp@9.05
[22:04:51] [Netty IO #1/INFO]: Attempting connection with missing mods [] at CLIENT
[22:04:51] [Netty Client IO #0/INFO]: Attempting connection with missing mods [] at SERVER
[22:04:51] [Server thread/INFO]: [Server thread] Server side modded connection established
[22:04:51] [Client thread/INFO]: [Client thread] Client side modded connection established
[22:04:51] [Server thread/INFO]: hi03[local:E:ce36b98d] logged in with entity id 215 at (405.6497219127969, 10.490602584518482, -23.683989069977077)
[22:04:51] [Server thread/INFO]: hi03 がゲームに参加しました
[22:04:59] [Client thread/INFO]: [SuperRailBuilderX RailPosition] candidate scan: look=413.496,4.063,-14.080, candidates=1, railTiles=9, uniqueCores=1, missingCores=0, unsupportedCores=0, sectionedCores=0, invalidPositions=0, outOfRangePositions=1, errors=0
[22:05:00] [Client thread/INFO]: [CHAT] [SuperRailBuilderX] 移動を適用中...
[22:05:00] [Server thread/INFO]: [java.lang.Throwable$WrappedPrintStream:println:748]: java.lang.RuntimeException: Script exec error : onUpdate
[22:05:00] [Server thread/INFO]: [java.lang.Throwable$WrappedPrintStream:println:748]: 	at jp.ngt.ngtlib.io.ScriptUtil.doScriptFunction(ScriptUtil.java:60)
[22:05:00] [Server thread/INFO]: [java.lang.Throwable$WrappedPrintStream:println:748]: 	at jp.ngt.ngtlib.io.ScriptUtil.doScriptIgnoreError(ScriptUtil.java:66)
[22:05:00] [Server thread/INFO]: [java.lang.Throwable$WrappedPrintStream:println:748]: 	at jp.ngt.rtm.modelpack.ScriptExecuter.callMethod(ScriptExecuter.java:24)
[22:05:00] [Server thread/INFO]: [java.lang.Throwable$WrappedPrintStream:println:748]: 	at jp.ngt.rtm.modelpack.ScriptExecuter.execScript(ScriptExecuter.java:36)
[22:05:00] [Server thread/INFO]: [java.lang.Throwable$WrappedPrintStream:println:748]: 	at jp.ngt.rtm.modelpack.ScriptExecuter.execScript(ScriptExecuter.java:30)
[22:05:00] [Server thread/INFO]: [java.lang.Throwable$WrappedPrintStream:println:748]: 	at jp.ngt.rtm.entity.vehicle.EntityVehicleBase.onVehicleUpdate(EntityVehicleBase.java:203)
[22:05:00] [Server thread/INFO]: [java.lang.Throwable$WrappedPrintStream:println:748]: 	at jp.ngt.rtm.entity.vehicle.EntityVehicle.onVehicleUpdate(EntityVehicle.java:66)
[22:05:00] [Server thread/INFO]: [java.lang.Throwable$WrappedPrintStream:println:748]: 	at jp.ngt.rtm.entity.vehicle.EntityVehicleBase.func_70071_h_(EntityVehicleBase.java:168)
[22:05:00] [Server thread/INFO]: [java.lang.Throwable$WrappedPrintStream:println:748]: 	at net.minecraft.entity.Entity.func_70098_U(Entity.java:1579)
[22:05:00] [Server thread/INFO]: [java.lang.Throwable$WrappedPrintStream:println:748]: 	at net.minecraft.world.World.func_72866_a(World.java:2066)
[22:05:00] [Server thread/INFO]: [java.lang.Throwable$WrappedPrintStream:println:748]: 	at net.minecraft.world.WorldServer.func_72866_a(WorldServer.java:648)
[22:05:00] [Server thread/INFO]: [java.lang.Throwable$WrappedPrintStream:println:748]: 	at net.minecraft.world.World.func_72870_g(World.java:2034)
[22:05:00] [Server thread/INFO]: [java.lang.Throwable$WrappedPrintStream:println:748]: 	at net.minecraft.world.World.func_72866_a(World.java:2129)
[22:05:00] [Server thread/INFO]: [java.lang.Throwable$WrappedPrintStream:println:748]: 	at net.minecraft.world.WorldServer.func_72866_a(WorldServer.java:648)
[22:05:00] [Server thread/INFO]: [java.lang.Throwable$WrappedPrintStream:println:748]: 	at net.minecraft.world.World.func_72870_g(World.java:2034)
[22:05:00] [Server thread/INFO]: [java.lang.Throwable$WrappedPrintStream:println:748]: 	at net.minecraft.world.World.func_72939_s(World.java:1887)
[22:05:00] [Server thread/INFO]: [java.lang.Throwable$WrappedPrintStream:println:748]: 	at net.minecraft.world.WorldServer.func_72939_s(WorldServer.java:489)
[22:05:00] [Server thread/INFO]: [java.lang.Throwable$WrappedPrintStream:println:748]: 	at net.minecraft.server.MinecraftServer.func_71190_q(MinecraftServer.java:636)
[22:05:00] [Server thread/INFO]: [java.lang.Throwable$WrappedPrintStream:println:748]: 	at net.minecraft.server.MinecraftServer.func_71217_p(MinecraftServer.java:547)
[22:05:00] [Server thread/INFO]: [java.lang.Throwable$WrappedPrintStream:println:748]: 	at net.minecraft.server.integrated.IntegratedServer.func_71217_p(IntegratedServer.java:111)
[22:05:00] [Server thread/INFO]: [java.lang.Throwable$WrappedPrintStream:println:748]: 	at net.minecraft.server.MinecraftServer.run(MinecraftServer.java:427)
[22:05:00] [Server thread/INFO]: [java.lang.Throwable$WrappedPrintStream:println:748]: 	at net.minecraft.server.MinecraftServer$2.run(MinecraftServer.java:685)
[22:05:00] [Server thread/INFO]: [java.lang.Throwable$WrappedPrintStream:println:748]: Caused by: javax.script.ScriptException: TypeError: jp.kaiz.kaizpatch.rtm.rail.TileEntityLargeRailSectionCore@3eea27f5 has no such function "getWorldObj" in <eval> at line number 4573
[22:05:00] [Server thread/INFO]: [java.lang.Throwable$WrappedPrintStream:println:748]: 	at jdk.nashorn.api.scripting.NashornScriptEngine.throwAsScriptException(NashornScriptEngine.java:455)
[22:05:00] [Server thread/INFO]: [java.lang.Throwable$WrappedPrintStream:println:748]: 	at jdk.nashorn.api.scripting.NashornScriptEngine.invokeImpl(NashornScriptEngine.java:387)
[22:05:00] [Server thread/INFO]: [java.lang.Throwable$WrappedPrintStream:println:748]: 	at jdk.nashorn.api.scripting.NashornScriptEngine.invokeFunction(NashornScriptEngine.java:187)
[22:05:00] [Server thread/INFO]: [java.lang.Throwable$WrappedPrintStream:println:748]: 	at jp.ngt.ngtlib.io.ScriptUtil.doScriptFunction(ScriptUtil.java:58)
[22:05:00] [Server thread/INFO]: [java.lang.Throwable$WrappedPrintStream:println:748]: 	... 21 more
[22:05:00] [Server thread/INFO]: [java.lang.Throwable$WrappedPrintStream:println:748]: Caused by: <eval>:4573 TypeError: jp.kaiz.kaizpatch.rtm.rail.TileEntityLargeRailSectionCore@3eea27f5 has no such function "getWorldObj"
[22:05:00] [Server thread/INFO]: [java.lang.Throwable$WrappedPrintStream:println:748]: 	at jdk.nashorn.internal.runtime.ECMAErrors.error(ECMAErrors.java:57)
[22:05:00] [Server thread/INFO]: [java.lang.Throwable$WrappedPrintStream:println:748]: 	at jdk.nashorn.internal.runtime.ECMAErrors.typeError(ECMAErrors.java:213)
[22:05:00] [Server thread/INFO]: [java.lang.Throwable$WrappedPrintStream:println:748]: 	at jdk.nashorn.internal.runtime.ECMAErrors.typeError(ECMAErrors.java:185)
[22:05:00] [Server thread/INFO]: [java.lang.Throwable$WrappedPrintStream:println:748]: 	at jdk.nashorn.internal.runtime.ECMAErrors.typeError(ECMAErrors.java:172)
[22:05:00] [Server thread/INFO]: [java.lang.Throwable$WrappedPrintStream:println:748]: 	at jdk.nashorn.internal.runtime.linker.NashornBottomLinker.linkBean(NashornBottomLinker.java:103)
[22:05:00] [Server thread/INFO]: [java.lang.Throwable$WrappedPrintStream:println:748]: 	at jdk.nashorn.internal.runtime.linker.NashornBottomLinker.getGuardedInvocation(NashornBottomLinker.java:71)
[22:05:00] [Server thread/INFO]: [java.lang.Throwable$WrappedPrintStream:println:748]: 	at jdk.internal.dynalink.support.CompositeGuardingDynamicLinker.getGuardedInvocation(CompositeGuardingDynamicLinker.java:124)
[22:05:00] [Server thread/INFO]: [java.lang.Throwable$WrappedPrintStream:println:748]: 	at jdk.internal.dynalink.support.LinkerServicesImpl.getGuardedInvocation(LinkerServicesImpl.java:149)
[22:05:00] [Server thread/INFO]: [java.lang.Throwable$WrappedPrintStream:println:748]: 	at jdk.internal.dynalink.DynamicLinker.relink(DynamicLinker.java:233)
[22:05:00] [Server thread/INFO]: [java.lang.Throwable$WrappedPrintStream:println:748]: 	at jdk.nashorn.internal.scripts.Script$Recompilation$7614$188583AAAAAAAA$\^eval\_.RTMX_loadCompatTarget_kaizpatch_scripts_superrailbuilderx_RailPositionCompat_1suqebq$L:4466$RailPositionCompat$moveSectionedRailPosition(<eval>:4573)
[22:05:00] [Server thread/INFO]: [java.lang.Throwable$WrappedPrintStream:println:748]: 	at jdk.nashorn.internal.scripts.Script$Recompilation$7610$187411AAAAAAAA$\^eval\_.RTMX_loadCompatTarget_kaizpatch_scripts_superrailbuilderx_RailPositionCompat_1suqebq$L:4466$RailPositionCompat$moveRailPosition(<eval>:4537)
[22:05:00] [Server thread/INFO]: [java.lang.Throwable$WrappedPrintStream:println:748]: 	at jdk.nashorn.internal.scripts.Script$Recompilation$7607$200380AA$\^eval\_.applyRequest(<eval>:4807)
[22:05:00] [Server thread/INFO]: [java.lang.Throwable$WrappedPrintStream:println:748]: 	at jdk.nashorn.internal.scripts.Script$Recompilation$7571$201151AA$\^eval\_.onUpdate(<eval>:4843)
[22:05:00] [Server thread/INFO]: [java.lang.Throwable$WrappedPrintStream:println:748]: 	at jdk.nashorn.internal.runtime.ScriptFunctionData.invoke(ScriptFunctionData.java:640)
[22:05:00] [Server thread/INFO]: [java.lang.Throwable$WrappedPrintStream:println:748]: 	at jdk.nashorn.internal.runtime.ScriptFunction.invoke(ScriptFunction.java:229)
[22:05:00] [Server thread/INFO]: [java.lang.Throwable$WrappedPrintStream:println:748]: 	at jdk.nashorn.internal.runtime.ScriptRuntime.apply(ScriptRuntime.java:387)
[22:05:00] [Server thread/INFO]: [java.lang.Throwable$WrappedPrintStream:println:748]: 	at jdk.nashorn.api.scripting.ScriptObjectMirror.callMember(ScriptObjectMirror.java:192)
[22:05:00] [Server thread/INFO]: [java.lang.Throwable$WrappedPrintStream:println:748]: 	at jdk.nashorn.api.scripting.NashornScriptEngine.invokeImpl(NashornScriptEngine.java:381)
[22:05:00] [Server thread/INFO]: [java.lang.Throwable$WrappedPrintStream:println:748]: 	... 23 more
[22:05:00] [Server thread/INFO]: [java.lang.Throwable$WrappedPrintStream:println:748]: java.lang.RuntimeException: Script exec error : onUpdate
[22:05:00] [Server thread/INFO]: [java.lang.Throwable$WrappedPrintStream:println:748]: 	at jp.ngt.ngtlib.io.ScriptUtil.doScriptFunction(ScriptUtil.java:60)
[22:05:00] [Server thread/INFO]: [java.lang.Throwable$WrappedPrintStream:println:748]: 	at jp.ngt.ngtlib.io.ScriptUtil.doScriptIgnoreError(ScriptUtil.java:66)
[22:05:00] [Server thread/INFO]: [java.lang.Throwable$WrappedPrintStream:println:748]: 	at jp.ngt.rtm.modelpack.ScriptExecuter.callMethod(ScriptExecuter.java:24)
[22:05:00] [Server thread/INFO]: [java.lang.Throwable$WrappedPrintStream:println:748]: 	at jp.ngt.rtm.modelpack.ScriptExecuter.execScript(ScriptExecuter.java:36)
[22:05:00] [Server thread/INFO]: [java.lang.Throwable$WrappedPrintStream:println:748]: 	at jp.ngt.rtm.modelpack.ScriptExecuter.execScript(ScriptExecuter.java:30)
[22:05:00] [Server thread/INFO]: [java.lang.Throwable$WrappedPrintStream:println:748]: 	at jp.ngt.rtm.entity.vehicle.EntityVehicleBase.onVehicleUpdate(EntityVehicleBase.java:203)
[22:05:00] [Server thread/INFO]: [java.lang.Throwable$WrappedPrintStream:println:748]: 	at jp.ngt.rtm.entity.vehicle.EntityVehicle.onVehicleUpdate(EntityVehicle.java:66)
[22:05:00] [Server thread/INFO]: [java.lang.Throwable$WrappedPrintStream:println:748]: 	at jp.ngt.rtm.entity.vehicle.EntityVehicleBase.func_70071_h_(EntityVehicleBase.java:168)
[22:05:00] [Server thread/INFO]: [java.lang.Throwable$WrappedPrintStream:println:748]: 	at net.minecraft.entity.Entity.func_70098_U(Entity.java:1579)
[22:05:00] [Server thread/INFO]: [java.lang.Throwable$WrappedPrintStream:println:748]: 	at net.minecraft.world.World.func_72866_a(World.java:2066)
[22:05:00] [Server thread/INFO]: [java.lang.Throwable$WrappedPrintStream:println:748]: 	at net.minecraft.world.WorldServer.func_72866_a(WorldServer.java:648)
[22:05:00] [Server thread/INFO]: [java.lang.Throwable$WrappedPrintStream:println:748]: 	at net.minecraft.world.World.func_72870_g(World.java:2034)
[22:05:00] [Server thread/INFO]: [java.lang.Throwable$WrappedPrintStream:println:748]: 	at net.minecraft.world.World.func_72866_a(World.java:2129)
[22:05:00] [Server thread/INFO]: [java.lang.Throwable$WrappedPrintStream:println:748]: 	at net.minecraft.world.WorldServer.func_72866_a(WorldServer.java:648)
[22:05:00] [Server thread/INFO]: [java.lang.Throwable$WrappedPrintStream:println:748]: 	at net.minecraft.world.World.func_72870_g(World.java:2034)
[22:05:00] [Server thread/INFO]: [java.lang.Throwable$WrappedPrintStream:println:748]: 	at net.minecraft.world.World.func_72939_s(World.java:1887)
[22:05:00] [Server thread/INFO]: [java.lang.Throwable$WrappedPrintStream:println:748]: 	at net.minecraft.world.WorldServer.func_72939_s(WorldServer.java:489)
[22:05:00] [Server thread/INFO]: [java.lang.Throwable$WrappedPrintStream:println:748]: 	at net.minecraft.server.MinecraftServer.func_71190_q(MinecraftServer.java:636)
[22:05:00] [Server thread/INFO]: [java.lang.Throwable$WrappedPrintStream:println:748]: 	at net.minecraft.server.MinecraftServer.func_71217_p(MinecraftServer.java:547)
[22:05:00] [Server thread/INFO]: [java.lang.Throwable$WrappedPrintStream:println:748]: 	at net.minecraft.server.integrated.IntegratedServer.func_71217_p(IntegratedServer.java:111)
[22:05:00] [Server thread/INFO]: [java.lang.Throwable$WrappedPrintStream:println:748]: 	at net.minecraft.server.MinecraftServer.run(MinecraftServer.java:427)
[22:05:00] [Server thread/INFO]: [java.lang.Throwable$WrappedPrintStream:println:748]: 	at net.minecraft.server.MinecraftServer$2.run(MinecraftServer.java:685)
[22:05:00] [Server thread/INFO]: [java.lang.Throwable$WrappedPrintStream:println:748]: Caused by: javax.script.ScriptException: TypeError: jp.kaiz.kaizpatch.rtm.rail.TileEntityLargeRailSectionCore@3eea27f5 has no such function "getWorldObj" in <eval> at line number 4573
[22:05:00] [Server thread/INFO]: [java.lang.Throwable$WrappedPrintStream:println:748]: 	at jdk.nashorn.api.scripting.NashornScriptEngine.throwAsScriptException(NashornScriptEngine.java:455)
[22:05:00] [Server thread/INFO]: [java.lang.Throwable$WrappedPrintStream:println:748]: 	at jdk.nashorn.api.scripting.NashornScriptEngine.invokeImpl(NashornScriptEngine.java:387)
[22:05:00] [Server thread/INFO]: [java.lang.Throwable$WrappedPrintStream:println:748]: 	at jdk.nashorn.api.scripting.NashornScriptEngine.invokeFunction(NashornScriptEngine.java:187)
[22:05:00] [Server thread/INFO]: [java.lang.Throwable$WrappedPrintStream:println:748]: 	at jp.ngt.ngtlib.io.ScriptUtil.doScriptFunction(ScriptUtil.java:58)
[22:05:00] [Server thread/INFO]: [java.lang.Throwable$WrappedPrintStream:println:748]: 	... 21 more
[22:05:00] [Server thread/INFO]: [java.lang.Throwable$WrappedPrintStream:println:748]: Caused by: <eval>:4573 TypeError: jp.kaiz.kaizpatch.rtm.rail.TileEntityLargeRailSectionCore@3eea27f5 has no such function "getWorldObj"
[22:05:00] [Server thread/INFO]: [java.lang.Throwable$WrappedPrintStream:println:748]: 	at jdk.nashorn.internal.runtime.ECMAErrors.error(ECMAErrors.java:57)
[22:05:00] [Server thread/INFO]: [java.lang.Throwable$WrappedPrintStream:println:748]: 	at jdk.nashorn.internal.runtime.ECMAErrors.typeError(ECMAErrors.java:213)
[22:05:00] [Server thread/INFO]: [java.lang.Throwable$WrappedPrintStream:println:748]: 	at jdk.nashorn.internal.runtime.ECMAErrors.typeError(ECMAErrors.java:185)
[22:05:00] [Server thread/INFO]: [java.lang.Throwable$WrappedPrintStream:println:748]: 	at jdk.nashorn.internal.runtime.ECMAErrors.typeError(ECMAErrors.java:172)
[22:05:00] [Server thread/INFO]: [java.lang.Throwable$WrappedPrintStream:println:748]: 	at jdk.nashorn.internal.runtime.linker.NashornBottomLinker.linkBean(NashornBottomLinker.java:103)
[22:05:00] [Server thread/INFO]: [java.lang.Throwable$WrappedPrintStream:println:748]: 	at jdk.nashorn.internal.runtime.linker.NashornBottomLinker.getGuardedInvocation(NashornBottomLinker.java:71)
[22:05:00] [Server thread/INFO]: [java.lang.Throwable$WrappedPrintStream:println:748]: 	at jdk.internal.dynalink.support.CompositeGuardingDynamicLinker.getGuardedInvocation(CompositeGuardingDynamicLinker.java:124)
[22:05:00] [Server thread/INFO]: [java.lang.Throwable$WrappedPrintStream:println:748]: 	at jdk.internal.dynalink.support.LinkerServicesImpl.getGuardedInvocation(LinkerServicesImpl.java:149)
[22:05:00] [Server thread/INFO]: [java.lang.Throwable$WrappedPrintStream:println:748]: 	at jdk.internal.dynalink.DynamicLinker.relink(DynamicLinker.java:233)
[22:05:00] [Server thread/INFO]: [java.lang.Throwable$WrappedPrintStream:println:748]: 	at jdk.nashorn.internal.scripts.Script$Recompilation$7614$188583AAAAAAAA$\^eval\_.RTMX_loadCompatTarget_kaizpatch_scripts_superrailbuilderx_RailPositionCompat_1suqebq$L:4466$RailPositionCompat$moveSectionedRailPosition(<eval>:4573)
[22:05:00] [Server thread/INFO]: [java.lang.Throwable$WrappedPrintStream:println:748]: 	at jdk.nashorn.internal.scripts.Script$Recompilation$7610$187411AAAAAAAA$\^eval\_.RTMX_loadCompatTarget_kaizpatch_scripts_superrailbuilderx_RailPositionCompat_1suqebq$L:4466$RailPositionCompat$moveRailPosition(<eval>:4537)
[22:05:00] [Server thread/INFO]: [java.lang.Throwable$WrappedPrintStream:println:748]: 	at jdk.nashorn.internal.scripts.Script$Recompilation$7607$200380AA$\^eval\_.applyRequest(<eval>:4807)
[22:05:00] [Server thread/INFO]: [java.lang.Throwable$WrappedPrintStream:println:748]: 	at jdk.nashorn.internal.scripts.Script$Recompilation$7571$201151AA$\^eval\_.onUpdate(<eval>:4843)
[22:05:00] [Server thread/INFO]: [java.lang.Throwable$WrappedPrintStream:println:748]: 	at jdk.nashorn.internal.runtime.ScriptFunctionData.invoke(ScriptFunctionData.java:640)
[22:05:00] [Server thread/INFO]: [java.lang.Throwable$WrappedPrintStream:println:748]: 	at jdk.nashorn.internal.runtime.ScriptFunction.invoke(ScriptFunction.java:229)
[22:05:00] [Server thread/INFO]: [java.lang.Throwable$WrappedPrintStream:println:748]: 	at jdk.nashorn.internal.runtime.ScriptRuntime.apply(ScriptRuntime.java:387)
[22:05:00] [Server thread/INFO]: [java.lang.Throwable$WrappedPrintStream:println:748]: 	at jdk.nashorn.api.scripting.ScriptObjectMirror.callMember(ScriptObjectMirror.java:192)
[22:05:00] [Server thread/INFO]: [java.lang.Throwable$WrappedPrintStream:println:748]: 	at jdk.nashorn.api.scripting.NashornScriptEngine.invokeImpl(NashornScriptEngine.java:381)
[22:05:00] [Server thread/INFO]: [java.lang.Throwable$WrappedPrintStream:println:748]: 	... 23 more
[22:05:00] [Server thread/INFO]: [java.lang.Throwable$WrappedPrintStream:println:748]: java.lang.RuntimeException: Script exec error : onUpdate
[22:05:00] [Server thread/INFO]: [java.lang.Throwable$WrappedPrintStream:println:748]: 	at jp.ngt.ngtlib.io.ScriptUtil.doScriptFunction(ScriptUtil.java:60)
[22:05:00] [Server thread/INFO]: [java.lang.Throwable$WrappedPrintStream:println:748]: 	at jp.ngt.ngtlib.io.ScriptUtil.doScriptIgnoreError(ScriptUtil.java:66)
[22:05:00] [Server thread/INFO]: [java.lang.Throwable$WrappedPrintStream:println:748]: 	at jp.ngt.rtm.modelpack.ScriptExecuter.callMethod(ScriptExecuter.java:24)
[22:05:00] [Server thread/INFO]: [java.lang.Throwable$WrappedPrintStream:println:748]: 	at jp.ngt.rtm.modelpack.ScriptExecuter.execScript(ScriptExecuter.java:36)
[22:05:00] [Server thread/INFO]: [java.lang.Throwable$WrappedPrintStream:println:748]: 	at jp.ngt.rtm.modelpack.ScriptExecuter.execScript(ScriptExecuter.java:30)
[22:05:00] [Server thread/INFO]: [java.lang.Throwable$WrappedPrintStream:println:748]: 	at jp.ngt.rtm.entity.vehicle.EntityVehicleBase.onVehicleUpdate(EntityVehicleBase.java:203)
[22:05:00] [Server thread/INFO]: [java.lang.Throwable$WrappedPrintStream:println:748]: 	at jp.ngt.rtm.entity.vehicle.EntityVehicle.onVehicleUpdate(EntityVehicle.java:66)
[22:05:00] [Server thread/INFO]: [java.lang.Throwable$WrappedPrintStream:println:748]: 	at jp.ngt.rtm.entity.vehicle.EntityVehicleBase.func_70071_h_(EntityVehicleBase.java:168)
[22:05:00] [Server thread/INFO]: [java.lang.Throwable$WrappedPrintStream:println:748]: 	at net.minecraft.entity.Entity.func_70098_U(Entity.java:1579)
[22:05:00] [Server thread/INFO]: [java.lang.Throwable$WrappedPrintStream:println:748]: 	at net.minecraft.world.World.func_72866_a(World.java:2066)
[22:05:00] [Server thread/INFO]: [java.lang.Throwable$WrappedPrintStream:println:748]: 	at net.minecraft.world.WorldServer.func_72866_a(WorldServer.java:648)
[22:05:00] [Server thread/INFO]: [java.lang.Throwable$WrappedPrintStream:println:748]: 	at net.minecraft.world.World.func_72870_g(World.java:2034)
[22:05:00] [Server thread/INFO]: [java.lang.Throwable$WrappedPrintStream:println:748]: 	at net.minecraft.world.World.func_72866_a(World.java:2129)
[22:05:00] [Server thread/INFO]: [java.lang.Throwable$WrappedPrintStream:println:748]: 	at net.minecraft.world.WorldServer.func_72866_a(WorldServer.java:648)
[22:05:00] [Server thread/INFO]: [java.lang.Throwable$WrappedPrintStream:println:748]: 	at net.minecraft.world.World.func_72870_g(World.java:2034)
[22:05:00] [Server thread/INFO]: [java.lang.Throwable$WrappedPrintStream:println:748]: 	at net.minecraft.world.World.func_72939_s(World.java:1887)
[22:05:00] [Server thread/INFO]: [java.lang.Throwable$WrappedPrintStream:println:748]: 	at net.minecraft.world.WorldServer.func_72939_s(WorldServer.java:489)
[22:05:00] [Server thread/INFO]: [java.lang.Throwable$WrappedPrintStream:println:748]: 	at net.minecraft.server.MinecraftServer.func_71190_q(MinecraftServer.java:636)
[22:05:00] [Server thread/INFO]: [java.lang.Throwable$WrappedPrintStream:println:748]: 	at net.minecraft.server.MinecraftServer.func_71217_p(MinecraftServer.java:547)
[22:05:00] [Server thread/INFO]: [java.lang.Throwable$WrappedPrintStream:println:748]: 	at net.minecraft.server.integrated.IntegratedServer.func_71217_p(IntegratedServer.java:111)
[22:05:00] [Server thread/INFO]: [java.lang.Throwable$WrappedPrintStream:println:748]: 	at net.minecraft.server.MinecraftServer.run(MinecraftServer.java:427)
[22:05:00] [Server thread/INFO]: [java.lang.Throwable$WrappedPrintStream:println:748]: 	at net.minecraft.server.MinecraftServer$2.run(MinecraftServer.java:685)
[22:05:00] [Server thread/INFO]: [java.lang.Throwable$WrappedPrintStream:println:748]: Caused by: javax.script.ScriptException: TypeError: jp.kaiz.kaizpatch.rtm.rail.TileEntityLargeRailSectionCore@3eea27f5 has no such function "getWorldObj" in <eval> at line number 4573
[22:05:00] [Server thread/INFO]: [java.lang.Throwable$WrappedPrintStream:println:748]: 	at jdk.nashorn.api.scripting.NashornScriptEngine.throwAsScriptException(NashornScriptEngine.java:455)
[22:05:00] [Server thread/INFO]: [java.lang.Throwable$WrappedPrintStream:println:748]: 	at jdk.nashorn.api.scripting.NashornScriptEngine.invokeImpl(NashornScriptEngine.java:387)
[22:05:00] [Server thread/INFO]: [java.lang.Throwable$WrappedPrintStream:println:748]: 	at jdk.nashorn.api.scripting.NashornScriptEngine.invokeFunction(NashornScriptEngine.java:187)
[22:05:00] [Server thread/INFO]: [java.lang.Throwable$WrappedPrintStream:println:748]: 	at jp.ngt.ngtlib.io.ScriptUtil.doScriptFunction(ScriptUtil.java:58)
[22:05:00] [Server thread/INFO]: [java.lang.Throwable$WrappedPrintStream:println:748]: 	... 21 more
[22:05:00] [Server thread/INFO]: [java.lang.Throwable$WrappedPrintStream:println:748]: Caused by: <eval>:4573 TypeError: jp.kaiz.kaizpatch.rtm.rail.TileEntityLargeRailSectionCore@3eea27f5 has no such function "getWorldObj"
[22:05:00] [Server thread/INFO]: [java.lang.Throwable$WrappedPrintStream:println:748]: 	at jdk.nashorn.internal.runtime.ECMAErrors.error(ECMAErrors.java:57)
[22:05:00] [Server thread/INFO]: [java.lang.Throwable$WrappedPrintStream:println:748]: 	at jdk.nashorn.internal.runtime.ECMAErrors.typeError(ECMAErrors.java:213)
[22:05:00] [Server thread/INFO]: [java.lang.Throwable$WrappedPrintStream:println:748]: 	at jdk.nashorn.internal.runtime.ECMAErrors.typeError(ECMAErrors.java:185)
[22:05:00] [Server thread/INFO]: [java.lang.Throwable$WrappedPrintStream:println:748]: 	at jdk.nashorn.internal.runtime.ECMAErrors.typeError(ECMAErrors.java:172)
[22:05:00] [Server thread/INFO]: [java.lang.Throwable$WrappedPrintStream:println:748]: 	at jdk.nashorn.internal.runtime.linker.NashornBottomLinker.linkBean(NashornBottomLinker.java:103)
[22:05:00] [Server thread/INFO]: [java.lang.Throwable$WrappedPrintStream:println:748]: 	at jdk.nashorn.internal.runtime.linker.NashornBottomLinker.getGuardedInvocation(NashornBottomLinker.java:71)
[22:05:00] [Server thread/INFO]: [java.lang.Throwable$WrappedPrintStream:println:748]: 	at jdk.internal.dynalink.support.CompositeGuardingDynamicLinker.getGuardedInvocation(CompositeGuardingDynamicLinker.java:124)
[22:05:00] [Server thread/INFO]: [java.lang.Throwable$WrappedPrintStream:println:748]: 	at jdk.internal.dynalink.support.LinkerServicesImpl.getGuardedInvocation(LinkerServicesImpl.java:149)
[22:05:00] [Server thread/INFO]: [java.lang.Throwable$WrappedPrintStream:println:748]: 	at jdk.internal.dynalink.DynamicLinker.relink(DynamicLinker.java:233)
[22:05:00] [Server thread/INFO]: [java.lang.Throwable$WrappedPrintStream:println:748]: 	at jdk.nashorn.internal.scripts.Script$Recompilation$7614$188583AAAAAAAA$\^eval\_.RTMX_loadCompatTarget_kaizpatch_scripts_superrailbuilderx_RailPositionCompat_1suqebq$L:4466$RailPositionCompat$moveSectionedRailPosition(<eval>:4573)
[22:05:00] [Server thread/INFO]: [java.lang.Throwable$WrappedPrintStream:println:748]: 	at jdk.nashorn.internal.scripts.Script$Recompilation$7610$187411AAAAAAAA$\^eval\_.RTMX_loadCompatTarget_kaizpatch_scripts_superrailbuilderx_RailPositionCompat_1suqebq$L:4466$RailPositionCompat$moveRailPosition(<eval>:4537)
[22:05:00] [Server thread/INFO]: [java.lang.Throwable$WrappedPrintStream:println:748]: 	at jdk.nashorn.internal.scripts.Script$Recompilation$7607$200380AA$\^eval\_.applyRequest(<eval>:4807)
[22:05:00] [Server thread/INFO]: [java.lang.Throwable$WrappedPrintStream:println:748]: 	at jdk.nashorn.internal.scripts.Script$Recompilation$7571$201151AA$\^eval\_.onUpdate(<eval>:4843)
[22:05:00] [Server thread/INFO]: [java.lang.Throwable$WrappedPrintStream:println:748]: 	at jdk.nashorn.internal.runtime.ScriptFunctionData.invoke(ScriptFunctionData.java:640)
[22:05:00] [Server thread/INFO]: [java.lang.Throwable$WrappedPrintStream:println:748]: 	at jdk.nashorn.internal.runtime.ScriptFunction.invoke(ScriptFunction.java:229)
[22:05:00] [Server thread/INFO]: [java.lang.Throwable$WrappedPrintStream:println:748]: 	at jdk.nashorn.internal.runtime.ScriptRuntime.apply(ScriptRuntime.java:387)
[22:05:00] [Server thread/INFO]: [java.lang.Throwable$WrappedPrintStream:println:748]: 	at jdk.nashorn.api.scripting.ScriptObjectMirror.callMember(ScriptObjectMirror.java:192)
[22:05:00] [Server thread/INFO]: [java.lang.Throwable$WrappedPrintStream:println:748]: 	at jdk.nashorn.api.scripting.NashornScriptEngine.invokeImpl(NashornScriptEngine.java:381)
[22:05:00] [Server thread/INFO]: [java.lang.Throwable$WrappedPrintStream:println:748]: 	... 23 more
[22:05:00] [Server thread/INFO]: [java.lang.Throwable$WrappedPrintStream:println:748]: java.lang.RuntimeException: Script exec error : onUpdate
[22:05:00] [Server thread/INFO]: [java.lang.Throwable$WrappedPrintStream:println:748]: 	at jp.ngt.ngtlib.io.ScriptUtil.doScriptFunction(ScriptUtil.java:60)
[22:05:00] [Server thread/INFO]: [java.lang.Throwable$WrappedPrintStream:println:748]: 	at jp.ngt.ngtlib.io.ScriptUtil.doScriptIgnoreError(ScriptUtil.java:66)
[22:05:00] [Server thread/INFO]: [java.lang.Throwable$WrappedPrintStream:println:748]: 	at jp.ngt.rtm.modelpack.ScriptExecuter.callMethod(ScriptExecuter.java:24)
[22:05:00] [Server thread/INFO]: [java.lang.Throwable$WrappedPrintStream:println:748]: 	at jp.ngt.rtm.modelpack.ScriptExecuter.execScript(ScriptExecuter.java:36)
[22:05:00] [Server thread/INFO]: [java.lang.Throwable$WrappedPrintStream:println:748]: 	at jp.ngt.rtm.modelpack.ScriptExecuter.execScript(ScriptExecuter.java:30)
[22:05:00] [Server thread/INFO]: [java.lang.Throwable$WrappedPrintStream:println:748]: 	at jp.ngt.rtm.entity.vehicle.EntityVehicleBase.onVehicleUpdate(EntityVehicleBase.java:203)
[22:05:00] [Server thread/INFO]: [java.lang.Throwable$WrappedPrintStream:println:748]: 	at jp.ngt.rtm.entity.vehicle.EntityVehicle.onVehicleUpdate(EntityVehicle.java:66)
[22:05:00] [Server thread/INFO]: [java.lang.Throwable$WrappedPrintStream:println:748]: 	at jp.ngt.rtm.entity.vehicle.EntityVehicleBase.func_70071_h_(EntityVehicleBase.java:168)
[22:05:00] [Server thread/INFO]: [java.lang.Throwable$WrappedPrintStream:println:748]: 	at net.minecraft.entity.Entity.func_70098_U(Entity.java:1579)
[22:05:00] [Server thread/INFO]: [java.lang.Throwable$WrappedPrintStream:println:748]: 	at net.minecraft.world.World.func_72866_a(World.java:2066)
[22:05:00] [Server thread/INFO]: [java.lang.Throwable$WrappedPrintStream:println:748]: 	at net.minecraft.world.WorldServer.func_72866_a(WorldServer.java:648)
[22:05:00] [Server thread/INFO]: [java.lang.Throwable$WrappedPrintStream:println:748]: 	at net.minecraft.world.World.func_72870_g(World.java:2034)
[22:05:00] [Server thread/INFO]: [java.lang.Throwable$WrappedPrintStream:println:748]: 	at net.minecraft.world.World.func_72866_a(World.java:2129)
[22:05:00] [Server thread/INFO]: [java.lang.Throwable$WrappedPrintStream:println:748]: 	at net.minecraft.world.WorldServer.func_72866_a(WorldServer.java:648)
[22:05:00] [Server thread/INFO]: [java.lang.Throwable$WrappedPrintStream:println:748]: 	at net.minecraft.world.World.func_72870_g(World.java:2034)
[22:05:00] [Server thread/INFO]: [java.lang.Throwable$WrappedPrintStream:println:748]: 	at net.minecraft.world.World.func_72939_s(World.java:1887)
[22:05:00] [Server thread/INFO]: [java.lang.Throwable$WrappedPrintStream:println:748]: 	at net.minecraft.world.WorldServer.func_72939_s(WorldServer.java:489)
[22:05:00] [Server thread/INFO]: [java.lang.Throwable$WrappedPrintStream:println:748]: 	at net.minecraft.server.MinecraftServer.func_71190_q(MinecraftServer.java:636)
[22:05:00] [Server thread/INFO]: [java.lang.Throwable$WrappedPrintStream:println:748]: 	at net.minecraft.server.MinecraftServer.func_71217_p(MinecraftServer.java:547)
[22:05:00] [Server thread/INFO]: [java.lang.Throwable$WrappedPrintStream:println:748]: 	at net.minecraft.server.integrated.IntegratedServer.func_71217_p(IntegratedServer.java:111)
[22:05:00] [Server thread/INFO]: [java.lang.Throwable$WrappedPrintStream:println:748]: 	at net.minecraft.server.MinecraftServer.run(MinecraftServer.java:427)
[22:05:00] [Server thread/INFO]: [java.lang.Throwable$WrappedPrintStream:println:748]: 	at net.minecraft.server.MinecraftServer$2.run(MinecraftServer.java:685)
[22:05:00] [Server thread/INFO]: [java.lang.Throwable$WrappedPrintStream:println:748]: Caused by: javax.script.ScriptException: TypeError: jp.kaiz.kaizpatch.rtm.rail.TileEntityLargeRailSectionCore@3eea27f5 has no such function "getWorldObj" in <eval> at line number 4573
[22:05:00] [Server thread/INFO]: [java.lang.Throwable$WrappedPrintStream:println:748]: 	at jdk.nashorn.api.scripting.NashornScriptEngine.throwAsScriptException(NashornScriptEngine.java:455)
[22:05:00] [Server thread/INFO]: [java.lang.Throwable$WrappedPrintStream:println:748]: 	at jdk.nashorn.api.scripting.NashornScriptEngine.invokeImpl(NashornScriptEngine.java:387)
[22:05:00] [Server thread/INFO]: [java.lang.Throwable$WrappedPrintStream:println:748]: 	at jdk.nashorn.api.scripting.NashornScriptEngine.invokeFunction(NashornScriptEngine.java:187)
[22:05:00] [Server thread/INFO]: [java.lang.Throwable$WrappedPrintStream:println:748]: 	at jp.ngt.ngtlib.io.ScriptUtil.doScriptFunction(ScriptUtil.java:58)
[22:05:00] [Server thread/INFO]: [java.lang.Throwable$WrappedPrintStream:println:748]: 	... 21 more
[22:05:00] [Server thread/INFO]: [java.lang.Throwable$WrappedPrintStream:println:748]: Caused by: <eval>:4573 TypeError: jp.kaiz.kaizpatch.rtm.rail.TileEntityLargeRailSectionCore@3eea27f5 has no such function "getWorldObj"
[22:05:00] [Server thread/INFO]: [java.lang.Throwable$WrappedPrintStream:println:748]: 	at jdk.nashorn.internal.runtime.ECMAErrors.error(ECMAErrors.java:57)
[22:05:00] [Server thread/INFO]: [java.lang.Throwable$WrappedPrintStream:println:748]: 	at jdk.nashorn.internal.runtime.ECMAErrors.typeError(ECMAErrors.java:213)
[22:05:00] [Server thread/INFO]: [java.lang.Throwable$WrappedPrintStream:println:748]: 	at jdk.nashorn.internal.runtime.ECMAErrors.typeError(ECMAErrors.java:185)
[22:05:00] [Server thread/INFO]: [java.lang.Throwable$WrappedPrintStream:println:748]: 	at jdk.nashorn.internal.runtime.ECMAErrors.typeError(ECMAErrors.java:172)
[22:05:00] [Server thread/INFO]: [java.lang.Throwable$WrappedPrintStream:println:748]: 	at jdk.nashorn.internal.runtime.linker.NashornBottomLinker.linkBean(NashornBottomLinker.java:103)
[22:05:00] [Server thread/INFO]: [java.lang.Throwable$WrappedPrintStream:println:748]: 	at jdk.nashorn.internal.runtime.linker.NashornBottomLinker.getGuardedInvocation(NashornBottomLinker.java:71)
[22:05:00] [Server thread/INFO]: [java.lang.Throwable$WrappedPrintStream:println:748]: 	at jdk.internal.dynalink.support.CompositeGuardingDynamicLinker.getGuardedInvocation(CompositeGuardingDynamicLinker.java:124)
[22:05:00] [Server thread/INFO]: [java.lang.Throwable$WrappedPrintStream:println:748]: 	at jdk.internal.dynalink.support.LinkerServicesImpl.getGuardedInvocation(LinkerServicesImpl.java:149)
[22:05:00] [Server thread/INFO]: [java.lang.Throwable$WrappedPrintStream:println:748]: 	at jdk.internal.dynalink.DynamicLinker.relink(DynamicLinker.java:233)
[22:05:00] [Server thread/INFO]: [java.lang.Throwable$WrappedPrintStream:println:748]: 	at jdk.nashorn.internal.scripts.Script$Recompilation$7614$188583AAAAAAAA$\^eval\_.RTMX_loadCompatTarget_kaizpatch_scripts_superrailbuilderx_RailPositionCompat_1suqebq$L:4466$RailPositionCompat$moveSectionedRailPosition(<eval>:4573)
[22:05:00] [Server thread/INFO]: [java.lang.Throwable$WrappedPrintStream:println:748]: 	at jdk.nashorn.internal.scripts.Script$Recompilation$7610$187411AAAAAAAA$\^eval\_.RTMX_loadCompatTarget_kaizpatch_scripts_superrailbuilderx_RailPositionCompat_1suqebq$L:4466$RailPositionCompat$moveRailPosition(<eval>:4537)
[22:05:00] [Server thread/INFO]: [java.lang.Throwable$WrappedPrintStream:println:748]: 	at jdk.nashorn.internal.scripts.Script$Recompilation$7607$200380AA$\^eval\_.applyRequest(<eval>:4807)
[22:05:00] [Server thread/INFO]: [java.lang.Throwable$WrappedPrintStream:println:748]: 	at jdk.nashorn.internal.scripts.Script$Recompilation$7571$201151AA$\^eval\_.onUpdate(<eval>:4843)
[22:05:00] [Server thread/INFO]: [java.lang.Throwable$WrappedPrintStream:println:748]: 	at jdk.nashorn.internal.runtime.ScriptFunctionData.invoke(ScriptFunctionData.java:640)
[22:05:00] [Server thread/INFO]: [java.lang.Throwable$WrappedPrintStream:println:748]: 	at jdk.nashorn.internal.runtime.ScriptFunction.invoke(ScriptFunction.java:229)
[22:05:00] [Server thread/INFO]: [java.lang.Throwable$WrappedPrintStream:println:748]: 	at jdk.nashorn.internal.runtime.ScriptRuntime.apply(ScriptRuntime.java:387)
[22:05:00] [Server thread/INFO]: [java.lang.Throwable$WrappedPrintStream:println:748]: 	at jdk.nashorn.api.scripting.ScriptObjectMirror.callMember(ScriptObjectMirror.java:192)
[22:05:00] [Server thread/INFO]: [java.lang.Throwable$WrappedPrintStream:println:748]: 	at jdk.nashorn.api.scripting.NashornScriptEngine.invokeImpl(NashornScriptEngine.java:381)
[22:05:00] [Server thread/INFO]: [java.lang.Throwable$WrappedPrintStream:println:748]: 	... 23 more
[22:05:01] [Server thread/INFO]: [java.lang.Throwable$WrappedPrintStream:println:748]: java.lang.RuntimeException: Script exec error : onUpdate
[22:05:01] [Server thread/INFO]: [java.lang.Throwable$WrappedPrintStream:println:748]: 	at jp.ngt.ngtlib.io.ScriptUtil.doScriptFunction(ScriptUtil.java:60)
[22:05:01] [Server thread/INFO]: [java.lang.Throwable$WrappedPrintStream:println:748]: 	at jp.ngt.ngtlib.io.ScriptUtil.doScriptIgnoreError(ScriptUtil.java:66)
[22:05:01] [Server thread/INFO]: [java.lang.Throwable$WrappedPrintStream:println:748]: 	at jp.ngt.rtm.modelpack.ScriptExecuter.callMethod(ScriptExecuter.java:24)
[22:05:01] [Server thread/INFO]: [java.lang.Throwable$WrappedPrintStream:println:748]: 	at jp.ngt.rtm.modelpack.ScriptExecuter.execScript(ScriptExecuter.java:36)
[22:05:01] [Server thread/INFO]: [java.lang.Throwable$WrappedPrintStream:println:748]: 	at jp.ngt.rtm.modelpack.ScriptExecuter.execScript(ScriptExecuter.java:30)
[22:05:01] [Server thread/INFO]: [java.lang.Throwable$WrappedPrintStream:println:748]: 	at jp.ngt.rtm.entity.vehicle.EntityVehicleBase.onVehicleUpdate(EntityVehicleBase.java:203)
[22:05:01] [Server thread/INFO]: [java.lang.Throwable$WrappedPrintStream:println:748]: 	at jp.ngt.rtm.entity.vehicle.EntityVehicle.onVehicleUpdate(EntityVehicle.java:66)
[22:05:01] [Server thread/INFO]: [java.lang.Throwable$WrappedPrintStream:println:748]: 	at jp.ngt.rtm.entity.vehicle.EntityVehicleBase.func_70071_h_(EntityVehicleBase.java:168)
[22:05:01] [Server thread/INFO]: [java.lang.Throwable$WrappedPrintStream:println:748]: 	at net.minecraft.entity.Entity.func_70098_U(Entity.java:1579)
[22:05:01] [Server thread/INFO]: [java.lang.Throwable$WrappedPrintStream:println:748]: 	at net.minecraft.world.World.func_72866_a(World.java:2066)
[22:05:01] [Server thread/INFO]: [java.lang.Throwable$WrappedPrintStream:println:748]: 	at net.minecraft.world.WorldServer.func_72866_a(WorldServer.java:648)
[22:05:01] [Server thread/INFO]: [java.lang.Throwable$WrappedPrintStream:println:748]: 	at net.minecraft.world.World.func_72870_g(World.java:2034)
[22:05:01] [Server thread/INFO]: [java.lang.Throwable$WrappedPrintStream:println:748]: 	at net.minecraft.world.World.func_72866_a(World.java:2129)
[22:05:01] [Server thread/INFO]: [java.lang.Throwable$WrappedPrintStream:println:748]: 	at net.minecraft.world.WorldServer.func_72866_a(WorldServer.java:648)
[22:05:01] [Server thread/INFO]: [java.lang.Throwable$WrappedPrintStream:println:748]: 	at net.minecraft.world.World.func_72870_g(World.java:2034)
[22:05:01] [Server thread/INFO]: [java.lang.Throwable$WrappedPrintStream:println:748]: 	at net.minecraft.world.World.func_72939_s(World.java:1887)
[22:05:01] [Server thread/INFO]: [java.lang.Throwable$WrappedPrintStream:println:748]: 	at net.minecraft.world.WorldServer.func_72939_s(WorldServer.java:489)
[22:05:01] [Server thread/INFO]: [java.lang.Throwable$WrappedPrintStream:println:748]: 	at net.minecraft.server.MinecraftServer.func_71190_q(MinecraftServer.java:636)
[22:05:01] [Server thread/INFO]: [java.lang.Throwable$WrappedPrintStream:println:748]: 	at net.minecraft.server.MinecraftServer.func_71217_p(MinecraftServer.java:547)
[22:05:01] [Server thread/INFO]: [java.lang.Throwable$WrappedPrintStream:println:748]: 	at net.minecraft.server.integrated.IntegratedServer.func_71217_p(IntegratedServer.java:111)
[22:05:01] [Server thread/INFO]: [java.lang.Throwable$WrappedPrintStream:println:748]: 	at net.minecraft.server.MinecraftServer.run(MinecraftServer.java:427)
[22:05:01] [Server thread/INFO]: [java.lang.Throwable$WrappedPrintStream:println:748]: 	at net.minecraft.server.MinecraftServer$2.run(MinecraftServer.java:685)
[22:05:01] [Server thread/INFO]: [java.lang.Throwable$WrappedPrintStream:println:748]: Caused by: javax.script.ScriptException: TypeError: jp.kaiz.kaizpatch.rtm.rail.TileEntityLargeRailSectionCore@3eea27f5 has no such function "getWorldObj" in <eval> at line number 4573
[22:05:01] [Server thread/INFO]: [java.lang.Throwable$WrappedPrintStream:println:748]: 	at jdk.nashorn.api.scripting.NashornScriptEngine.throwAsScriptException(NashornScriptEngine.java:455)
[22:05:01] [Server thread/INFO]: [java.lang.Throwable$WrappedPrintStream:println:748]: 	at jdk.nashorn.api.scripting.NashornScriptEngine.invokeImpl(NashornScriptEngine.java:387)
[22:05:01] [Server thread/INFO]: [java.lang.Throwable$WrappedPrintStream:println:748]: 	at jdk.nashorn.api.scripting.NashornScriptEngine.invokeFunction(NashornScriptEngine.java:187)
[22:05:01] [Server thread/INFO]: [java.lang.Throwable$WrappedPrintStream:println:748]: 	at jp.ngt.ngtlib.io.ScriptUtil.doScriptFunction(ScriptUtil.java:58)
[22:05:01] [Server thread/INFO]: [java.lang.Throwable$WrappedPrintStream:println:748]: 	... 21 more
[22:05:01] [Server thread/INFO]: [java.lang.Throwable$WrappedPrintStream:println:748]: Caused by: <eval>:4573 TypeError: jp.kaiz.kaizpatch.rtm.rail.TileEntityLargeRailSectionCore@3eea27f5 has no such function "getWorldObj"
[22:05:01] [Server thread/INFO]: [java.lang.Throwable$WrappedPrintStream:println:748]: 	at jdk.nashorn.internal.runtime.ECMAErrors.error(ECMAErrors.java:57)
[22:05:01] [Server thread/INFO]: [java.lang.Throwable$WrappedPrintStream:println:748]: 	at jdk.nashorn.internal.runtime.ECMAErrors.typeError(ECMAErrors.java:213)
[22:05:01] [Server thread/INFO]: [java.lang.Throwable$WrappedPrintStream:println:748]: 	at jdk.nashorn.internal.runtime.ECMAErrors.typeError(ECMAErrors.java:185)
[22:05:01] [Server thread/INFO]: [java.lang.Throwable$WrappedPrintStream:println:748]: 	at jdk.nashorn.internal.runtime.ECMAErrors.typeError(ECMAErrors.java:172)
[22:05:01] [Server thread/INFO]: [java.lang.Throwable$WrappedPrintStream:println:748]: 	at jdk.nashorn.internal.runtime.linker.NashornBottomLinker.linkBean(NashornBottomLinker.java:103)
[22:05:01] [Server thread/INFO]: [java.lang.Throwable$WrappedPrintStream:println:748]: 	at jdk.nashorn.internal.runtime.linker.NashornBottomLinker.getGuardedInvocation(NashornBottomLinker.java:71)
[22:05:01] [Server thread/INFO]: [java.lang.Throwable$WrappedPrintStream:println:748]: 	at jdk.internal.dynalink.support.CompositeGuardingDynamicLinker.getGuardedInvocation(CompositeGuardingDynamicLinker.java:124)
[22:05:01] [Server thread/INFO]: [java.lang.Throwable$WrappedPrintStream:println:748]: 	at jdk.internal.dynalink.support.LinkerServicesImpl.getGuardedInvocation(LinkerServicesImpl.java:149)
[22:05:01] [Server thread/INFO]: [java.lang.Throwable$WrappedPrintStream:println:748]: 	at jdk.internal.dynalink.DynamicLinker.relink(DynamicLinker.java:233)
[22:05:01] [Server thread/INFO]: [java.lang.Throwable$WrappedPrintStream:println:748]: 	at jdk.nashorn.internal.scripts.Script$Recompilation$7614$188583AAAAAAAA$\^eval\_.RTMX_loadCompatTarget_kaizpatch_scripts_superrailbuilderx_RailPositionCompat_1suqebq$L:4466$RailPositionCompat$moveSectionedRailPosition(<eval>:4573)
[22:05:01] [Server thread/INFO]: [java.lang.Throwable$WrappedPrintStream:println:748]: 	at jdk.nashorn.internal.scripts.Script$Recompilation$7610$187411AAAAAAAA$\^eval\_.RTMX_loadCompatTarget_kaizpatch_scripts_superrailbuilderx_RailPositionCompat_1suqebq$L:4466$RailPositionCompat$moveRailPosition(<eval>:4537)
[22:05:01] [Server thread/INFO]: [java.lang.Throwable$WrappedPrintStream:println:748]: 	at jdk.nashorn.internal.scripts.Script$Recompilation$7607$200380AA$\^eval\_.applyRequest(<eval>:4807)
[22:05:01] [Server thread/INFO]: [java.lang.Throwable$WrappedPrintStream:println:748]: 	at jdk.nashorn.internal.scripts.Script$Recompilation$7571$201151AA$\^eval\_.onUpdate(<eval>:4843)
[22:05:01] [Server thread/INFO]: [java.lang.Throwable$WrappedPrintStream:println:748]: 	at jdk.nashorn.internal.runtime.ScriptFunctionData.invoke(ScriptFunctionData.java:640)
[22:05:01] [Server thread/INFO]: [java.lang.Throwable$WrappedPrintStream:println:748]: 	at jdk.nashorn.internal.runtime.ScriptFunction.invoke(ScriptFunction.java:229)
[22:05:01] [Server thread/INFO]: [java.lang.Throwable$WrappedPrintStream:println:748]: 	at jdk.nashorn.internal.runtime.ScriptRuntime.apply(ScriptRuntime.java:387)
[22:05:01] [Server thread/INFO]: [java.lang.Throwable$WrappedPrintStream:println:748]: 	at jdk.nashorn.api.scripting.ScriptObjectMirror.callMember(ScriptObjectMirror.java:192)
[22:05:01] [Server thread/INFO]: [java.lang.Throwable$WrappedPrintStream:println:748]: 	at jdk.nashorn.api.scripting.NashornScriptEngine.invokeImpl(NashornScriptEngine.java:381)
[22:05:01] [Server thread/INFO]: [java.lang.Throwable$WrappedPrintStream:println:748]: 	... 23 more
[22:05:01] [Server thread/INFO]: [java.lang.Throwable$WrappedPrintStream:println:748]: java.lang.RuntimeException: Script exec error : onUpdate
[22:05:01] [Server thread/INFO]: [java.lang.Throwable$WrappedPrintStream:println:748]: 	at jp.ngt.ngtlib.io.ScriptUtil.doScriptFunction(ScriptUtil.java:60)
[22:05:01] [Server thread/INFO]: [java.lang.Throwable$WrappedPrintStream:println:748]: 	at jp.ngt.ngtlib.io.ScriptUtil.doScriptIgnoreError(ScriptUtil.java:66)
[22:05:01] [Server thread/INFO]: [java.lang.Throwable$WrappedPrintStream:println:748]: 	at jp.ngt.rtm.modelpack.ScriptExecuter.callMethod(ScriptExecuter.java:24)
[22:05:01] [Server thread/INFO]: [java.lang.Throwable$WrappedPrintStream:println:748]: 	at jp.ngt.rtm.modelpack.ScriptExecuter.execScript(ScriptExecuter.java:36)
[22:05:01] [Server thread/INFO]: [java.lang.Throwable$WrappedPrintStream:println:748]: 	at jp.ngt.rtm.modelpack.ScriptExecuter.execScript(ScriptExecuter.java:30)
[22:05:01] [Server thread/INFO]: [java.lang.Throwable$WrappedPrintStream:println:748]: 	at jp.ngt.rtm.entity.vehicle.EntityVehicleBase.onVehicleUpdate(EntityVehicleBase.java:203)
[22:05:01] [Server thread/INFO]: [java.lang.Throwable$WrappedPrintStream:println:748]: 	at jp.ngt.rtm.entity.vehicle.EntityVehicle.onVehicleUpdate(EntityVehicle.java:66)
[22:05:01] [Server thread/INFO]: [java.lang.Throwable$WrappedPrintStream:println:748]: 	at jp.ngt.rtm.entity.vehicle.EntityVehicleBase.func_70071_h_(EntityVehicleBase.java:168)
[22:05:01] [Server thread/INFO]: [java.lang.Throwable$WrappedPrintStream:println:748]: 	at net.minecraft.entity.Entity.func_70098_U(Entity.java:1579)
[22:05:01] [Server thread/INFO]: [java.lang.Throwable$WrappedPrintStream:println:748]: 	at net.minecraft.world.World.func_72866_a(World.java:2066)
[22:05:01] [Server thread/INFO]: [java.lang.Throwable$WrappedPrintStream:println:748]: 	at net.minecraft.world.WorldServer.func_72866_a(WorldServer.java:648)
[22:05:01] [Server thread/INFO]: [java.lang.Throwable$WrappedPrintStream:println:748]: 	at net.minecraft.world.World.func_72870_g(World.java:2034)
[22:05:01] [Server thread/INFO]: [java.lang.Throwable$WrappedPrintStream:println:748]: 	at net.minecraft.world.World.func_72866_a(World.java:2129)
[22:05:01] [Server thread/INFO]: [java.lang.Throwable$WrappedPrintStream:println:748]: 	at net.minecraft.world.WorldServer.func_72866_a(WorldServer.java:648)
[22:05:01] [Server thread/INFO]: [java.lang.Throwable$WrappedPrintStream:println:748]: 	at net.minecraft.world.World.func_72870_g(World.java:2034)
[22:05:01] [Server thread/INFO]: [java.lang.Throwable$WrappedPrintStream:println:748]: 	at net.minecraft.world.World.func_72939_s(World.java:1887)
[22:05:01] [Server thread/INFO]: [java.lang.Throwable$WrappedPrintStream:println:748]: 	at net.minecraft.world.WorldServer.func_72939_s(WorldServer.java:489)
[22:05:01] [Server thread/INFO]: [java.lang.Throwable$WrappedPrintStream:println:748]: 	at net.minecraft.server.MinecraftServer.func_71190_q(MinecraftServer.java:636)
[22:05:01] [Server thread/INFO]: [java.lang.Throwable$WrappedPrintStream:println:748]: 	at net.minecraft.server.MinecraftServer.func_71217_p(MinecraftServer.java:547)
[22:05:01] [Server thread/INFO]: [java.lang.Throwable$WrappedPrintStream:println:748]: 	at net.minecraft.server.integrated.IntegratedServer.func_71217_p(IntegratedServer.java:111)
[22:05:01] [Server thread/INFO]: [java.lang.Throwable$WrappedPrintStream:println:748]: 	at net.minecraft.server.MinecraftServer.run(MinecraftServer.java:427)
[22:05:01] [Server thread/INFO]: [java.lang.Throwable$WrappedPrintStream:println:748]: 	at net.minecraft.server.MinecraftServer$2.run(MinecraftServer.java:685)
[22:05:01] [Server thread/INFO]: [java.lang.Throwable$WrappedPrintStream:println:748]: Caused by: javax.script.ScriptException: TypeError: jp.kaiz.kaizpatch.rtm.rail.TileEntityLargeRailSectionCore@3eea27f5 has no such function "getWorldObj" in <eval> at line number 4573
[22:05:01] [Server thread/INFO]: [java.lang.Throwable$WrappedPrintStream:println:748]: 	at jdk.nashorn.api.scripting.NashornScriptEngine.throwAsScriptException(NashornScriptEngine.java:455)
[22:05:01] [Server thread/INFO]: [java.lang.Throwable$WrappedPrintStream:println:748]: 	at jdk.nashorn.api.scripting.NashornScriptEngine.invokeImpl(NashornScriptEngine.java:387)
[22:05:01] [Server thread/INFO]: [java.lang.Throwable$WrappedPrintStream:println:748]: 	at jdk.nashorn.api.scripting.NashornScriptEngine.invokeFunction(NashornScriptEngine.java:187)
[22:05:01] [Server thread/INFO]: [java.lang.Throwable$WrappedPrintStream:println:748]: 	at jp.ngt.ngtlib.io.ScriptUtil.doScriptFunction(ScriptUtil.java:58)
[22:05:01] [Server thread/INFO]: [java.lang.Throwable$WrappedPrintStream:println:748]: 	... 21 more
[22:05:01] [Server thread/INFO]: [java.lang.Throwable$WrappedPrintStream:println:748]: Caused by: <eval>:4573 TypeError: jp.kaiz.kaizpatch.rtm.rail.TileEntityLargeRailSectionCore@3eea27f5 has no such function "getWorldObj"
[22:05:01] [Server thread/INFO]: [java.lang.Throwable$WrappedPrintStream:println:748]: 	at jdk.nashorn.internal.runtime.ECMAErrors.error(ECMAErrors.java:57)
[22:05:01] [Server thread/INFO]: [java.lang.Throwable$WrappedPrintStream:println:748]: 	at jdk.nashorn.internal.runtime.ECMAErrors.typeError(ECMAErrors.java:213)
[22:05:01] [Server thread/INFO]: [java.lang.Throwable$WrappedPrintStream:println:748]: 	at jdk.nashorn.internal.runtime.ECMAErrors.typeError(ECMAErrors.java:185)
[22:05:01] [Server thread/INFO]: [java.lang.Throwable$WrappedPrintStream:println:748]: 	at jdk.nashorn.internal.runtime.ECMAErrors.typeError(ECMAErrors.java:172)
[22:05:01] [Server thread/INFO]: [java.lang.Throwable$WrappedPrintStream:println:748]: 	at jdk.nashorn.internal.runtime.linker.NashornBottomLinker.linkBean(NashornBottomLinker.java:103)
[22:05:01] [Server thread/INFO]: [java.lang.Throwable$WrappedPrintStream:println:748]: 	at jdk.nashorn.internal.runtime.linker.NashornBottomLinker.getGuardedInvocation(NashornBottomLinker.java:71)
[22:05:01] [Server thread/INFO]: [java.lang.Throwable$WrappedPrintStream:println:748]: 	at jdk.internal.dynalink.support.CompositeGuardingDynamicLinker.getGuardedInvocation(CompositeGuardingDynamicLinker.java:124)
[22:05:01] [Server thread/INFO]: [java.lang.Throwable$WrappedPrintStream:println:748]: 	at jdk.internal.dynalink.support.LinkerServicesImpl.getGuardedInvocation(LinkerServicesImpl.java:149)
[22:05:01] [Server thread/INFO]: [java.lang.Throwable$WrappedPrintStream:println:748]: 	at jdk.internal.dynalink.DynamicLinker.relink(DynamicLinker.java:233)
[22:05:01] [Server thread/INFO]: [java.lang.Throwable$WrappedPrintStream:println:748]: 	at jdk.nashorn.internal.scripts.Script$Recompilation$7614$188583AAAAAAAA$\^eval\_.RTMX_loadCompatTarget_kaizpatch_scripts_superrailbuilderx_RailPositionCompat_1suqebq$L:4466$RailPositionCompat$moveSectionedRailPosition(<eval>:4573)
[22:05:01] [Server thread/INFO]: [java.lang.Throwable$WrappedPrintStream:println:748]: 	at jdk.nashorn.internal.scripts.Script$Recompilation$7610$187411AAAAAAAA$\^eval\_.RTMX_loadCompatTarget_kaizpatch_scripts_superrailbuilderx_RailPositionCompat_1suqebq$L:4466$RailPositionCompat$moveRailPosition(<eval>:4537)
[22:05:01] [Server thread/INFO]: [java.lang.Throwable$WrappedPrintStream:println:748]: 	at jdk.nashorn.internal.scripts.Script$Recompilation$7607$200380AA$\^eval\_.applyRequest(<eval>:4807)
[22:05:01] [Server thread/INFO]: [java.lang.Throwable$WrappedPrintStream:println:748]: 	at jdk.nashorn.internal.scripts.Script$Recompilation$7571$201151AA$\^eval\_.onUpdate(<eval>:4843)
[22:05:01] [Server thread/INFO]: [java.lang.Throwable$WrappedPrintStream:println:748]: 	at jdk.nashorn.internal.runtime.ScriptFunctionData.invoke(ScriptFunctionData.java:640)
[22:05:01] [Server thread/INFO]: [java.lang.Throwable$WrappedPrintStream:println:748]: 	at jdk.nashorn.internal.runtime.ScriptFunction.invoke(ScriptFunction.java:229)
[22:05:01] [Server thread/INFO]: [java.lang.Throwable$WrappedPrintStream:println:748]: 	at jdk.nashorn.internal.runtime.ScriptRuntime.apply(ScriptRuntime.java:387)
[22:05:01] [Server thread/INFO]: [java.lang.Throwable$WrappedPrintStream:println:748]: 	at jdk.nashorn.api.scripting.ScriptObjectMirror.callMember(ScriptObjectMirror.java:192)
[22:05:01] [Server thread/INFO]: [java.lang.Throwable$WrappedPrintStream:println:748]: 	at jdk.nashorn.api.scripting.NashornScriptEngine.invokeImpl(NashornScriptEngine.java:381)
[22:05:01] [Server thread/INFO]: [java.lang.Throwable$WrappedPrintStream:println:748]: 	... 23 more
[22:05:01] [Server thread/INFO]: [java.lang.Throwable$WrappedPrintStream:println:748]: java.lang.RuntimeException: Script exec error : onUpdate
[22:05:01] [Server thread/INFO]: [java.lang.Throwable$WrappedPrintStream:println:748]: 	at jp.ngt.ngtlib.io.ScriptUtil.doScriptFunction(ScriptUtil.java:60)
[22:05:01] [Server thread/INFO]: [java.lang.Throwable$WrappedPrintStream:println:748]: 	at jp.ngt.ngtlib.io.ScriptUtil.doScriptIgnoreError(ScriptUtil.java:66)
[22:05:01] [Server thread/INFO]: [java.lang.Throwable$WrappedPrintStream:println:748]: 	at jp.ngt.rtm.modelpack.ScriptExecuter.callMethod(ScriptExecuter.java:24)
[22:05:01] [Server thread/INFO]: [java.lang.Throwable$WrappedPrintStream:println:748]: 	at jp.ngt.rtm.modelpack.ScriptExecuter.execScript(ScriptExecuter.java:36)
[22:05:01] [Server thread/INFO]: [java.lang.Throwable$WrappedPrintStream:println:748]: 	at jp.ngt.rtm.modelpack.ScriptExecuter.execScript(ScriptExecuter.java:30)
[22:05:01] [Server thread/INFO]: [java.lang.Throwable$WrappedPrintStream:println:748]: 	at jp.ngt.rtm.entity.vehicle.EntityVehicleBase.onVehicleUpdate(EntityVehicleBase.java:203)
[22:05:01] [Server thread/INFO]: [java.lang.Throwable$WrappedPrintStream:println:748]: 	at jp.ngt.rtm.entity.vehicle.EntityVehicle.onVehicleUpdate(EntityVehicle.java:66)
[22:05:01] [Server thread/INFO]: [java.lang.Throwable$WrappedPrintStream:println:748]: 	at jp.ngt.rtm.entity.vehicle.EntityVehicleBase.func_70071_h_(EntityVehicleBase.java:168)
[22:05:01] [Server thread/INFO]: [java.lang.Throwable$WrappedPrintStream:println:748]: 	at net.minecraft.entity.Entity.func_70098_U(Entity.java:1579)
[22:05:01] [Server thread/INFO]: [java.lang.Throwable$WrappedPrintStream:println:748]: 	at net.minecraft.world.World.func_72866_a(World.java:2066)
[22:05:01] [Server thread/INFO]: [java.lang.Throwable$WrappedPrintStream:println:748]: 	at net.minecraft.world.WorldServer.func_72866_a(WorldServer.java:648)
[22:05:01] [Server thread/INFO]: [java.lang.Throwable$WrappedPrintStream:println:748]: 	at net.minecraft.world.World.func_72870_g(World.java:2034)
[22:05:01] [Server thread/INFO]: [java.lang.Throwable$WrappedPrintStream:println:748]: 	at net.minecraft.world.World.func_72866_a(World.java:2129)
[22:05:01] [Server thread/INFO]: [java.lang.Throwable$WrappedPrintStream:println:748]: 	at net.minecraft.world.WorldServer.func_72866_a(WorldServer.java:648)
[22:05:01] [Server thread/INFO]: [java.lang.Throwable$WrappedPrintStream:println:748]: 	at net.minecraft.world.World.func_72870_g(World.java:2034)
[22:05:01] [Server thread/INFO]: [java.lang.Throwable$WrappedPrintStream:println:748]: 	at net.minecraft.world.World.func_72939_s(World.java:1887)
[22:05:01] [Server thread/INFO]: [java.lang.Throwable$WrappedPrintStream:println:748]: 	at net.minecraft.world.WorldServer.func_72939_s(WorldServer.java:489)
[22:05:01] [Server thread/INFO]: [java.lang.Throwable$WrappedPrintStream:println:748]: 	at net.minecraft.server.MinecraftServer.func_71190_q(MinecraftServer.java:636)
[22:05:01] [Server thread/INFO]: [java.lang.Throwable$WrappedPrintStream:println:748]: 	at net.minecraft.server.MinecraftServer.func_71217_p(MinecraftServer.java:547)
[22:05:01] [Server thread/INFO]: [java.lang.Throwable$WrappedPrintStream:println:748]: 	at net.minecraft.server.integrated.IntegratedServer.func_71217_p(IntegratedServer.java:111)
[22:05:01] [Server thread/INFO]: [java.lang.Throwable$WrappedPrintStream:println:748]: 	at net.minecraft.server.MinecraftServer.run(MinecraftServer.java:427)
[22:05:01] [Server thread/INFO]: [java.lang.Throwable$WrappedPrintStream:println:748]: 	at net.minecraft.server.MinecraftServer$2.run(MinecraftServer.java:685)
[22:05:01] [Server thread/INFO]: [java.lang.Throwable$WrappedPrintStream:println:748]: Caused by: javax.script.ScriptException: TypeError: jp.kaiz.kaizpatch.rtm.rail.TileEntityLargeRailSectionCore@3eea27f5 has no such function "getWorldObj" in <eval> at line number 4573
[22:05:01] [Server thread/INFO]: [java.lang.Throwable$WrappedPrintStream:println:748]: 	at jdk.nashorn.api.scripting.NashornScriptEngine.throwAsScriptException(NashornScriptEngine.java:455)
[22:05:01] [Server thread/INFO]: [java.lang.Throwable$WrappedPrintStream:println:748]: 	at jdk.nashorn.api.scripting.NashornScriptEngine.invokeImpl(NashornScriptEngine.java:387)
[22:05:01] [Server thread/INFO]: [java.lang.Throwable$WrappedPrintStream:println:748]: 	at jdk.nashorn.api.scripting.NashornScriptEngine.invokeFunction(NashornScriptEngine.java:187)
[22:05:01] [Server thread/INFO]: [java.lang.Throwable$WrappedPrintStream:println:748]: 	at jp.ngt.ngtlib.io.ScriptUtil.doScriptFunction(ScriptUtil.java:58)
[22:05:01] [Server thread/INFO]: [java.lang.Throwable$WrappedPrintStream:println:748]: 	... 21 more
[22:05:01] [Server thread/INFO]: [java.lang.Throwable$WrappedPrintStream:println:748]: Caused by: <eval>:4573 TypeError: jp.kaiz.kaizpatch.rtm.rail.TileEntityLargeRailSectionCore@3eea27f5 has no such function "getWorldObj"
[22:05:01] [Server thread/INFO]: [java.lang.Throwable$WrappedPrintStream:println:748]: 	at jdk.nashorn.internal.runtime.ECMAErrors.error(ECMAErrors.java:57)
[22:05:01] [Server thread/INFO]: [java.lang.Throwable$WrappedPrintStream:println:748]: 	at jdk.nashorn.internal.runtime.ECMAErrors.typeError(ECMAErrors.java:213)
[22:05:01] [Server thread/INFO]: [java.lang.Throwable$WrappedPrintStream:println:748]: 	at jdk.nashorn.internal.runtime.ECMAErrors.typeError(ECMAErrors.java:185)
[22:05:01] [Server thread/INFO]: [java.lang.Throwable$WrappedPrintStream:println:748]: 	at jdk.nashorn.internal.runtime.ECMAErrors.typeError(ECMAErrors.java:172)
[22:05:01] [Server thread/INFO]: [java.lang.Throwable$WrappedPrintStream:println:748]: 	at jdk.nashorn.internal.runtime.linker.NashornBottomLinker.linkBean(NashornBottomLinker.java:103)
[22:05:01] [Server thread/INFO]: [java.lang.Throwable$WrappedPrintStream:println:748]: 	at jdk.nashorn.internal.runtime.linker.NashornBottomLinker.getGuardedInvocation(NashornBottomLinker.java:71)
[22:05:01] [Server thread/INFO]: [java.lang.Throwable$WrappedPrintStream:println:748]: 	at jdk.internal.dynalink.support.CompositeGuardingDynamicLinker.getGuardedInvocation(CompositeGuardingDynamicLinker.java:124)
[22:05:01] [Server thread/INFO]: [java.lang.Throwable$WrappedPrintStream:println:748]: 	at jdk.internal.dynalink.support.LinkerServicesImpl.getGuardedInvocation(LinkerServicesImpl.java:149)
[22:05:01] [Server thread/INFO]: [java.lang.Throwable$WrappedPrintStream:println:748]: 	at jdk.internal.dynalink.DynamicLinker.relink(DynamicLinker.java:233)
[22:05:01] [Server thread/INFO]: [java.lang.Throwable$WrappedPrintStream:println:748]: 	at jdk.nashorn.internal.scripts.Script$Recompilation$7614$188583AAAAAAAA$\^eval\_.RTMX_loadCompatTarget_kaizpatch_scripts_superrailbuilderx_RailPositionCompat_1suqebq$L:4466$RailPositionCompat$moveSectionedRailPosition(<eval>:4573)
[22:05:01] [Server thread/INFO]: [java.lang.Throwable$WrappedPrintStream:println:748]: 	at jdk.nashorn.internal.scripts.Script$Recompilation$7610$187411AAAAAAAA$\^eval\_.RTMX_loadCompatTarget_kaizpatch_scripts_superrailbuilderx_RailPositionCompat_1suqebq$L:4466$RailPositionCompat$moveRailPosition(<eval>:4537)
[22:05:01] [Server thread/INFO]: [java.lang.Throwable$WrappedPrintStream:println:748]: 	at jdk.nashorn.internal.scripts.Script$Recompilation$7607$200380AA$\^eval\_.applyRequest(<eval>:4807)
[22:05:01] [Server thread/INFO]: [java.lang.Throwable$WrappedPrintStream:println:748]: 	at jdk.nashorn.internal.scripts.Script$Recompilation$7571$201151AA$\^eval\_.onUpdate(<eval>:4843)
[22:05:01] [Server thread/INFO]: [java.lang.Throwable$WrappedPrintStream:println:748]: 	at jdk.nashorn.internal.runtime.ScriptFunctionData.invoke(ScriptFunctionData.java:640)
[22:05:01] [Server thread/INFO]: [java.lang.Throwable$WrappedPrintStream:println:748]: 	at jdk.nashorn.internal.runtime.ScriptFunction.invoke(ScriptFunction.java:229)
[22:05:01] [Server thread/INFO]: [java.lang.Throwable$WrappedPrintStream:println:748]: 	at jdk.nashorn.internal.runtime.ScriptRuntime.apply(ScriptRuntime.java:387)
[22:05:01] [Server thread/INFO]: [java.lang.Throwable$WrappedPrintStream:println:748]: 	at jdk.nashorn.api.scripting.ScriptObjectMirror.callMember(ScriptObjectMirror.java:192)
[22:05:01] [Server thread/INFO]: [java.lang.Throwable$WrappedPrintStream:println:748]: 	at jdk.nashorn.api.scripting.NashornScriptEngine.invokeImpl(NashornScriptEngine.java:381)
[22:05:01] [Server thread/INFO]: [java.lang.Throwable$WrappedPrintStream:println:748]: 	... 23 more
[22:05:01] [Server thread/INFO]: [java.lang.Throwable$WrappedPrintStream:println:748]: java.lang.RuntimeException: Script exec error : onUpdate
[22:05:01] [Server thread/INFO]: [java.lang.Throwable$WrappedPrintStream:println:748]: 	at jp.ngt.ngtlib.io.ScriptUtil.doScriptFunction(ScriptUtil.java:60)
[22:05:01] [Server thread/INFO]: [java.lang.Throwable$WrappedPrintStream:println:748]: 	at jp.ngt.ngtlib.io.ScriptUtil.doScriptIgnoreError(ScriptUtil.java:66)
[22:05:01] [Server thread/INFO]: [java.lang.Throwable$WrappedPrintStream:println:748]: 	at jp.ngt.rtm.modelpack.ScriptExecuter.callMethod(ScriptExecuter.java:24)
[22:05:01] [Server thread/INFO]: [java.lang.Throwable$WrappedPrintStream:println:748]: 	at jp.ngt.rtm.modelpack.ScriptExecuter.execScript(ScriptExecuter.java:36)
[22:05:01] [Server thread/INFO]: [java.lang.Throwable$WrappedPrintStream:println:748]: 	at jp.ngt.rtm.modelpack.ScriptExecuter.execScript(ScriptExecuter.java:30)
[22:05:01] [Server thread/INFO]: [java.lang.Throwable$WrappedPrintStream:println:748]: 	at jp.ngt.rtm.entity.vehicle.EntityVehicleBase.onVehicleUpdate(EntityVehicleBase.java:203)
[22:05:01] [Server thread/INFO]: [java.lang.Throwable$WrappedPrintStream:println:748]: 	at jp.ngt.rtm.entity.vehicle.EntityVehicle.onVehicleUpdate(EntityVehicle.java:66)
[22:05:01] [Server thread/INFO]: [java.lang.Throwable$WrappedPrintStream:println:748]: 	at jp.ngt.rtm.entity.vehicle.EntityVehicleBase.func_70071_h_(EntityVehicleBase.java:168)
[22:05:01] [Server thread/INFO]: [java.lang.Throwable$WrappedPrintStream:println:748]: 	at net.minecraft.entity.Entity.func_70098_U(Entity.java:1579)
[22:05:01] [Server thread/INFO]: [java.lang.Throwable$WrappedPrintStream:println:748]: 	at net.minecraft.world.World.func_72866_a(World.java:2066)
[22:05:01] [Server thread/INFO]: [java.lang.Throwable$WrappedPrintStream:println:748]: 	at net.minecraft.world.WorldServer.func_72866_a(WorldServer.java:648)
[22:05:01] [Server thread/INFO]: [java.lang.Throwable$WrappedPrintStream:println:748]: 	at net.minecraft.world.World.func_72870_g(World.java:2034)
[22:05:01] [Server thread/INFO]: [java.lang.Throwable$WrappedPrintStream:println:748]: 	at net.minecraft.world.World.func_72866_a(World.java:2129)
[22:05:01] [Server thread/INFO]: [java.lang.Throwable$WrappedPrintStream:println:748]: 	at net.minecraft.world.WorldServer.func_72866_a(WorldServer.java:648)
[22:05:01] [Server thread/INFO]: [java.lang.Throwable$WrappedPrintStream:println:748]: 	at net.minecraft.world.World.func_72870_g(World.java:2034)
[22:05:01] [Server thread/INFO]: [java.lang.Throwable$WrappedPrintStream:println:748]: 	at net.minecraft.world.World.func_72939_s(World.java:1887)
[22:05:01] [Server thread/INFO]: [java.lang.Throwable$WrappedPrintStream:println:748]: 	at net.minecraft.world.WorldServer.func_72939_s(WorldServer.java:489)
[22:05:01] [Server thread/INFO]: [java.lang.Throwable$WrappedPrintStream:println:748]: 	at net.minecraft.server.MinecraftServer.func_71190_q(MinecraftServer.java:636)
[22:05:01] [Server thread/INFO]: [java.lang.Throwable$WrappedPrintStream:println:748]: 	at net.minecraft.server.MinecraftServer.func_71217_p(MinecraftServer.java:547)
[22:05:01] [Server thread/INFO]: [java.lang.Throwable$WrappedPrintStream:println:748]: 	at net.minecraft.server.integrated.IntegratedServer.func_71217_p(IntegratedServer.java:111)
[22:05:01] [Server thread/INFO]: [java.lang.Throwable$WrappedPrintStream:println:748]: 	at net.minecraft.server.MinecraftServer.run(MinecraftServer.java:427)
[22:05:01] [Server thread/INFO]: [java.lang.Throwable$WrappedPrintStream:println:748]: 	at net.minecraft.server.MinecraftServer$2.run(MinecraftServer.java:685)
[22:05:01] [Server thread/INFO]: [java.lang.Throwable$WrappedPrintStream:println:748]: Caused by: javax.script.ScriptException: TypeError: jp.kaiz.kaizpatch.rtm.rail.TileEntityLargeRailSectionCore@3eea27f5 has no such function "getWorldObj" in <eval> at line number 4573
[22:05:01] [Server thread/INFO]: [java.lang.Throwable$WrappedPrintStream:println:748]: 	at jdk.nashorn.api.scripting.NashornScriptEngine.throwAsScriptException(NashornScriptEngine.java:455)
[22:05:01] [Server thread/INFO]: [java.lang.Throwable$WrappedPrintStream:println:748]: 	at jdk.nashorn.api.scripting.NashornScriptEngine.invokeImpl(NashornScriptEngine.java:387)
[22:05:01] [Server thread/INFO]: [java.lang.Throwable$WrappedPrintStream:println:748]: 	at jdk.nashorn.api.scripting.NashornScriptEngine.invokeFunction(NashornScriptEngine.java:187)
[22:05:01] [Server thread/INFO]: [java.lang.Throwable$WrappedPrintStream:println:748]: 	at jp.ngt.ngtlib.io.ScriptUtil.doScriptFunction(ScriptUtil.java:58)
[22:05:01] [Server thread/INFO]: [java.lang.Throwable$WrappedPrintStream:println:748]: 	... 21 more
[22:05:01] [Server thread/INFO]: [java.lang.Throwable$WrappedPrintStream:println:748]: Caused by: <eval>:4573 TypeError: jp.kaiz.kaizpatch.rtm.rail.TileEntityLargeRailSectionCore@3eea27f5 has no such function "getWorldObj"
[22:05:01] [Server thread/INFO]: [java.lang.Throwable$WrappedPrintStream:println:748]: 	at jdk.nashorn.internal.runtime.ECMAErrors.error(ECMAErrors.java:57)
[22:05:01] [Server thread/INFO]: [java.lang.Throwable$WrappedPrintStream:println:748]: 	at jdk.nashorn.internal.runtime.ECMAErrors.typeError(ECMAErrors.java:213)
[22:05:01] [Server thread/INFO]: [java.lang.Throwable$WrappedPrintStream:println:748]: 	at jdk.nashorn.internal.runtime.ECMAErrors.typeError(ECMAErrors.java:185)
[22:05:01] [Server thread/INFO]: [java.lang.Throwable$WrappedPrintStream:println:748]: 	at jdk.nashorn.internal.runtime.ECMAErrors.typeError(ECMAErrors.java:172)
[22:05:01] [Server thread/INFO]: [java.lang.Throwable$WrappedPrintStream:println:748]: 	at jdk.nashorn.internal.runtime.linker.NashornBottomLinker.linkBean(NashornBottomLinker.java:103)
[22:05:01] [Server thread/INFO]: [java.lang.Throwable$WrappedPrintStream:println:748]: 	at jdk.nashorn.internal.runtime.linker.NashornBottomLinker.getGuardedInvocation(NashornBottomLinker.java:71)
[22:05:01] [Server thread/INFO]: [java.lang.Throwable$WrappedPrintStream:println:748]: 	at jdk.internal.dynalink.support.CompositeGuardingDynamicLinker.getGuardedInvocation(CompositeGuardingDynamicLinker.java:124)
[22:05:01] [Server thread/INFO]: [java.lang.Throwable$WrappedPrintStream:println:748]: 	at jdk.internal.dynalink.support.LinkerServicesImpl.getGuardedInvocation(LinkerServicesImpl.java:149)
[22:05:01] [Server thread/INFO]: [java.lang.Throwable$WrappedPrintStream:println:748]: 	at jdk.internal.dynalink.DynamicLinker.relink(DynamicLinker.java:233)
[22:05:01] [Server thread/INFO]: [java.lang.Throwable$WrappedPrintStream:println:748]: 	at jdk.nashorn.internal.scripts.Script$Recompilation$7614$188583AAAAAAAA$\^eval\_.RTMX_loadCompatTarget_kaizpatch_scripts_superrailbuilderx_RailPositionCompat_1suqebq$L:4466$RailPositionCompat$moveSectionedRailPosition(<eval>:4573)
[22:05:01] [Server thread/INFO]: [java.lang.Throwable$WrappedPrintStream:println:748]: 	at jdk.nashorn.internal.scripts.Script$Recompilation$7610$187411AAAAAAAA$\^eval\_.RTMX_loadCompatTarget_kaizpatch_scripts_superrailbuilderx_RailPositionCompat_1suqebq$L:4466$RailPositionCompat$moveRailPosition(<eval>:4537)
[22:05:01] [Server thread/INFO]: [java.lang.Throwable$WrappedPrintStream:println:748]: 	at jdk.nashorn.internal.scripts.Script$Recompilation$7607$200380AA$\^eval\_.applyRequest(<eval>:4807)
[22:05:01] [Server thread/INFO]: [java.lang.Throwable$WrappedPrintStream:println:748]: 	at jdk.nashorn.internal.scripts.Script$Recompilation$7571$201151AA$\^eval\_.onUpdate(<eval>:4843)
[22:05:01] [Server thread/INFO]: [java.lang.Throwable$WrappedPrintStream:println:748]: 	at jdk.nashorn.internal.runtime.ScriptFunctionData.invoke(ScriptFunctionData.java:640)
[22:05:01] [Server thread/INFO]: [java.lang.Throwable$WrappedPrintStream:println:748]: 	at jdk.nashorn.internal.runtime.ScriptFunction.invoke(ScriptFunction.java:229)
[22:05:01] [Server thread/INFO]: [java.lang.Throwable$WrappedPrintStream:println:748]: 	at jdk.nashorn.internal.runtime.ScriptRuntime.apply(ScriptRuntime.java:387)
[22:05:01] [Server thread/INFO]: [java.lang.Throwable$WrappedPrintStream:println:748]: 	at jdk.nashorn.api.scripting.ScriptObjectMirror.callMember(ScriptObjectMirror.java:192)
[22:05:01] [Server thread/INFO]: [java.lang.Throwable$WrappedPrintStream:println:748]: 	at jdk.nashorn.api.scripting.NashornScriptEngine.invokeImpl(NashornScriptEngine.java:381)
[22:05:01] [Server thread/INFO]: [java.lang.Throwable$WrappedPrintStream:println:748]: 	... 23 more
[22:05:01] [Server thread/INFO]: [java.lang.Throwable$WrappedPrintStream:println:748]: java.lang.RuntimeException: Script exec error : onUpdate
[22:05:01] [Server thread/INFO]: [java.lang.Throwable$WrappedPrintStream:println:748]: 	at jp.ngt.ngtlib.io.ScriptUtil.doScriptFunction(ScriptUtil.java:60)
[22:05:01] [Server thread/INFO]: [java.lang.Throwable$WrappedPrintStream:println:748]: 	at jp.ngt.ngtlib.io.ScriptUtil.doScriptIgnoreError(ScriptUtil.java:66)
[22:05:01] [Server thread/INFO]: [java.lang.Throwable$WrappedPrintStream:println:748]: 	at jp.ngt.rtm.modelpack.ScriptExecuter.callMethod(ScriptExecuter.java:24)
[22:05:01] [Server thread/INFO]: [java.lang.Throwable$WrappedPrintStream:println:748]: 	at jp.ngt.rtm.modelpack.ScriptExecuter.execScript(ScriptExecuter.java:36)
[22:05:01] [Server thread/INFO]: [java.lang.Throwable$WrappedPrintStream:println:748]: 	at jp.ngt.rtm.modelpack.ScriptExecuter.execScript(ScriptExecuter.java:30)
[22:05:01] [Server thread/INFO]: [java.lang.Throwable$WrappedPrintStream:println:748]: 	at jp.ngt.rtm.entity.vehicle.EntityVehicleBase.onVehicleUpdate(EntityVehicleBase.java:203)
[22:05:01] [Server thread/INFO]: [java.lang.Throwable$WrappedPrintStream:println:748]: 	at jp.ngt.rtm.entity.vehicle.EntityVehicle.onVehicleUpdate(EntityVehicle.java:66)
[22:05:01] [Server thread/INFO]: [java.lang.Throwable$WrappedPrintStream:println:748]: 	at jp.ngt.rtm.entity.vehicle.EntityVehicleBase.func_70071_h_(EntityVehicleBase.java:168)
[22:05:01] [Server thread/INFO]: [java.lang.Throwable$WrappedPrintStream:println:748]: 	at net.minecraft.entity.Entity.func_70098_U(Entity.java:1579)
[22:05:01] [Server thread/INFO]: [java.lang.Throwable$WrappedPrintStream:println:748]: 	at net.minecraft.world.World.func_72866_a(World.java:2066)
[22:05:01] [Server thread/INFO]: [java.lang.Throwable$WrappedPrintStream:println:748]: 	at net.minecraft.world.WorldServer.func_72866_a(WorldServer.java:648)
[22:05:01] [Server thread/INFO]: [java.lang.Throwable$WrappedPrintStream:println:748]: 	at net.minecraft.world.World.func_72870_g(World.java:2034)
[22:05:01] [Server thread/INFO]: [java.lang.Throwable$WrappedPrintStream:println:748]: 	at net.minecraft.world.World.func_72866_a(World.java:2129)
[22:05:01] [Server thread/INFO]: [java.lang.Throwable$WrappedPrintStream:println:748]: 	at net.minecraft.world.WorldServer.func_72866_a(WorldServer.java:648)
[22:05:01] [Server thread/INFO]: [java.lang.Throwable$WrappedPrintStream:println:748]: 	at net.minecraft.world.World.func_72870_g(World.java:2034)
[22:05:01] [Server thread/INFO]: [java.lang.Throwable$WrappedPrintStream:println:748]: 	at net.minecraft.world.World.func_72939_s(World.java:1887)
[22:05:01] [Server thread/INFO]: [java.lang.Throwable$WrappedPrintStream:println:748]: 	at net.minecraft.world.WorldServer.func_72939_s(WorldServer.java:489)
[22:05:01] [Server thread/INFO]: [java.lang.Throwable$WrappedPrintStream:println:748]: 	at net.minecraft.server.MinecraftServer.func_71190_q(MinecraftServer.java:636)
[22:05:01] [Server thread/INFO]: [java.lang.Throwable$WrappedPrintStream:println:748]: 	at net.minecraft.server.MinecraftServer.func_71217_p(MinecraftServer.java:547)
[22:05:01] [Server thread/INFO]: [java.lang.Throwable$WrappedPrintStream:println:748]: 	at net.minecraft.server.integrated.IntegratedServer.func_71217_p(IntegratedServer.java:111)
[22:05:01] [Server thread/INFO]: [java.lang.Throwable$WrappedPrintStream:println:748]: 	at net.minecraft.server.MinecraftServer.run(MinecraftServer.java:427)
[22:05:01] [Server thread/INFO]: [java.lang.Throwable$WrappedPrintStream:println:748]: 	at net.minecraft.server.MinecraftServer$2.run(MinecraftServer.java:685)
[22:05:01] [Server thread/INFO]: [java.lang.Throwable$WrappedPrintStream:println:748]: Caused by: javax.script.ScriptException: TypeError: jp.kaiz.kaizpatch.rtm.rail.TileEntityLargeRailSectionCore@3eea27f5 has no such function "getWorldObj" in <eval> at line number 4573
[22:05:01] [Server thread/INFO]: [java.lang.Throwable$WrappedPrintStream:println:748]: 	at jdk.nashorn.api.scripting.NashornScriptEngine.throwAsScriptException(NashornScriptEngine.java:455)
[22:05:01] [Server thread/INFO]: [java.lang.Throwable$WrappedPrintStream:println:748]: 	at jdk.nashorn.api.scripting.NashornScriptEngine.invokeImpl(NashornScriptEngine.java:387)
[22:05:01] [Server thread/INFO]: [java.lang.Throwable$WrappedPrintStream:println:748]: 	at jdk.nashorn.api.scripting.NashornScriptEngine.invokeFunction(NashornScriptEngine.java:187)
[22:05:01] [Server thread/INFO]: [java.lang.Throwable$WrappedPrintStream:println:748]: 	at jp.ngt.ngtlib.io.ScriptUtil.doScriptFunction(ScriptUtil.java:58)
[22:05:01] [Server thread/INFO]: [java.lang.Throwable$WrappedPrintStream:println:748]: 	... 21 more
[22:05:01] [Server thread/INFO]: [java.lang.Throwable$WrappedPrintStream:println:748]: Caused by: <eval>:4573 TypeError: jp.kaiz.kaizpatch.rtm.rail.TileEntityLargeRailSectionCore@3eea27f5 has no such function "getWorldObj"
[22:05:01] [Server thread/INFO]: [java.lang.Throwable$WrappedPrintStream:println:748]: 	at jdk.nashorn.internal.runtime.ECMAErrors.error(ECMAErrors.java:57)
[22:05:01] [Server thread/INFO]: [java.lang.Throwable$WrappedPrintStream:println:748]: 	at jdk.nashorn.internal.runtime.ECMAErrors.typeError(ECMAErrors.java:213)
[22:05:01] [Server thread/INFO]: [java.lang.Throwable$WrappedPrintStream:println:748]: 	at jdk.nashorn.internal.runtime.ECMAErrors.typeError(ECMAErrors.java:185)
[22:05:01] [Server thread/INFO]: [java.lang.Throwable$WrappedPrintStream:println:748]: 	at jdk.nashorn.internal.runtime.ECMAErrors.typeError(ECMAErrors.java:172)
[22:05:01] [Server thread/INFO]: [java.lang.Throwable$WrappedPrintStream:println:748]: 	at jdk.nashorn.internal.runtime.linker.NashornBottomLinker.linkBean(NashornBottomLinker.java:103)
[22:05:01] [Server thread/INFO]: [java.lang.Throwable$WrappedPrintStream:println:748]: 	at jdk.nashorn.internal.runtime.linker.NashornBottomLinker.getGuardedInvocation(NashornBottomLinker.java:71)
[22:05:01] [Server thread/INFO]: [java.lang.Throwable$WrappedPrintStream:println:748]: 	at jdk.internal.dynalink.support.CompositeGuardingDynamicLinker.getGuardedInvocation(CompositeGuardingDynamicLinker.java:124)
[22:05:01] [Server thread/INFO]: [java.lang.Throwable$WrappedPrintStream:println:748]: 	at jdk.internal.dynalink.support.LinkerServicesImpl.getGuardedInvocation(LinkerServicesImpl.java:149)
[22:05:01] [Server thread/INFO]: [java.lang.Throwable$WrappedPrintStream:println:748]: 	at jdk.internal.dynalink.DynamicLinker.relink(DynamicLinker.java:233)
[22:05:01] [Server thread/INFO]: [java.lang.Throwable$WrappedPrintStream:println:748]: 	at jdk.nashorn.internal.scripts.Script$Recompilation$7614$188583AAAAAAAA$\^eval\_.RTMX_loadCompatTarget_kaizpatch_scripts_superrailbuilderx_RailPositionCompat_1suqebq$L:4466$RailPositionCompat$moveSectionedRailPosition(<eval>:4573)
[22:05:01] [Server thread/INFO]: [java.lang.Throwable$WrappedPrintStream:println:748]: 	at jdk.nashorn.internal.scripts.Script$Recompilation$7610$187411AAAAAAAA$\^eval\_.RTMX_loadCompatTarget_kaizpatch_scripts_superrailbuilderx_RailPositionCompat_1suqebq$L:4466$RailPositionCompat$moveRailPosition(<eval>:4537)
[22:05:01] [Server thread/INFO]: [java.lang.Throwable$WrappedPrintStream:println:748]: 	at jdk.nashorn.internal.scripts.Script$Recompilation$7607$200380AA$\^eval\_.applyRequest(<eval>:4807)
[22:05:01] [Server thread/INFO]: [java.lang.Throwable$WrappedPrintStream:println:748]: 	at jdk.nashorn.internal.scripts.Script$Recompilation$7571$201151AA$\^eval\_.onUpdate(<eval>:4843)
[22:05:01] [Server thread/INFO]: [java.lang.Throwable$WrappedPrintStream:println:748]: 	at jdk.nashorn.internal.runtime.ScriptFunctionData.invoke(ScriptFunctionData.java:640)
[22:05:01] [Server thread/INFO]: [java.lang.Throwable$WrappedPrintStream:println:748]: 	at jdk.nashorn.internal.runtime.ScriptFunction.invoke(ScriptFunction.java:229)
[22:05:01] [Server thread/INFO]: [java.lang.Throwable$WrappedPrintStream:println:748]: 	at jdk.nashorn.internal.runtime.ScriptRuntime.apply(ScriptRuntime.java:387)
[22:05:01] [Server thread/INFO]: [java.lang.Throwable$WrappedPrintStream:println:748]: 	at jdk.nashorn.api.scripting.ScriptObjectMirror.callMember(ScriptObjectMirror.java:192)
[22:05:01] [Server thread/INFO]: [java.lang.Throwable$WrappedPrintStream:println:748]: 	at jdk.nashorn.api.scripting.NashornScriptEngine.invokeImpl(NashornScriptEngine.java:381)
[22:05:01] [Server thread/INFO]: [java.lang.Throwable$WrappedPrintStream:println:748]: 	... 23 more
[22:05:01] [Server thread/INFO]: [java.lang.Throwable$WrappedPrintStream:println:748]: java.lang.RuntimeException: Script exec error : onUpdate
[22:05:01] [Server thread/INFO]: [java.lang.Throwable$WrappedPrintStream:println:748]: 	at jp.ngt.ngtlib.io.ScriptUtil.doScriptFunction(ScriptUtil.java:60)
[22:05:01] [Server thread/INFO]: [java.lang.Throwable$WrappedPrintStream:println:748]: 	at jp.ngt.ngtlib.io.ScriptUtil.doScriptIgnoreError(ScriptUtil.java:66)
[22:05:01] [Server thread/INFO]: [java.lang.Throwable$WrappedPrintStream:println:748]: 	at jp.ngt.rtm.modelpack.ScriptExecuter.callMethod(ScriptExecuter.java:24)
[22:05:01] [Server thread/INFO]: [java.lang.Throwable$WrappedPrintStream:println:748]: 	at jp.ngt.rtm.modelpack.ScriptExecuter.execScript(ScriptExecuter.java:36)
[22:05:01] [Server thread/INFO]: [java.lang.Throwable$WrappedPrintStream:println:748]: 	at jp.ngt.rtm.modelpack.ScriptExecuter.execScript(ScriptExecuter.java:30)
[22:05:01] [Server thread/INFO]: [java.lang.Throwable$WrappedPrintStream:println:748]: 	at jp.ngt.rtm.entity.vehicle.EntityVehicleBase.onVehicleUpdate(EntityVehicleBase.java:203)
[22:05:01] [Server thread/INFO]: [java.lang.Throwable$WrappedPrintStream:println:748]: 	at jp.ngt.rtm.entity.vehicle.EntityVehicle.onVehicleUpdate(EntityVehicle.java:66)
[22:05:01] [Server thread/INFO]: [java.lang.Throwable$WrappedPrintStream:println:748]: 	at jp.ngt.rtm.entity.vehicle.EntityVehicleBase.func_70071_h_(EntityVehicleBase.java:168)
[22:05:01] [Server thread/INFO]: [java.lang.Throwable$WrappedPrintStream:println:748]: 	at net.minecraft.entity.Entity.func_70098_U(Entity.java:1579)
[22:05:01] [Server thread/INFO]: [java.lang.Throwable$WrappedPrintStream:println:748]: 	at net.minecraft.world.World.func_72866_a(World.java:2066)
[22:05:01] [Server thread/INFO]: [java.lang.Throwable$WrappedPrintStream:println:748]: 	at net.minecraft.world.WorldServer.func_72866_a(WorldServer.java:648)
[22:05:01] [Server thread/INFO]: [java.lang.Throwable$WrappedPrintStream:println:748]: 	at net.minecraft.world.World.func_72870_g(World.java:2034)
[22:05:01] [Server thread/INFO]: [java.lang.Throwable$WrappedPrintStream:println:748]: 	at net.minecraft.world.World.func_72866_a(World.java:2129)
[22:05:01] [Server thread/INFO]: [java.lang.Throwable$WrappedPrintStream:println:748]: 	at net.minecraft.world.WorldServer.func_72866_a(WorldServer.java:648)
[22:05:01] [Server thread/INFO]: [java.lang.Throwable$WrappedPrintStream:println:748]: 	at net.minecraft.world.World.func_72870_g(World.java:2034)
[22:05:01] [Server thread/INFO]: [java.lang.Throwable$WrappedPrintStream:println:748]: 	at net.minecraft.world.World.func_72939_s(World.java:1887)
[22:05:01] [Server thread/INFO]: [java.lang.Throwable$WrappedPrintStream:println:748]: 	at net.minecraft.world.WorldServer.func_72939_s(WorldServer.java:489)
[22:05:01] [Server thread/INFO]: [java.lang.Throwable$WrappedPrintStream:println:748]: 	at net.minecraft.server.MinecraftServer.func_71190_q(MinecraftServer.java:636)
[22:05:01] [Server thread/INFO]: [java.lang.Throwable$WrappedPrintStream:println:748]: 	at net.minecraft.server.MinecraftServer.func_71217_p(MinecraftServer.java:547)
[22:05:01] [Server thread/INFO]: [java.lang.Throwable$WrappedPrintStream:println:748]: 	at net.minecraft.server.integrated.IntegratedServer.func_71217_p(IntegratedServer.java:111)
[22:05:01] [Server thread/INFO]: [java.lang.Throwable$WrappedPrintStream:println:748]: 	at net.minecraft.server.MinecraftServer.run(MinecraftServer.java:427)
[22:05:01] [Server thread/INFO]: [java.lang.Throwable$WrappedPrintStream:println:748]: 	at net.minecraft.server.MinecraftServer$2.run(MinecraftServer.java:685)
[22:05:01] [Server thread/INFO]: [java.lang.Throwable$WrappedPrintStream:println:748]: Caused by: javax.script.ScriptException: TypeError: jp.kaiz.kaizpatch.rtm.rail.TileEntityLargeRailSectionCore@3eea27f5 has no such function "getWorldObj" in <eval> at line number 4573
[22:05:01] [Server thread/INFO]: [java.lang.Throwable$WrappedPrintStream:println:748]: 	at jdk.nashorn.api.scripting.NashornScriptEngine.throwAsScriptException(NashornScriptEngine.java:455)
[22:05:01] [Server thread/INFO]: [java.lang.Throwable$WrappedPrintStream:println:748]: 	at jdk.nashorn.api.scripting.NashornScriptEngine.invokeImpl(NashornScriptEngine.java:387)
[22:05:01] [Server thread/INFO]: [java.lang.Throwable$WrappedPrintStream:println:748]: 	at jdk.nashorn.api.scripting.NashornScriptEngine.invokeFunction(NashornScriptEngine.java:187)
[22:05:01] [Server thread/INFO]: [java.lang.Throwable$WrappedPrintStream:println:748]: 	at jp.ngt.ngtlib.io.ScriptUtil.doScriptFunction(ScriptUtil.java:58)
[22:05:01] [Server thread/INFO]: [java.lang.Throwable$WrappedPrintStream:println:748]: 	... 21 more
[22:05:01] [Server thread/INFO]: [java.lang.Throwable$WrappedPrintStream:println:748]: Caused by: <eval>:4573 TypeError: jp.kaiz.kaizpatch.rtm.rail.TileEntityLargeRailSectionCore@3eea27f5 has no such function "getWorldObj"
[22:05:01] [Server thread/INFO]: [java.lang.Throwable$WrappedPrintStream:println:748]: 	at jdk.nashorn.internal.runtime.ECMAErrors.error(ECMAErrors.java:57)
[22:05:01] [Server thread/INFO]: [java.lang.Throwable$WrappedPrintStream:println:748]: 	at jdk.nashorn.internal.runtime.ECMAErrors.typeError(ECMAErrors.java:213)
[22:05:01] [Server thread/INFO]: [java.lang.Throwable$WrappedPrintStream:println:748]: 	at jdk.nashorn.internal.runtime.ECMAErrors.typeError(ECMAErrors.java:185)
[22:05:01] [Server thread/INFO]: [java.lang.Throwable$WrappedPrintStream:println:748]: 	at jdk.nashorn.internal.runtime.ECMAErrors.typeError(ECMAErrors.java:172)
[22:05:01] [Server thread/INFO]: [java.lang.Throwable$WrappedPrintStream:println:748]: 	at jdk.nashorn.internal.runtime.linker.NashornBottomLinker.linkBean(NashornBottomLinker.java:103)
[22:05:01] [Server thread/INFO]: [java.lang.Throwable$WrappedPrintStream:println:748]: 	at jdk.nashorn.internal.runtime.linker.NashornBottomLinker.getGuardedInvocation(NashornBottomLinker.java:71)
[22:05:01] [Server thread/INFO]: [java.lang.Throwable$WrappedPrintStream:println:748]: 	at jdk.internal.dynalink.support.CompositeGuardingDynamicLinker.getGuardedInvocation(CompositeGuardingDynamicLinker.java:124)
[22:05:01] [Server thread/INFO]: [java.lang.Throwable$WrappedPrintStream:println:748]: 	at jdk.internal.dynalink.support.LinkerServicesImpl.getGuardedInvocation(LinkerServicesImpl.java:149)
[22:05:01] [Server thread/INFO]: [java.lang.Throwable$WrappedPrintStream:println:748]: 	at jdk.internal.dynalink.DynamicLinker.relink(DynamicLinker.java:233)
[22:05:01] [Server thread/INFO]: [java.lang.Throwable$WrappedPrintStream:println:748]: 	at jdk.nashorn.internal.scripts.Script$Recompilation$7614$188583AAAAAAAA$\^eval\_.RTMX_loadCompatTarget_kaizpatch_scripts_superrailbuilderx_RailPositionCompat_1suqebq$L:4466$RailPositionCompat$moveSectionedRailPosition(<eval>:4573)
[22:05:01] [Server thread/INFO]: [java.lang.Throwable$WrappedPrintStream:println:748]: 	at jdk.nashorn.internal.scripts.Script$Recompilation$7610$187411AAAAAAAA$\^eval\_.RTMX_loadCompatTarget_kaizpatch_scripts_superrailbuilderx_RailPositionCompat_1suqebq$L:4466$RailPositionCompat$moveRailPosition(<eval>:4537)
[22:05:01] [Server thread/INFO]: [java.lang.Throwable$WrappedPrintStream:println:748]: 	at jdk.nashorn.internal.scripts.Script$Recompilation$7607$200380AA$\^eval\_.applyRequest(<eval>:4807)
[22:05:01] [Server thread/INFO]: [java.lang.Throwable$WrappedPrintStream:println:748]: 	at jdk.nashorn.internal.scripts.Script$Recompilation$7571$201151AA$\^eval\_.onUpdate(<eval>:4843)
[22:05:01] [Server thread/INFO]: [java.lang.Throwable$WrappedPrintStream:println:748]: 	at jdk.nashorn.internal.runtime.ScriptFunctionData.invoke(ScriptFunctionData.java:640)
[22:05:01] [Server thread/INFO]: [java.lang.Throwable$WrappedPrintStream:println:748]: 	at jdk.nashorn.internal.runtime.ScriptFunction.invoke(ScriptFunction.java:229)
[22:05:01] [Server thread/INFO]: [java.lang.Throwable$WrappedPrintStream:println:748]: 	at jdk.nashorn.internal.runtime.ScriptRuntime.apply(ScriptRuntime.java:387)
[22:05:01] [Server thread/INFO]: [java.lang.Throwable$WrappedPrintStream:println:748]: 	at jdk.nashorn.api.scripting.ScriptObjectMirror.callMember(ScriptObjectMirror.java:192)
[22:05:01] [Server thread/INFO]: [java.lang.Throwable$WrappedPrintStream:println:748]: 	at jdk.nashorn.api.scripting.NashornScriptEngine.invokeImpl(NashornScriptEngine.java:381)
[22:05:01] [Server thread/INFO]: [java.lang.Throwable$WrappedPrintStream:println:748]: 	... 23 more
[22:05:01] [Server thread/INFO]: [java.lang.Throwable$WrappedPrintStream:println:748]: java.lang.RuntimeException: Script exec error : onUpdate
[22:05:01] [Server thread/INFO]: [java.lang.Throwable$WrappedPrintStream:println:748]: 	at jp.ngt.ngtlib.io.ScriptUtil.doScriptFunction(ScriptUtil.java:60)
[22:05:01] [Server thread/INFO]: [java.lang.Throwable$WrappedPrintStream:println:748]: 	at jp.ngt.ngtlib.io.ScriptUtil.doScriptIgnoreError(ScriptUtil.java:66)
[22:05:01] [Server thread/INFO]: [java.lang.Throwable$WrappedPrintStream:println:748]: 	at jp.ngt.rtm.modelpack.ScriptExecuter.callMethod(ScriptExecuter.java:24)
[22:05:01] [Server thread/INFO]: [java.lang.Throwable$WrappedPrintStream:println:748]: 	at jp.ngt.rtm.modelpack.ScriptExecuter.execScript(ScriptExecuter.java:36)
[22:05:01] [Server thread/INFO]: [java.lang.Throwable$WrappedPrintStream:println:748]: 	at jp.ngt.rtm.modelpack.ScriptExecuter.execScript(ScriptExecuter.java:30)
[22:05:01] [Server thread/INFO]: [java.lang.Throwable$WrappedPrintStream:println:748]: 	at jp.ngt.rtm.entity.vehicle.EntityVehicleBase.onVehicleUpdate(EntityVehicleBase.java:203)
[22:05:01] [Server thread/INFO]: [java.lang.Throwable$WrappedPrintStream:println:748]: 	at jp.ngt.rtm.entity.vehicle.EntityVehicle.onVehicleUpdate(EntityVehicle.java:66)
[22:05:01] [Server thread/INFO]: [java.lang.Throwable$WrappedPrintStream:println:748]: 	at jp.ngt.rtm.entity.vehicle.EntityVehicleBase.func_70071_h_(EntityVehicleBase.java:168)
[22:05:01] [Server thread/INFO]: [java.lang.Throwable$WrappedPrintStream:println:748]: 	at net.minecraft.entity.Entity.func_70098_U(Entity.java:1579)
[22:05:01] [Server thread/INFO]: [java.lang.Throwable$WrappedPrintStream:println:748]: 	at net.minecraft.world.World.func_72866_a(World.java:2066)
[22:05:01] [Server thread/INFO]: [java.lang.Throwable$WrappedPrintStream:println:748]: 	at net.minecraft.world.WorldServer.func_72866_a(WorldServer.java:648)
[22:05:01] [Server thread/INFO]: [java.lang.Throwable$WrappedPrintStream:println:748]: 	at net.minecraft.world.World.func_72870_g(World.java:2034)
[22:05:01] [Server thread/INFO]: [java.lang.Throwable$WrappedPrintStream:println:748]: 	at net.minecraft.world.World.func_72866_a(World.java:2129)
[22:05:01] [Server thread/INFO]: [java.lang.Throwable$WrappedPrintStream:println:748]: 	at net.minecraft.world.WorldServer.func_72866_a(WorldServer.java:648)
[22:05:01] [Server thread/INFO]: [java.lang.Throwable$WrappedPrintStream:println:748]: 	at net.minecraft.world.World.func_72870_g(World.java:2034)
[22:05:01] [Server thread/INFO]: [java.lang.Throwable$WrappedPrintStream:println:748]: 	at net.minecraft.world.World.func_72939_s(World.java:1887)
[22:05:01] [Server thread/INFO]: [java.lang.Throwable$WrappedPrintStream:println:748]: 	at net.minecraft.world.WorldServer.func_72939_s(WorldServer.java:489)
[22:05:01] [Server thread/INFO]: [java.lang.Throwable$WrappedPrintStream:println:748]: 	at net.minecraft.server.MinecraftServer.func_71190_q(MinecraftServer.java:636)
[22:05:01] [Server thread/INFO]: [java.lang.Throwable$WrappedPrintStream:println:748]: 	at net.minecraft.server.MinecraftServer.func_71217_p(MinecraftServer.java:547)
[22:05:01] [Server thread/INFO]: [java.lang.Throwable$WrappedPrintStream:println:748]: 	at net.minecraft.server.integrated.IntegratedServer.func_71217_p(IntegratedServer.java:111)
[22:05:01] [Server thread/INFO]: [java.lang.Throwable$WrappedPrintStream:println:748]: 	at net.minecraft.server.MinecraftServer.run(MinecraftServer.java:427)
[22:05:01] [Server thread/INFO]: [java.lang.Throwable$WrappedPrintStream:println:748]: 	at net.minecraft.server.MinecraftServer$2.run(MinecraftServer.java:685)
[22:05:01] [Server thread/INFO]: [java.lang.Throwable$WrappedPrintStream:println:748]: Caused by: javax.script.ScriptException: TypeError: jp.kaiz.kaizpatch.rtm.rail.TileEntityLargeRailSectionCore@3eea27f5 has no such function "getWorldObj" in <eval> at line number 4573
[22:05:01] [Server thread/INFO]: [java.lang.Throwable$WrappedPrintStream:println:748]: 	at jdk.nashorn.api.scripting.NashornScriptEngine.throwAsScriptException(NashornScriptEngine.java:455)
[22:05:01] [Server thread/INFO]: [java.lang.Throwable$WrappedPrintStream:println:748]: 	at jdk.nashorn.api.scripting.NashornScriptEngine.invokeImpl(NashornScriptEngine.java:387)
[22:05:01] [Server thread/INFO]: [java.lang.Throwable$WrappedPrintStream:println:748]: 	at jdk.nashorn.api.scripting.NashornScriptEngine.invokeFunction(NashornScriptEngine.java:187)
[22:05:01] [Server thread/INFO]: [java.lang.Throwable$WrappedPrintStream:println:748]: 	at jp.ngt.ngtlib.io.ScriptUtil.doScriptFunction(ScriptUtil.java:58)
[22:05:01] [Server thread/INFO]: [java.lang.Throwable$WrappedPrintStream:println:748]: 	... 21 more
[22:05:01] [Server thread/INFO]: [java.lang.Throwable$WrappedPrintStream:println:748]: Caused by: <eval>:4573 TypeError: jp.kaiz.kaizpatch.rtm.rail.TileEntityLargeRailSectionCore@3eea27f5 has no such function "getWorldObj"
[22:05:01] [Server thread/INFO]: [java.lang.Throwable$WrappedPrintStream:println:748]: 	at jdk.nashorn.internal.runtime.ECMAErrors.error(ECMAErrors.java:57)
[22:05:01] [Server thread/INFO]: [java.lang.Throwable$WrappedPrintStream:println:748]: 	at jdk.nashorn.internal.runtime.ECMAErrors.typeError(ECMAErrors.java:213)
[22:05:01] [Server thread/INFO]: [java.lang.Throwable$WrappedPrintStream:println:748]: 	at jdk.nashorn.internal.runtime.ECMAErrors.typeError(ECMAErrors.java:185)
[22:05:01] [Server thread/INFO]: [java.lang.Throwable$WrappedPrintStream:println:748]: 	at jdk.nashorn.internal.runtime.ECMAErrors.typeError(ECMAErrors.java:172)
[22:05:01] [Server thread/INFO]: [java.lang.Throwable$WrappedPrintStream:println:748]: 	at jdk.nashorn.internal.runtime.linker.NashornBottomLinker.linkBean(NashornBottomLinker.java:103)
[22:05:01] [Server thread/INFO]: [java.lang.Throwable$WrappedPrintStream:println:748]: 	at jdk.nashorn.internal.runtime.linker.NashornBottomLinker.getGuardedInvocation(NashornBottomLinker.java:71)
[22:05:01] [Server thread/INFO]: [java.lang.Throwable$WrappedPrintStream:println:748]: 	at jdk.internal.dynalink.support.CompositeGuardingDynamicLinker.getGuardedInvocation(CompositeGuardingDynamicLinker.java:124)
[22:05:01] [Server thread/INFO]: [java.lang.Throwable$WrappedPrintStream:println:748]: 	at jdk.internal.dynalink.support.LinkerServicesImpl.getGuardedInvocation(LinkerServicesImpl.java:149)
[22:05:01] [Server thread/INFO]: [java.lang.Throwable$WrappedPrintStream:println:748]: 	at jdk.internal.dynalink.DynamicLinker.relink(DynamicLinker.java:233)
[22:05:01] [Server thread/INFO]: [java.lang.Throwable$WrappedPrintStream:println:748]: 	at jdk.nashorn.internal.scripts.Script$Recompilation$7614$188583AAAAAAAA$\^eval\_.RTMX_loadCompatTarget_kaizpatch_scripts_superrailbuilderx_RailPositionCompat_1suqebq$L:4466$RailPositionCompat$moveSectionedRailPosition(<eval>:4573)
[22:05:01] [Server thread/INFO]: [java.lang.Throwable$WrappedPrintStream:println:748]: 	at jdk.nashorn.internal.scripts.Script$Recompilation$7610$187411AAAAAAAA$\^eval\_.RTMX_loadCompatTarget_kaizpatch_scripts_superrailbuilderx_RailPositionCompat_1suqebq$L:4466$RailPositionCompat$moveRailPosition(<eval>:4537)
[22:05:01] [Server thread/INFO]: [java.lang.Throwable$WrappedPrintStream:println:748]: 	at jdk.nashorn.internal.scripts.Script$Recompilation$7607$200380AA$\^eval\_.applyRequest(<eval>:4807)
[22:05:01] [Server thread/INFO]: [java.lang.Throwable$WrappedPrintStream:println:748]: 	at jdk.nashorn.internal.scripts.Script$Recompilation$7571$201151AA$\^eval\_.onUpdate(<eval>:4843)
[22:05:01] [Server thread/INFO]: [java.lang.Throwable$WrappedPrintStream:println:748]: 	at jdk.nashorn.internal.runtime.ScriptFunctionData.invoke(ScriptFunctionData.java:640)
[22:05:01] [Server thread/INFO]: [java.lang.Throwable$WrappedPrintStream:println:748]: 	at jdk.nashorn.internal.runtime.ScriptFunction.invoke(ScriptFunction.java:229)
[22:05:01] [Server thread/INFO]: [java.lang.Throwable$WrappedPrintStream:println:748]: 	at jdk.nashorn.internal.runtime.ScriptRuntime.apply(ScriptRuntime.java:387)
[22:05:01] [Server thread/INFO]: [java.lang.Throwable$WrappedPrintStream:println:748]: 	at jdk.nashorn.api.scripting.ScriptObjectMirror.callMember(ScriptObjectMirror.java:192)
[22:05:01] [Server thread/INFO]: [java.lang.Throwable$WrappedPrintStream:println:748]: 	at jdk.nashorn.api.scripting.NashornScriptEngine.invokeImpl(NashornScriptEngine.java:381)
[22:05:01] [Server thread/INFO]: [java.lang.Throwable$WrappedPrintStream:println:748]: 	... 23 more
[22:05:01] [Server thread/INFO]: [java.lang.Throwable$WrappedPrintStream:println:748]: java.lang.RuntimeException: Script exec error : onUpdate
[22:05:01] [Server thread/INFO]: [java.lang.Throwable$WrappedPrintStream:println:748]: 	at jp.ngt.ngtlib.io.ScriptUtil.doScriptFunction(ScriptUtil.java:60)
[22:05:01] [Server thread/INFO]: [java.lang.Throwable$WrappedPrintStream:println:748]: 	at jp.ngt.ngtlib.io.ScriptUtil.doScriptIgnoreError(ScriptUtil.java:66)
[22:05:01] [Server thread/INFO]: [java.lang.Throwable$WrappedPrintStream:println:748]: 	at jp.ngt.rtm.modelpack.ScriptExecuter.callMethod(ScriptExecuter.java:24)
[22:05:01] [Server thread/INFO]: [java.lang.Throwable$WrappedPrintStream:println:748]: 	at jp.ngt.rtm.modelpack.ScriptExecuter.execScript(ScriptExecuter.java:36)
[22:05:01] [Server thread/INFO]: [java.lang.Throwable$WrappedPrintStream:println:748]: 	at jp.ngt.rtm.modelpack.ScriptExecuter.execScript(ScriptExecuter.java:30)
[22:05:01] [Server thread/INFO]: [java.lang.Throwable$WrappedPrintStream:println:748]: 	at jp.ngt.rtm.entity.vehicle.EntityVehicleBase.onVehicleUpdate(EntityVehicleBase.java:203)
[22:05:01] [Server thread/INFO]: [java.lang.Throwable$WrappedPrintStream:println:748]: 	at jp.ngt.rtm.entity.vehicle.EntityVehicle.onVehicleUpdate(EntityVehicle.java:66)
[22:05:01] [Server thread/INFO]: [java.lang.Throwable$WrappedPrintStream:println:748]: 	at jp.ngt.rtm.entity.vehicle.EntityVehicleBase.func_70071_h_(EntityVehicleBase.java:168)
[22:05:01] [Server thread/INFO]: [java.lang.Throwable$WrappedPrintStream:println:748]: 	at net.minecraft.entity.Entity.func_70098_U(Entity.java:1579)
[22:05:01] [Server thread/INFO]: [java.lang.Throwable$WrappedPrintStream:println:748]: 	at net.minecraft.world.World.func_72866_a(World.java:2066)
[22:05:01] [Server thread/INFO]: [java.lang.Throwable$WrappedPrintStream:println:748]: 	at net.minecraft.world.WorldServer.func_72866_a(WorldServer.java:648)
[22:05:01] [Server thread/INFO]: [java.lang.Throwable$WrappedPrintStream:println:748]: 	at net.minecraft.world.World.func_72870_g(World.java:2034)
[22:05:01] [Server thread/INFO]: [java.lang.Throwable$WrappedPrintStream:println:748]: 	at net.minecraft.world.World.func_72866_a(World.java:2129)
[22:05:01] [Server thread/INFO]: [java.lang.Throwable$WrappedPrintStream:println:748]: 	at net.minecraft.world.WorldServer.func_72866_a(WorldServer.java:648)
[22:05:01] [Server thread/INFO]: [java.lang.Throwable$WrappedPrintStream:println:748]: 	at net.minecraft.world.World.func_72870_g(World.java:2034)
[22:05:01] [Server thread/INFO]: [java.lang.Throwable$WrappedPrintStream:println:748]: 	at net.minecraft.world.World.func_72939_s(World.java:1887)
[22:05:01] [Server thread/INFO]: [java.lang.Throwable$WrappedPrintStream:println:748]: 	at net.minecraft.world.WorldServer.func_72939_s(WorldServer.java:489)
[22:05:01] [Server thread/INFO]: [java.lang.Throwable$WrappedPrintStream:println:748]: 	at net.minecraft.server.MinecraftServer.func_71190_q(MinecraftServer.java:636)
[22:05:01] [Server thread/INFO]: [java.lang.Throwable$WrappedPrintStream:println:748]: 	at net.minecraft.server.MinecraftServer.func_71217_p(MinecraftServer.java:547)
[22:05:01] [Server thread/INFO]: [java.lang.Throwable$WrappedPrintStream:println:748]: 	at net.minecraft.server.integrated.IntegratedServer.func_71217_p(IntegratedServer.java:111)
[22:05:01] [Server thread/INFO]: [java.lang.Throwable$WrappedPrintStream:println:748]: 	at net.minecraft.server.MinecraftServer.run(MinecraftServer.java:427)
[22:05:01] [Server thread/INFO]: [java.lang.Throwable$WrappedPrintStream:println:748]: 	at net.minecraft.server.MinecraftServer$2.run(MinecraftServer.java:685)
[22:05:01] [Server thread/INFO]: [java.lang.Throwable$WrappedPrintStream:println:748]: Caused by: javax.script.ScriptException: TypeError: jp.kaiz.kaizpatch.rtm.rail.TileEntityLargeRailSectionCore@3eea27f5 has no such function "getWorldObj" in <eval> at line number 4573
[22:05:01] [Server thread/INFO]: [java.lang.Throwable$WrappedPrintStream:println:748]: 	at jdk.nashorn.api.scripting.NashornScriptEngine.throwAsScriptException(NashornScriptEngine.java:455)
[22:05:01] [Server thread/INFO]: [java.lang.Throwable$WrappedPrintStream:println:748]: 	at jdk.nashorn.api.scripting.NashornScriptEngine.invokeImpl(NashornScriptEngine.java:387)
[22:05:01] [Server thread/INFO]: [java.lang.Throwable$WrappedPrintStream:println:748]: 	at jdk.nashorn.api.scripting.NashornScriptEngine.invokeFunction(NashornScriptEngine.java:187)
[22:05:01] [Server thread/INFO]: [java.lang.Throwable$WrappedPrintStream:println:748]: 	at jp.ngt.ngtlib.io.ScriptUtil.doScriptFunction(ScriptUtil.java:58)
[22:05:01] [Server thread/INFO]: [java.lang.Throwable$WrappedPrintStream:println:748]: 	... 21 more
[22:05:01] [Server thread/INFO]: [java.lang.Throwable$WrappedPrintStream:println:748]: Caused by: <eval>:4573 TypeError: jp.kaiz.kaizpatch.rtm.rail.TileEntityLargeRailSectionCore@3eea27f5 has no such function "getWorldObj"
[22:05:01] [Server thread/INFO]: [java.lang.Throwable$WrappedPrintStream:println:748]: 	at jdk.nashorn.internal.runtime.ECMAErrors.error(ECMAErrors.java:57)
[22:05:01] [Server thread/INFO]: [java.lang.Throwable$WrappedPrintStream:println:748]: 	at jdk.nashorn.internal.runtime.ECMAErrors.typeError(ECMAErrors.java:213)
[22:05:01] [Server thread/INFO]: [java.lang.Throwable$WrappedPrintStream:println:748]: 	at jdk.nashorn.internal.runtime.ECMAErrors.typeError(ECMAErrors.java:185)
[22:05:01] [Server thread/INFO]: [java.lang.Throwable$WrappedPrintStream:println:748]: 	at jdk.nashorn.internal.runtime.ECMAErrors.typeError(ECMAErrors.java:172)
[22:05:01] [Server thread/INFO]: [java.lang.Throwable$WrappedPrintStream:println:748]: 	at jdk.nashorn.internal.runtime.linker.NashornBottomLinker.linkBean(NashornBottomLinker.java:103)
[22:05:01] [Server thread/INFO]: [java.lang.Throwable$WrappedPrintStream:println:748]: 	at jdk.nashorn.internal.runtime.linker.NashornBottomLinker.getGuardedInvocation(NashornBottomLinker.java:71)
[22:05:01] [Server thread/INFO]: [java.lang.Throwable$WrappedPrintStream:println:748]: 	at jdk.internal.dynalink.support.CompositeGuardingDynamicLinker.getGuardedInvocation(CompositeGuardingDynamicLinker.java:124)
[22:05:01] [Server thread/INFO]: [java.lang.Throwable$WrappedPrintStream:println:748]: 	at jdk.internal.dynalink.support.LinkerServicesImpl.getGuardedInvocation(LinkerServicesImpl.java:149)
[22:05:01] [Server thread/INFO]: [java.lang.Throwable$WrappedPrintStream:println:748]: 	at jdk.internal.dynalink.DynamicLinker.relink(DynamicLinker.java:233)
[22:05:01] [Server thread/INFO]: [java.lang.Throwable$WrappedPrintStream:println:748]: 	at jdk.nashorn.internal.scripts.Script$Recompilation$7614$188583AAAAAAAA$\^eval\_.RTMX_loadCompatTarget_kaizpatch_scripts_superrailbuilderx_RailPositionCompat_1suqebq$L:4466$RailPositionCompat$moveSectionedRailPosition(<eval>:4573)
[22:05:01] [Server thread/INFO]: [java.lang.Throwable$WrappedPrintStream:println:748]: 	at jdk.nashorn.internal.scripts.Script$Recompilation$7610$187411AAAAAAAA$\^eval\_.RTMX_loadCompatTarget_kaizpatch_scripts_superrailbuilderx_RailPositionCompat_1suqebq$L:4466$RailPositionCompat$moveRailPosition(<eval>:4537)
[22:05:01] [Server thread/INFO]: [java.lang.Throwable$WrappedPrintStream:println:748]: 	at jdk.nashorn.internal.scripts.Script$Recompilation$7607$200380AA$\^eval\_.applyRequest(<eval>:4807)
[22:05:01] [Server thread/INFO]: [java.lang.Throwable$WrappedPrintStream:println:748]: 	at jdk.nashorn.internal.scripts.Script$Recompilation$7571$201151AA$\^eval\_.onUpdate(<eval>:4843)
[22:05:01] [Server thread/INFO]: [java.lang.Throwable$WrappedPrintStream:println:748]: 	at jdk.nashorn.internal.runtime.ScriptFunctionData.invoke(ScriptFunctionData.java:640)
[22:05:01] [Server thread/INFO]: [java.lang.Throwable$WrappedPrintStream:println:748]: 	at jdk.nashorn.internal.runtime.ScriptFunction.invoke(ScriptFunction.java:229)
[22:05:01] [Server thread/INFO]: [java.lang.Throwable$WrappedPrintStream:println:748]: 	at jdk.nashorn.internal.runtime.ScriptRuntime.apply(ScriptRuntime.java:387)
[22:05:01] [Server thread/INFO]: [java.lang.Throwable$WrappedPrintStream:println:748]: 	at jdk.nashorn.api.scripting.ScriptObjectMirror.callMember(ScriptObjectMirror.java:192)
[22:05:01] [Server thread/INFO]: [java.lang.Throwable$WrappedPrintStream:println:748]: 	at jdk.nashorn.api.scripting.NashornScriptEngine.invokeImpl(NashornScriptEngine.java:381)
[22:05:01] [Server thread/INFO]: [java.lang.Throwable$WrappedPrintStream:println:748]: 	... 23 more
[22:05:01] [Server thread/INFO]: [java.lang.Throwable$WrappedPrintStream:println:748]: java.lang.RuntimeException: Script exec error : onUpdate
[22:05:01] [Server thread/INFO]: [java.lang.Throwable$WrappedPrintStream:println:748]: 	at jp.ngt.ngtlib.io.ScriptUtil.doScriptFunction(ScriptUtil.java:60)
[22:05:01] [Server thread/INFO]: [java.lang.Throwable$WrappedPrintStream:println:748]: 	at jp.ngt.ngtlib.io.ScriptUtil.doScriptIgnoreError(ScriptUtil.java:66)
[22:05:01] [Server thread/INFO]: [java.lang.Throwable$WrappedPrintStream:println:748]: 	at jp.ngt.rtm.modelpack.ScriptExecuter.callMethod(ScriptExecuter.java:24)
[22:05:01] [Server thread/INFO]: [java.lang.Throwable$WrappedPrintStream:println:748]: 	at jp.ngt.rtm.modelpack.ScriptExecuter.execScript(ScriptExecuter.java:36)
[22:05:01] [Server thread/INFO]: [java.lang.Throwable$WrappedPrintStream:println:748]: 	at jp.ngt.rtm.modelpack.ScriptExecuter.execScript(ScriptExecuter.java:30)
[22:05:01] [Server thread/INFO]: [java.lang.Throwable$WrappedPrintStream:println:748]: 	at jp.ngt.rtm.entity.vehicle.EntityVehicleBase.onVehicleUpdate(EntityVehicleBase.java:203)
[22:05:01] [Server thread/INFO]: [java.lang.Throwable$WrappedPrintStream:println:748]: 	at jp.ngt.rtm.entity.vehicle.EntityVehicle.onVehicleUpdate(EntityVehicle.java:66)
[22:05:01] [Server thread/INFO]: [java.lang.Throwable$WrappedPrintStream:println:748]: 	at jp.ngt.rtm.entity.vehicle.EntityVehicleBase.func_70071_h_(EntityVehicleBase.java:168)
[22:05:01] [Server thread/INFO]: [java.lang.Throwable$WrappedPrintStream:println:748]: 	at net.minecraft.entity.Entity.func_70098_U(Entity.java:1579)
[22:05:01] [Server thread/INFO]: [java.lang.Throwable$WrappedPrintStream:println:748]: 	at net.minecraft.world.World.func_72866_a(World.java:2066)
[22:05:01] [Server thread/INFO]: [java.lang.Throwable$WrappedPrintStream:println:748]: 	at net.minecraft.world.WorldServer.func_72866_a(WorldServer.java:648)
[22:05:01] [Server thread/INFO]: [java.lang.Throwable$WrappedPrintStream:println:748]: 	at net.minecraft.world.World.func_72870_g(World.java:2034)
[22:05:01] [Server thread/INFO]: [java.lang.Throwable$WrappedPrintStream:println:748]: 	at net.minecraft.world.World.func_72866_a(World.java:2129)
[22:05:01] [Server thread/INFO]: [java.lang.Throwable$WrappedPrintStream:println:748]: 	at net.minecraft.world.WorldServer.func_72866_a(WorldServer.java:648)
[22:05:01] [Server thread/INFO]: [java.lang.Throwable$WrappedPrintStream:println:748]: 	at net.minecraft.world.World.func_72870_g(World.java:2034)
[22:05:01] [Server thread/INFO]: [java.lang.Throwable$WrappedPrintStream:println:748]: 	at net.minecraft.world.World.func_72939_s(World.java:1887)
[22:05:01] [Server thread/INFO]: [java.lang.Throwable$WrappedPrintStream:println:748]: 	at net.minecraft.world.WorldServer.func_72939_s(WorldServer.java:489)
[22:05:01] [Server thread/INFO]: [java.lang.Throwable$WrappedPrintStream:println:748]: 	at net.minecraft.server.MinecraftServer.func_71190_q(MinecraftServer.java:636)
[22:05:01] [Server thread/INFO]: [java.lang.Throwable$WrappedPrintStream:println:748]: 	at net.minecraft.server.MinecraftServer.func_71217_p(MinecraftServer.java:547)
[22:05:01] [Server thread/INFO]: [java.lang.Throwable$WrappedPrintStream:println:748]: 	at net.minecraft.server.integrated.IntegratedServer.func_71217_p(IntegratedServer.java:111)
[22:05:01] [Server thread/INFO]: [java.lang.Throwable$WrappedPrintStream:println:748]: 	at net.minecraft.server.MinecraftServer.run(MinecraftServer.java:427)
[22:05:01] [Server thread/INFO]: [java.lang.Throwable$WrappedPrintStream:println:748]: 	at net.minecraft.server.MinecraftServer$2.run(MinecraftServer.java:685)
[22:05:01] [Server thread/INFO]: [java.lang.Throwable$WrappedPrintStream:println:748]: Caused by: javax.script.ScriptException: TypeError: jp.kaiz.kaizpatch.rtm.rail.TileEntityLargeRailSectionCore@3eea27f5 has no such function "getWorldObj" in <eval> at line number 4573
[22:05:01] [Server thread/INFO]: [java.lang.Throwable$WrappedPrintStream:println:748]: 	at jdk.nashorn.api.scripting.NashornScriptEngine.throwAsScriptException(NashornScriptEngine.java:455)
[22:05:01] [Server thread/INFO]: [java.lang.Throwable$WrappedPrintStream:println:748]: 	at jdk.nashorn.api.scripting.NashornScriptEngine.invokeImpl(NashornScriptEngine.java:387)
[22:05:01] [Server thread/INFO]: [java.lang.Throwable$WrappedPrintStream:println:748]: 	at jdk.nashorn.api.scripting.NashornScriptEngine.invokeFunction(NashornScriptEngine.java:187)
[22:05:01] [Server thread/INFO]: [java.lang.Throwable$WrappedPrintStream:println:748]: 	at jp.ngt.ngtlib.io.ScriptUtil.doScriptFunction(ScriptUtil.java:58)
[22:05:01] [Server thread/INFO]: [java.lang.Throwable$WrappedPrintStream:println:748]: 	... 21 more
[22:05:01] [Server thread/INFO]: [java.lang.Throwable$WrappedPrintStream:println:748]: Caused by: <eval>:4573 TypeError: jp.kaiz.kaizpatch.rtm.rail.TileEntityLargeRailSectionCore@3eea27f5 has no such function "getWorldObj"
[22:05:01] [Server thread/INFO]: [java.lang.Throwable$WrappedPrintStream:println:748]: 	at jdk.nashorn.internal.runtime.ECMAErrors.error(ECMAErrors.java:57)
[22:05:01] [Server thread/INFO]: [java.lang.Throwable$WrappedPrintStream:println:748]: 	at jdk.nashorn.internal.runtime.ECMAErrors.typeError(ECMAErrors.java:213)
[22:05:01] [Server thread/INFO]: [java.lang.Throwable$WrappedPrintStream:println:748]: 	at jdk.nashorn.internal.runtime.ECMAErrors.typeError(ECMAErrors.java:185)
[22:05:01] [Server thread/INFO]: [java.lang.Throwable$WrappedPrintStream:println:748]: 	at jdk.nashorn.internal.runtime.ECMAErrors.typeError(ECMAErrors.java:172)
[22:05:01] [Server thread/INFO]: [java.lang.Throwable$WrappedPrintStream:println:748]: 	at jdk.nashorn.internal.runtime.linker.NashornBottomLinker.linkBean(NashornBottomLinker.java:103)
[22:05:01] [Server thread/INFO]: [java.lang.Throwable$WrappedPrintStream:println:748]: 	at jdk.nashorn.internal.runtime.linker.NashornBottomLinker.getGuardedInvocation(NashornBottomLinker.java:71)
[22:05:01] [Server thread/INFO]: [java.lang.Throwable$WrappedPrintStream:println:748]: 	at jdk.internal.dynalink.support.CompositeGuardingDynamicLinker.getGuardedInvocation(CompositeGuardingDynamicLinker.java:124)
[22:05:01] [Server thread/INFO]: [java.lang.Throwable$WrappedPrintStream:println:748]: 	at jdk.internal.dynalink.support.LinkerServicesImpl.getGuardedInvocation(LinkerServicesImpl.java:149)
[22:05:01] [Server thread/INFO]: [java.lang.Throwable$WrappedPrintStream:println:748]: 	at jdk.internal.dynalink.DynamicLinker.relink(DynamicLinker.java:233)
[22:05:01] [Server thread/INFO]: [java.lang.Throwable$WrappedPrintStream:println:748]: 	at jdk.nashorn.internal.scripts.Script$Recompilation$7614$188583AAAAAAAA$\^eval\_.RTMX_loadCompatTarget_kaizpatch_scripts_superrailbuilderx_RailPositionCompat_1suqebq$L:4466$RailPositionCompat$moveSectionedRailPosition(<eval>:4573)
[22:05:01] [Server thread/INFO]: [java.lang.Throwable$WrappedPrintStream:println:748]: 	at jdk.nashorn.internal.scripts.Script$Recompilation$7610$187411AAAAAAAA$\^eval\_.RTMX_loadCompatTarget_kaizpatch_scripts_superrailbuilderx_RailPositionCompat_1suqebq$L:4466$RailPositionCompat$moveRailPosition(<eval>:4537)
[22:05:01] [Server thread/INFO]: [java.lang.Throwable$WrappedPrintStream:println:748]: 	at jdk.nashorn.internal.scripts.Script$Recompilation$7607$200380AA$\^eval\_.applyRequest(<eval>:4807)
[22:05:01] [Server thread/INFO]: [java.lang.Throwable$WrappedPrintStream:println:748]: 	at jdk.nashorn.internal.scripts.Script$Recompilation$7571$201151AA$\^eval\_.onUpdate(<eval>:4843)
[22:05:01] [Server thread/INFO]: [java.lang.Throwable$WrappedPrintStream:println:748]: 	at jdk.nashorn.internal.runtime.ScriptFunctionData.invoke(ScriptFunctionData.java:640)
[22:05:01] [Server thread/INFO]: [java.lang.Throwable$WrappedPrintStream:println:748]: 	at jdk.nashorn.internal.runtime.ScriptFunction.invoke(ScriptFunction.java:229)
[22:05:01] [Server thread/INFO]: [java.lang.Throwable$WrappedPrintStream:println:748]: 	at jdk.nashorn.internal.runtime.ScriptRuntime.apply(ScriptRuntime.java:387)
[22:05:01] [Server thread/INFO]: [java.lang.Throwable$WrappedPrintStream:println:748]: 	at jdk.nashorn.api.scripting.ScriptObjectMirror.callMember(ScriptObjectMirror.java:192)
[22:05:01] [Server thread/INFO]: [java.lang.Throwable$WrappedPrintStream:println:748]: 	at jdk.nashorn.api.scripting.NashornScriptEngine.invokeImpl(NashornScriptEngine.java:381)
[22:05:01] [Server thread/INFO]: [java.lang.Throwable$WrappedPrintStream:println:748]: 	... 23 more
[22:05:01] [Server thread/INFO]: [java.lang.Throwable$WrappedPrintStream:println:748]: java.lang.RuntimeException: Script exec error : onUpdate
[22:05:01] [Server thread/INFO]: [java.lang.Throwable$WrappedPrintStream:println:748]: 	at jp.ngt.ngtlib.io.ScriptUtil.doScriptFunction(ScriptUtil.java:60)
[22:05:01] [Server thread/INFO]: [java.lang.Throwable$WrappedPrintStream:println:748]: 	at jp.ngt.ngtlib.io.ScriptUtil.doScriptIgnoreError(ScriptUtil.java:66)
[22:05:01] [Server thread/INFO]: [java.lang.Throwable$WrappedPrintStream:println:748]: 	at jp.ngt.rtm.modelpack.ScriptExecuter.callMethod(ScriptExecuter.java:24)
[22:05:01] [Server thread/INFO]: [java.lang.Throwable$WrappedPrintStream:println:748]: 	at jp.ngt.rtm.modelpack.ScriptExecuter.execScript(ScriptExecuter.java:36)
[22:05:01] [Server thread/INFO]: [java.lang.Throwable$WrappedPrintStream:println:748]: 	at jp.ngt.rtm.modelpack.ScriptExecuter.execScript(ScriptExecuter.java:30)
[22:05:01] [Server thread/INFO]: [java.lang.Throwable$WrappedPrintStream:println:748]: 	at jp.ngt.rtm.entity.vehicle.EntityVehicleBase.onVehicleUpdate(EntityVehicleBase.java:203)
[22:05:01] [Server thread/INFO]: [java.lang.Throwable$WrappedPrintStream:println:748]: 	at jp.ngt.rtm.entity.vehicle.EntityVehicle.onVehicleUpdate(EntityVehicle.java:66)
[22:05:01] [Server thread/INFO]: [java.lang.Throwable$WrappedPrintStream:println:748]: 	at jp.ngt.rtm.entity.vehicle.EntityVehicleBase.func_70071_h_(EntityVehicleBase.java:168)
[22:05:01] [Server thread/INFO]: [java.lang.Throwable$WrappedPrintStream:println:748]: 	at net.minecraft.entity.Entity.func_70098_U(Entity.java:1579)
[22:05:01] [Server thread/INFO]: [java.lang.Throwable$WrappedPrintStream:println:748]: 	at net.minecraft.world.World.func_72866_a(World.java:2066)
[22:05:01] [Server thread/INFO]: [java.lang.Throwable$WrappedPrintStream:println:748]: 	at net.minecraft.world.WorldServer.func_72866_a(WorldServer.java:648)
[22:05:01] [Server thread/INFO]: [java.lang.Throwable$WrappedPrintStream:println:748]: 	at net.minecraft.world.World.func_72870_g(World.java:2034)
[22:05:01] [Server thread/INFO]: [java.lang.Throwable$WrappedPrintStream:println:748]: 	at net.minecraft.world.World.func_72866_a(World.java:2129)
[22:05:01] [Server thread/INFO]: [java.lang.Throwable$WrappedPrintStream:println:748]: 	at net.minecraft.world.WorldServer.func_72866_a(WorldServer.java:648)
[22:05:01] [Server thread/INFO]: [java.lang.Throwable$WrappedPrintStream:println:748]: 	at net.minecraft.world.World.func_72870_g(World.java:2034)
[22:05:01] [Server thread/INFO]: [java.lang.Throwable$WrappedPrintStream:println:748]: 	at net.minecraft.world.World.func_72939_s(World.java:1887)
[22:05:01] [Server thread/INFO]: [java.lang.Throwable$WrappedPrintStream:println:748]: 	at net.minecraft.world.WorldServer.func_72939_s(WorldServer.java:489)
[22:05:01] [Server thread/INFO]: [java.lang.Throwable$WrappedPrintStream:println:748]: 	at net.minecraft.server.MinecraftServer.func_71190_q(MinecraftServer.java:636)
[22:05:01] [Server thread/INFO]: [java.lang.Throwable$WrappedPrintStream:println:748]: 	at net.minecraft.server.MinecraftServer.func_71217_p(MinecraftServer.java:547)
[22:05:01] [Server thread/INFO]: [java.lang.Throwable$WrappedPrintStream:println:748]: 	at net.minecraft.server.integrated.IntegratedServer.func_71217_p(IntegratedServer.java:111)
[22:05:01] [Server thread/INFO]: [java.lang.Throwable$WrappedPrintStream:println:748]: 	at net.minecraft.server.MinecraftServer.run(MinecraftServer.java:427)
[22:05:01] [Server thread/INFO]: [java.lang.Throwable$WrappedPrintStream:println:748]: 	at net.minecraft.server.MinecraftServer$2.run(MinecraftServer.java:685)
[22:05:01] [Server thread/INFO]: [java.lang.Throwable$WrappedPrintStream:println:748]: Caused by: javax.script.ScriptException: TypeError: jp.kaiz.kaizpatch.rtm.rail.TileEntityLargeRailSectionCore@3eea27f5 has no such function "getWorldObj" in <eval> at line number 4573
[22:05:01] [Server thread/INFO]: [java.lang.Throwable$WrappedPrintStream:println:748]: 	at jdk.nashorn.api.scripting.NashornScriptEngine.throwAsScriptException(NashornScriptEngine.java:455)
[22:05:01] [Server thread/INFO]: [java.lang.Throwable$WrappedPrintStream:println:748]: 	at jdk.nashorn.api.scripting.NashornScriptEngine.invokeImpl(NashornScriptEngine.java:387)
[22:05:01] [Server thread/INFO]: [java.lang.Throwable$WrappedPrintStream:println:748]: 	at jdk.nashorn.api.scripting.NashornScriptEngine.invokeFunction(NashornScriptEngine.java:187)
[22:05:01] [Server thread/INFO]: [java.lang.Throwable$WrappedPrintStream:println:748]: 	at jp.ngt.ngtlib.io.ScriptUtil.doScriptFunction(ScriptUtil.java:58)
[22:05:01] [Server thread/INFO]: [java.lang.Throwable$WrappedPrintStream:println:748]: 	... 21 more
[22:05:01] [Server thread/INFO]: [java.lang.Throwable$WrappedPrintStream:println:748]: Caused by: <eval>:4573 TypeError: jp.kaiz.kaizpatch.rtm.rail.TileEntityLargeRailSectionCore@3eea27f5 has no such function "getWorldObj"
[22:05:01] [Server thread/INFO]: [java.lang.Throwable$WrappedPrintStream:println:748]: 	at jdk.nashorn.internal.runtime.ECMAErrors.error(ECMAErrors.java:57)
[22:05:01] [Server thread/INFO]: [java.lang.Throwable$WrappedPrintStream:println:748]: 	at jdk.nashorn.internal.runtime.ECMAErrors.typeError(ECMAErrors.java:213)
[22:05:01] [Server thread/INFO]: [java.lang.Throwable$WrappedPrintStream:println:748]: 	at jdk.nashorn.internal.runtime.ECMAErrors.typeError(ECMAErrors.java:185)
[22:05:01] [Server thread/INFO]: [java.lang.Throwable$WrappedPrintStream:println:748]: 	at jdk.nashorn.internal.runtime.ECMAErrors.typeError(ECMAErrors.java:172)
[22:05:01] [Server thread/INFO]: [java.lang.Throwable$WrappedPrintStream:println:748]: 	at jdk.nashorn.internal.runtime.linker.NashornBottomLinker.linkBean(NashornBottomLinker.java:103)
[22:05:01] [Server thread/INFO]: [java.lang.Throwable$WrappedPrintStream:println:748]: 	at jdk.nashorn.internal.runtime.linker.NashornBottomLinker.getGuardedInvocation(NashornBottomLinker.java:71)
[22:05:01] [Server thread/INFO]: [java.lang.Throwable$WrappedPrintStream:println:748]: 	at jdk.internal.dynalink.support.CompositeGuardingDynamicLinker.getGuardedInvocation(CompositeGuardingDynamicLinker.java:124)
[22:05:01] [Server thread/INFO]: [java.lang.Throwable$WrappedPrintStream:println:748]: 	at jdk.internal.dynalink.support.LinkerServicesImpl.getGuardedInvocation(LinkerServicesImpl.java:149)
[22:05:01] [Server thread/INFO]: [java.lang.Throwable$WrappedPrintStream:println:748]: 	at jdk.internal.dynalink.DynamicLinker.relink(DynamicLinker.java:233)
[22:05:01] [Server thread/INFO]: [java.lang.Throwable$WrappedPrintStream:println:748]: 	at jdk.nashorn.internal.scripts.Script$Recompilation$7614$188583AAAAAAAA$\^eval\_.RTMX_loadCompatTarget_kaizpatch_scripts_superrailbuilderx_RailPositionCompat_1suqebq$L:4466$RailPositionCompat$moveSectionedRailPosition(<eval>:4573)
[22:05:01] [Server thread/INFO]: [java.lang.Throwable$WrappedPrintStream:println:748]: 	at jdk.nashorn.internal.scripts.Script$Recompilation$7610$187411AAAAAAAA$\^eval\_.RTMX_loadCompatTarget_kaizpatch_scripts_superrailbuilderx_RailPositionCompat_1suqebq$L:4466$RailPositionCompat$moveRailPosition(<eval>:4537)
[22:05:01] [Server thread/INFO]: [java.lang.Throwable$WrappedPrintStream:println:748]: 	at jdk.nashorn.internal.scripts.Script$Recompilation$7607$200380AA$\^eval\_.applyRequest(<eval>:4807)
[22:05:01] [Server thread/INFO]: [java.lang.Throwable$WrappedPrintStream:println:748]: 	at jdk.nashorn.internal.scripts.Script$Recompilation$7571$201151AA$\^eval\_.onUpdate(<eval>:4843)
[22:05:01] [Server thread/INFO]: [java.lang.Throwable$WrappedPrintStream:println:748]: 	at jdk.nashorn.internal.runtime.ScriptFunctionData.invoke(ScriptFunctionData.java:640)
[22:05:01] [Server thread/INFO]: [java.lang.Throwable$WrappedPrintStream:println:748]: 	at jdk.nashorn.internal.runtime.ScriptFunction.invoke(ScriptFunction.java:229)
[22:05:01] [Server thread/INFO]: [java.lang.Throwable$WrappedPrintStream:println:748]: 	at jdk.nashorn.internal.runtime.ScriptRuntime.apply(ScriptRuntime.java:387)
[22:05:01] [Server thread/INFO]: [java.lang.Throwable$WrappedPrintStream:println:748]: 	at jdk.nashorn.api.scripting.ScriptObjectMirror.callMember(ScriptObjectMirror.java:192)
[22:05:01] [Server thread/INFO]: [java.lang.Throwable$WrappedPrintStream:println:748]: 	at jdk.nashorn.api.scripting.NashornScriptEngine.invokeImpl(NashornScriptEngine.java:381)
[22:05:01] [Server thread/INFO]: [java.lang.Throwable$WrappedPrintStream:println:748]: 	... 23 more
[22:05:01] [Server thread/INFO]: [java.lang.Throwable$WrappedPrintStream:println:748]: java.lang.RuntimeException: Script exec error : onUpdate
[22:05:01] [Server thread/INFO]: [java.lang.Throwable$WrappedPrintStream:println:748]: 	at jp.ngt.ngtlib.io.ScriptUtil.doScriptFunction(ScriptUtil.java:60)
[22:05:01] [Server thread/INFO]: [java.lang.Throwable$WrappedPrintStream:println:748]: 	at jp.ngt.ngtlib.io.ScriptUtil.doScriptIgnoreError(ScriptUtil.java:66)
[22:05:01] [Server thread/INFO]: [java.lang.Throwable$WrappedPrintStream:println:748]: 	at jp.ngt.rtm.modelpack.ScriptExecuter.callMethod(ScriptExecuter.java:24)
[22:05:01] [Server thread/INFO]: [java.lang.Throwable$WrappedPrintStream:println:748]: 	at jp.ngt.rtm.modelpack.ScriptExecuter.execScript(ScriptExecuter.java:36)
[22:05:01] [Server thread/INFO]: [java.lang.Throwable$WrappedPrintStream:println:748]: 	at jp.ngt.rtm.modelpack.ScriptExecuter.execScript(ScriptExecuter.java:30)
[22:05:01] [Server thread/INFO]: [java.lang.Throwable$WrappedPrintStream:println:748]: 	at jp.ngt.rtm.entity.vehicle.EntityVehicleBase.onVehicleUpdate(EntityVehicleBase.java:203)
[22:05:01] [Server thread/INFO]: [java.lang.Throwable$WrappedPrintStream:println:748]: 	at jp.ngt.rtm.entity.vehicle.EntityVehicle.onVehicleUpdate(EntityVehicle.java:66)
[22:05:01] [Server thread/INFO]: [java.lang.Throwable$WrappedPrintStream:println:748]: 	at jp.ngt.rtm.entity.vehicle.EntityVehicleBase.func_70071_h_(EntityVehicleBase.java:168)
[22:05:01] [Server thread/INFO]: [java.lang.Throwable$WrappedPrintStream:println:748]: 	at net.minecraft.entity.Entity.func_70098_U(Entity.java:1579)
[22:05:01] [Server thread/INFO]: [java.lang.Throwable$WrappedPrintStream:println:748]: 	at net.minecraft.world.World.func_72866_a(World.java:2066)
[22:05:01] [Server thread/INFO]: [java.lang.Throwable$WrappedPrintStream:println:748]: 	at net.minecraft.world.WorldServer.func_72866_a(WorldServer.java:648)
[22:05:01] [Server thread/INFO]: [java.lang.Throwable$WrappedPrintStream:println:748]: 	at net.minecraft.world.World.func_72870_g(World.java:2034)
[22:05:01] [Server thread/INFO]: [java.lang.Throwable$WrappedPrintStream:println:748]: 	at net.minecraft.world.World.func_72866_a(World.java:2129)
[22:05:01] [Server thread/INFO]: [java.lang.Throwable$WrappedPrintStream:println:748]: 	at net.minecraft.world.WorldServer.func_72866_a(WorldServer.java:648)
[22:05:01] [Server thread/INFO]: [java.lang.Throwable$WrappedPrintStream:println:748]: 	at net.minecraft.world.World.func_72870_g(World.java:2034)
[22:05:01] [Server thread/INFO]: [java.lang.Throwable$WrappedPrintStream:println:748]: 	at net.minecraft.world.World.func_72939_s(World.java:1887)
[22:05:01] [Server thread/INFO]: [java.lang.Throwable$WrappedPrintStream:println:748]: 	at net.minecraft.world.WorldServer.func_72939_s(WorldServer.java:489)
[22:05:01] [Server thread/INFO]: [java.lang.Throwable$WrappedPrintStream:println:748]: 	at net.minecraft.server.MinecraftServer.func_71190_q(MinecraftServer.java:636)
[22:05:01] [Server thread/INFO]: [java.lang.Throwable$WrappedPrintStream:println:748]: 	at net.minecraft.server.MinecraftServer.func_71217_p(MinecraftServer.java:547)
[22:05:01] [Server thread/INFO]: [java.lang.Throwable$WrappedPrintStream:println:748]: 	at net.minecraft.server.integrated.IntegratedServer.func_71217_p(IntegratedServer.java:111)
[22:05:01] [Server thread/INFO]: [java.lang.Throwable$WrappedPrintStream:println:748]: 	at net.minecraft.server.MinecraftServer.run(MinecraftServer.java:427)
[22:05:01] [Server thread/INFO]: [java.lang.Throwable$WrappedPrintStream:println:748]: 	at net.minecraft.server.MinecraftServer$2.run(MinecraftServer.java:685)
[22:05:01] [Server thread/INFO]: [java.lang.Throwable$WrappedPrintStream:println:748]: Caused by: javax.script.ScriptException: TypeError: jp.kaiz.kaizpatch.rtm.rail.TileEntityLargeRailSectionCore@3eea27f5 has no such function "getWorldObj" in <eval> at line number 4573
[22:05:01] [Server thread/INFO]: [java.lang.Throwable$WrappedPrintStream:println:748]: 	at jdk.nashorn.api.scripting.NashornScriptEngine.throwAsScriptException(NashornScriptEngine.java:455)
[22:05:01] [Server thread/INFO]: [java.lang.Throwable$WrappedPrintStream:println:748]: 	at jdk.nashorn.api.scripting.NashornScriptEngine.invokeImpl(NashornScriptEngine.java:387)
[22:05:01] [Server thread/INFO]: [java.lang.Throwable$WrappedPrintStream:println:748]: 	at jdk.nashorn.api.scripting.NashornScriptEngine.invokeFunction(NashornScriptEngine.java:187)
[22:05:01] [Server thread/INFO]: [java.lang.Throwable$WrappedPrintStream:println:748]: 	at jp.ngt.ngtlib.io.ScriptUtil.doScriptFunction(ScriptUtil.java:58)
[22:05:01] [Server thread/INFO]: [java.lang.Throwable$WrappedPrintStream:println:748]: 	... 21 more
[22:05:01] [Server thread/INFO]: [java.lang.Throwable$WrappedPrintStream:println:748]: Caused by: <eval>:4573 TypeError: jp.kaiz.kaizpatch.rtm.rail.TileEntityLargeRailSectionCore@3eea27f5 has no such function "getWorldObj"
[22:05:01] [Server thread/INFO]: [java.lang.Throwable$WrappedPrintStream:println:748]: 	at jdk.nashorn.internal.runtime.ECMAErrors.error(ECMAErrors.java:57)
[22:05:01] [Server thread/INFO]: [java.lang.Throwable$WrappedPrintStream:println:748]: 	at jdk.nashorn.internal.runtime.ECMAErrors.typeError(ECMAErrors.java:213)
[22:05:01] [Server thread/INFO]: [java.lang.Throwable$WrappedPrintStream:println:748]: 	at jdk.nashorn.internal.runtime.ECMAErrors.typeError(ECMAErrors.java:185)
[22:05:01] [Server thread/INFO]: [java.lang.Throwable$WrappedPrintStream:println:748]: 	at jdk.nashorn.internal.runtime.ECMAErrors.typeError(ECMAErrors.java:172)
[22:05:01] [Server thread/INFO]: [java.lang.Throwable$WrappedPrintStream:println:748]: 	at jdk.nashorn.internal.runtime.linker.NashornBottomLinker.linkBean(NashornBottomLinker.java:103)
[22:05:01] [Server thread/INFO]: [java.lang.Throwable$WrappedPrintStream:println:748]: 	at jdk.nashorn.internal.runtime.linker.NashornBottomLinker.getGuardedInvocation(NashornBottomLinker.java:71)
[22:05:01] [Server thread/INFO]: [java.lang.Throwable$WrappedPrintStream:println:748]: 	at jdk.internal.dynalink.support.CompositeGuardingDynamicLinker.getGuardedInvocation(CompositeGuardingDynamicLinker.java:124)
[22:05:01] [Server thread/INFO]: [java.lang.Throwable$WrappedPrintStream:println:748]: 	at jdk.internal.dynalink.support.LinkerServicesImpl.getGuardedInvocation(LinkerServicesImpl.java:149)
[22:05:01] [Server thread/INFO]: [java.lang.Throwable$WrappedPrintStream:println:748]: 	at jdk.internal.dynalink.DynamicLinker.relink(DynamicLinker.java:233)
[22:05:01] [Server thread/INFO]: [java.lang.Throwable$WrappedPrintStream:println:748]: 	at jdk.nashorn.internal.scripts.Script$Recompilation$7614$188583AAAAAAAA$\^eval\_.RTMX_loadCompatTarget_kaizpatch_scripts_superrailbuilderx_RailPositionCompat_1suqebq$L:4466$RailPositionCompat$moveSectionedRailPosition(<eval>:4573)
[22:05:01] [Server thread/INFO]: [java.lang.Throwable$WrappedPrintStream:println:748]: 	at jdk.nashorn.internal.scripts.Script$Recompilation$7610$187411AAAAAAAA$\^eval\_.RTMX_loadCompatTarget_kaizpatch_scripts_superrailbuilderx_RailPositionCompat_1suqebq$L:4466$RailPositionCompat$moveRailPosition(<eval>:4537)
[22:05:01] [Server thread/INFO]: [java.lang.Throwable$WrappedPrintStream:println:748]: 	at jdk.nashorn.internal.scripts.Script$Recompilation$7607$200380AA$\^eval\_.applyRequest(<eval>:4807)
[22:05:01] [Server thread/INFO]: [java.lang.Throwable$WrappedPrintStream:println:748]: 	at jdk.nashorn.internal.scripts.Script$Recompilation$7571$201151AA$\^eval\_.onUpdate(<eval>:4843)
[22:05:01] [Server thread/INFO]: [java.lang.Throwable$WrappedPrintStream:println:748]: 	at jdk.nashorn.internal.runtime.ScriptFunctionData.invoke(ScriptFunctionData.java:640)
[22:05:01] [Server thread/INFO]: [java.lang.Throwable$WrappedPrintStream:println:748]: 	at jdk.nashorn.internal.runtime.ScriptFunction.invoke(ScriptFunction.java:229)
[22:05:01] [Server thread/INFO]: [java.lang.Throwable$WrappedPrintStream:println:748]: 	at jdk.nashorn.internal.runtime.ScriptRuntime.apply(ScriptRuntime.java:387)
[22:05:01] [Server thread/INFO]: [java.lang.Throwable$WrappedPrintStream:println:748]: 	at jdk.nashorn.api.scripting.ScriptObjectMirror.callMember(ScriptObjectMirror.java:192)
[22:05:01] [Server thread/INFO]: [java.lang.Throwable$WrappedPrintStream:println:748]: 	at jdk.nashorn.api.scripting.NashornScriptEngine.invokeImpl(NashornScriptEngine.java:381)
[22:05:01] [Server thread/INFO]: [java.lang.Throwable$WrappedPrintStream:println:748]: 	... 23 more
[22:05:01] [Server thread/INFO]: [java.lang.Throwable$WrappedPrintStream:println:748]: java.lang.RuntimeException: Script exec error : onUpdate
[22:05:01] [Server thread/INFO]: [java.lang.Throwable$WrappedPrintStream:println:748]: 	at jp.ngt.ngtlib.io.ScriptUtil.doScriptFunction(ScriptUtil.java:60)
[22:05:01] [Server thread/INFO]: [java.lang.Throwable$WrappedPrintStream:println:748]: 	at jp.ngt.ngtlib.io.ScriptUtil.doScriptIgnoreError(ScriptUtil.java:66)
[22:05:01] [Server thread/INFO]: [java.lang.Throwable$WrappedPrintStream:println:748]: 	at jp.ngt.rtm.modelpack.ScriptExecuter.callMethod(ScriptExecuter.java:24)
[22:05:01] [Server thread/INFO]: [java.lang.Throwable$WrappedPrintStream:println:748]: 	at jp.ngt.rtm.modelpack.ScriptExecuter.execScript(ScriptExecuter.java:36)
[22:05:01] [Server thread/INFO]: [java.lang.Throwable$WrappedPrintStream:println:748]: 	at jp.ngt.rtm.modelpack.ScriptExecuter.execScript(ScriptExecuter.java:30)
[22:05:01] [Server thread/INFO]: [java.lang.Throwable$WrappedPrintStream:println:748]: 	at jp.ngt.rtm.entity.vehicle.EntityVehicleBase.onVehicleUpdate(EntityVehicleBase.java:203)
[22:05:01] [Server thread/INFO]: [java.lang.Throwable$WrappedPrintStream:println:748]: 	at jp.ngt.rtm.entity.vehicle.EntityVehicle.onVehicleUpdate(EntityVehicle.java:66)
[22:05:01] [Server thread/INFO]: [java.lang.Throwable$WrappedPrintStream:println:748]: 	at jp.ngt.rtm.entity.vehicle.EntityVehicleBase.func_70071_h_(EntityVehicleBase.java:168)
[22:05:01] [Server thread/INFO]: [java.lang.Throwable$WrappedPrintStream:println:748]: 	at net.minecraft.entity.Entity.func_70098_U(Entity.java:1579)
[22:05:01] [Server thread/INFO]: [java.lang.Throwable$WrappedPrintStream:println:748]: 	at net.minecraft.world.World.func_72866_a(World.java:2066)
[22:05:01] [Server thread/INFO]: [java.lang.Throwable$WrappedPrintStream:println:748]: 	at net.minecraft.world.WorldServer.func_72866_a(WorldServer.java:648)
[22:05:01] [Server thread/INFO]: [java.lang.Throwable$WrappedPrintStream:println:748]: 	at net.minecraft.world.World.func_72870_g(World.java:2034)
[22:05:01] [Server thread/INFO]: [java.lang.Throwable$WrappedPrintStream:println:748]: 	at net.minecraft.world.World.func_72866_a(World.java:2129)
[22:05:01] [Server thread/INFO]: [java.lang.Throwable$WrappedPrintStream:println:748]: 	at net.minecraft.world.WorldServer.func_72866_a(WorldServer.java:648)
[22:05:01] [Server thread/INFO]: [java.lang.Throwable$WrappedPrintStream:println:748]: 	at net.minecraft.world.World.func_72870_g(World.java:2034)
[22:05:01] [Server thread/INFO]: [java.lang.Throwable$WrappedPrintStream:println:748]: 	at net.minecraft.world.World.func_72939_s(World.java:1887)
[22:05:01] [Server thread/INFO]: [java.lang.Throwable$WrappedPrintStream:println:748]: 	at net.minecraft.world.WorldServer.func_72939_s(WorldServer.java:489)
[22:05:01] [Server thread/INFO]: [java.lang.Throwable$WrappedPrintStream:println:748]: 	at net.minecraft.server.MinecraftServer.func_71190_q(MinecraftServer.java:636)
[22:05:01] [Server thread/INFO]: [java.lang.Throwable$WrappedPrintStream:println:748]: 	at net.minecraft.server.MinecraftServer.func_71217_p(MinecraftServer.java:547)
[22:05:01] [Server thread/INFO]: [java.lang.Throwable$WrappedPrintStream:println:748]: 	at net.minecraft.server.integrated.IntegratedServer.func_71217_p(IntegratedServer.java:111)
[22:05:01] [Server thread/INFO]: [java.lang.Throwable$WrappedPrintStream:println:748]: 	at net.minecraft.server.MinecraftServer.run(MinecraftServer.java:427)
[22:05:01] [Server thread/INFO]: [java.lang.Throwable$WrappedPrintStream:println:748]: 	at net.minecraft.server.MinecraftServer$2.run(MinecraftServer.java:685)
[22:05:01] [Server thread/INFO]: [java.lang.Throwable$WrappedPrintStream:println:748]: Caused by: javax.script.ScriptException: TypeError: jp.kaiz.kaizpatch.rtm.rail.TileEntityLargeRailSectionCore@3eea27f5 has no such function "getWorldObj" in <eval> at line number 4573
[22:05:01] [Server thread/INFO]: [java.lang.Throwable$WrappedPrintStream:println:748]: 	at jdk.nashorn.api.scripting.NashornScriptEngine.throwAsScriptException(NashornScriptEngine.java:455)
[22:05:01] [Server thread/INFO]: [java.lang.Throwable$WrappedPrintStream:println:748]: 	at jdk.nashorn.api.scripting.NashornScriptEngine.invokeImpl(NashornScriptEngine.java:387)
[22:05:01] [Server thread/INFO]: [java.lang.Throwable$WrappedPrintStream:println:748]: 	at jdk.nashorn.api.scripting.NashornScriptEngine.invokeFunction(NashornScriptEngine.java:187)
[22:05:01] [Server thread/INFO]: [java.lang.Throwable$WrappedPrintStream:println:748]: 	at jp.ngt.ngtlib.io.ScriptUtil.doScriptFunction(ScriptUtil.java:58)
[22:05:01] [Server thread/INFO]: [java.lang.Throwable$WrappedPrintStream:println:748]: 	... 21 more
[22:05:01] [Server thread/INFO]: [java.lang.Throwable$WrappedPrintStream:println:748]: Caused by: <eval>:4573 TypeError: jp.kaiz.kaizpatch.rtm.rail.TileEntityLargeRailSectionCore@3eea27f5 has no such function "getWorldObj"
[22:05:01] [Server thread/INFO]: [java.lang.Throwable$WrappedPrintStream:println:748]: 	at jdk.nashorn.internal.runtime.ECMAErrors.error(ECMAErrors.java:57)
[22:05:01] [Server thread/INFO]: [java.lang.Throwable$WrappedPrintStream:println:748]: 	at jdk.nashorn.internal.runtime.ECMAErrors.typeError(ECMAErrors.java:213)
[22:05:01] [Server thread/INFO]: [java.lang.Throwable$WrappedPrintStream:println:748]: 	at jdk.nashorn.internal.runtime.ECMAErrors.typeError(ECMAErrors.java:185)
[22:05:01] [Server thread/INFO]: [java.lang.Throwable$WrappedPrintStream:println:748]: 	at jdk.nashorn.internal.runtime.ECMAErrors.typeError(ECMAErrors.java:172)
[22:05:01] [Server thread/INFO]: [java.lang.Throwable$WrappedPrintStream:println:748]: 	at jdk.nashorn.internal.runtime.linker.NashornBottomLinker.linkBean(NashornBottomLinker.java:103)
[22:05:01] [Server thread/INFO]: [java.lang.Throwable$WrappedPrintStream:println:748]: 	at jdk.nashorn.internal.runtime.linker.NashornBottomLinker.getGuardedInvocation(NashornBottomLinker.java:71)
[22:05:01] [Server thread/INFO]: [java.lang.Throwable$WrappedPrintStream:println:748]: 	at jdk.internal.dynalink.support.CompositeGuardingDynamicLinker.getGuardedInvocation(CompositeGuardingDynamicLinker.java:124)
[22:05:01] [Server thread/INFO]: [java.lang.Throwable$WrappedPrintStream:println:748]: 	at jdk.internal.dynalink.support.LinkerServicesImpl.getGuardedInvocation(LinkerServicesImpl.java:149)
[22:05:01] [Server thread/INFO]: [java.lang.Throwable$WrappedPrintStream:println:748]: 	at jdk.internal.dynalink.DynamicLinker.relink(DynamicLinker.java:233)
[22:05:01] [Server thread/INFO]: [java.lang.Throwable$WrappedPrintStream:println:748]: 	at jdk.nashorn.internal.scripts.Script$Recompilation$7614$188583AAAAAAAA$\^eval\_.RTMX_loadCompatTarget_kaizpatch_scripts_superrailbuilderx_RailPositionCompat_1suqebq$L:4466$RailPositionCompat$moveSectionedRailPosition(<eval>:4573)
[22:05:01] [Server thread/INFO]: [java.lang.Throwable$WrappedPrintStream:println:748]: 	at jdk.nashorn.internal.scripts.Script$Recompilation$7610$187411AAAAAAAA$\^eval\_.RTMX_loadCompatTarget_kaizpatch_scripts_superrailbuilderx_RailPositionCompat_1suqebq$L:4466$RailPositionCompat$moveRailPosition(<eval>:4537)
[22:05:01] [Server thread/INFO]: [java.lang.Throwable$WrappedPrintStream:println:748]: 	at jdk.nashorn.internal.scripts.Script$Recompilation$7607$200380AA$\^eval\_.applyRequest(<eval>:4807)
[22:05:01] [Server thread/INFO]: [java.lang.Throwable$WrappedPrintStream:println:748]: 	at jdk.nashorn.internal.scripts.Script$Recompilation$7571$201151AA$\^eval\_.onUpdate(<eval>:4843)
[22:05:01] [Server thread/INFO]: [java.lang.Throwable$WrappedPrintStream:println:748]: 	at jdk.nashorn.internal.runtime.ScriptFunctionData.invoke(ScriptFunctionData.java:640)
[22:05:01] [Server thread/INFO]: [java.lang.Throwable$WrappedPrintStream:println:748]: 	at jdk.nashorn.internal.runtime.ScriptFunction.invoke(ScriptFunction.java:229)
[22:05:01] [Server thread/INFO]: [java.lang.Throwable$WrappedPrintStream:println:748]: 	at jdk.nashorn.internal.runtime.ScriptRuntime.apply(ScriptRuntime.java:387)
[22:05:01] [Server thread/INFO]: [java.lang.Throwable$WrappedPrintStream:println:748]: 	at jdk.nashorn.api.scripting.ScriptObjectMirror.callMember(ScriptObjectMirror.java:192)
[22:05:01] [Server thread/INFO]: [java.lang.Throwable$WrappedPrintStream:println:748]: 	at jdk.nashorn.api.scripting.NashornScriptEngine.invokeImpl(NashornScriptEngine.java:381)
[22:05:01] [Server thread/INFO]: [java.lang.Throwable$WrappedPrintStream:println:748]: 	... 23 more
[22:05:01] [Server thread/INFO]: [java.lang.Throwable$WrappedPrintStream:println:748]: java.lang.RuntimeException: Script exec error : onUpdate
[22:05:01] [Server thread/INFO]: [java.lang.Throwable$WrappedPrintStream:println:748]: 	at jp.ngt.ngtlib.io.ScriptUtil.doScriptFunction(ScriptUtil.java:60)
[22:05:01] [Server thread/INFO]: [java.lang.Throwable$WrappedPrintStream:println:748]: 	at jp.ngt.ngtlib.io.ScriptUtil.doScriptIgnoreError(ScriptUtil.java:66)
[22:05:01] [Server thread/INFO]: [java.lang.Throwable$WrappedPrintStream:println:748]: 	at jp.ngt.rtm.modelpack.ScriptExecuter.callMethod(ScriptExecuter.java:24)
[22:05:01] [Server thread/INFO]: [java.lang.Throwable$WrappedPrintStream:println:748]: 	at jp.ngt.rtm.modelpack.ScriptExecuter.execScript(ScriptExecuter.java:36)
[22:05:01] [Server thread/INFO]: [java.lang.Throwable$WrappedPrintStream:println:748]: 	at jp.ngt.rtm.modelpack.ScriptExecuter.execScript(ScriptExecuter.java:30)
[22:05:01] [Server thread/INFO]: [java.lang.Throwable$WrappedPrintStream:println:748]: 	at jp.ngt.rtm.entity.vehicle.EntityVehicleBase.onVehicleUpdate(EntityVehicleBase.java:203)
[22:05:01] [Server thread/INFO]: [java.lang.Throwable$WrappedPrintStream:println:748]: 	at jp.ngt.rtm.entity.vehicle.EntityVehicle.onVehicleUpdate(EntityVehicle.java:66)
[22:05:01] [Server thread/INFO]: [java.lang.Throwable$WrappedPrintStream:println:748]: 	at jp.ngt.rtm.entity.vehicle.EntityVehicleBase.func_70071_h_(EntityVehicleBase.java:168)
[22:05:01] [Server thread/INFO]: [java.lang.Throwable$WrappedPrintStream:println:748]: 	at net.minecraft.entity.Entity.func_70098_U(Entity.java:1579)
[22:05:01] [Server thread/INFO]: [java.lang.Throwable$WrappedPrintStream:println:748]: 	at net.minecraft.world.World.func_72866_a(World.java:2066)
[22:05:01] [Server thread/INFO]: [java.lang.Throwable$WrappedPrintStream:println:748]: 	at net.minecraft.world.WorldServer.func_72866_a(WorldServer.java:648)
[22:05:01] [Server thread/INFO]: [java.lang.Throwable$WrappedPrintStream:println:748]: 	at net.minecraft.world.World.func_72870_g(World.java:2034)
[22:05:01] [Server thread/INFO]: [java.lang.Throwable$WrappedPrintStream:println:748]: 	at net.minecraft.world.World.func_72866_a(World.java:2129)
[22:05:01] [Server thread/INFO]: [java.lang.Throwable$WrappedPrintStream:println:748]: 	at net.minecraft.world.WorldServer.func_72866_a(WorldServer.java:648)
[22:05:01] [Server thread/INFO]: [java.lang.Throwable$WrappedPrintStream:println:748]: 	at net.minecraft.world.World.func_72870_g(World.java:2034)
[22:05:01] [Server thread/INFO]: [java.lang.Throwable$WrappedPrintStream:println:748]: 	at net.minecraft.world.World.func_72939_s(World.java:1887)
[22:05:01] [Server thread/INFO]: [java.lang.Throwable$WrappedPrintStream:println:748]: 	at net.minecraft.world.WorldServer.func_72939_s(WorldServer.java:489)
[22:05:01] [Server thread/INFO]: [java.lang.Throwable$WrappedPrintStream:println:748]: 	at net.minecraft.server.MinecraftServer.func_71190_q(MinecraftServer.java:636)
[22:05:01] [Server thread/INFO]: [java.lang.Throwable$WrappedPrintStream:println:748]: 	at net.minecraft.server.MinecraftServer.func_71217_p(MinecraftServer.java:547)
[22:05:01] [Server thread/INFO]: [java.lang.Throwable$WrappedPrintStream:println:748]: 	at net.minecraft.server.integrated.IntegratedServer.func_71217_p(IntegratedServer.java:111)
[22:05:01] [Server thread/INFO]: [java.lang.Throwable$WrappedPrintStream:println:748]: 	at net.minecraft.server.MinecraftServer.run(MinecraftServer.java:427)
[22:05:01] [Server thread/INFO]: [java.lang.Throwable$WrappedPrintStream:println:748]: 	at net.minecraft.server.MinecraftServer$2.run(MinecraftServer.java:685)
[22:05:01] [Server thread/INFO]: [java.lang.Throwable$WrappedPrintStream:println:748]: Caused by: javax.script.ScriptException: TypeError: jp.kaiz.kaizpatch.rtm.rail.TileEntityLargeRailSectionCore@3eea27f5 has no such function "getWorldObj" in <eval> at line number 4573
[22:05:01] [Server thread/INFO]: [java.lang.Throwable$WrappedPrintStream:println:748]: 	at jdk.nashorn.api.scripting.NashornScriptEngine.throwAsScriptException(NashornScriptEngine.java:455)
[22:05:01] [Server thread/INFO]: [java.lang.Throwable$WrappedPrintStream:println:748]: 	at jdk.nashorn.api.scripting.NashornScriptEngine.invokeImpl(NashornScriptEngine.java:387)
[22:05:01] [Server thread/INFO]: [java.lang.Throwable$WrappedPrintStream:println:748]: 	at jdk.nashorn.api.scripting.NashornScriptEngine.invokeFunction(NashornScriptEngine.java:187)
[22:05:01] [Server thread/INFO]: [java.lang.Throwable$WrappedPrintStream:println:748]: 	at jp.ngt.ngtlib.io.ScriptUtil.doScriptFunction(ScriptUtil.java:58)
[22:05:01] [Server thread/INFO]: [java.lang.Throwable$WrappedPrintStream:println:748]: 	... 21 more
[22:05:01] [Server thread/INFO]: [java.lang.Throwable$WrappedPrintStream:println:748]: Caused by: <eval>:4573 TypeError: jp.kaiz.kaizpatch.rtm.rail.TileEntityLargeRailSectionCore@3eea27f5 has no such function "getWorldObj"
[22:05:01] [Server thread/INFO]: [java.lang.Throwable$WrappedPrintStream:println:748]: 	at jdk.nashorn.internal.runtime.ECMAErrors.error(ECMAErrors.java:57)
[22:05:01] [Server thread/INFO]: [java.lang.Throwable$WrappedPrintStream:println:748]: 	at jdk.nashorn.internal.runtime.ECMAErrors.typeError(ECMAErrors.java:213)
[22:05:01] [Server thread/INFO]: [java.lang.Throwable$WrappedPrintStream:println:748]: 	at jdk.nashorn.internal.runtime.ECMAErrors.typeError(ECMAErrors.java:185)
[22:05:01] [Server thread/INFO]: [java.lang.Throwable$WrappedPrintStream:println:748]: 	at jdk.nashorn.internal.runtime.ECMAErrors.typeError(ECMAErrors.java:172)
[22:05:01] [Server thread/INFO]: [java.lang.Throwable$WrappedPrintStream:println:748]: 	at jdk.nashorn.internal.runtime.linker.NashornBottomLinker.linkBean(NashornBottomLinker.java:103)
[22:05:01] [Server thread/INFO]: [java.lang.Throwable$WrappedPrintStream:println:748]: 	at jdk.nashorn.internal.runtime.linker.NashornBottomLinker.getGuardedInvocation(NashornBottomLinker.java:71)
[22:05:01] [Server thread/INFO]: [java.lang.Throwable$WrappedPrintStream:println:748]: 	at jdk.internal.dynalink.support.CompositeGuardingDynamicLinker.getGuardedInvocation(CompositeGuardingDynamicLinker.java:124)
[22:05:01] [Server thread/INFO]: [java.lang.Throwable$WrappedPrintStream:println:748]: 	at jdk.internal.dynalink.support.LinkerServicesImpl.getGuardedInvocation(LinkerServicesImpl.java:149)
[22:05:01] [Server thread/INFO]: [java.lang.Throwable$WrappedPrintStream:println:748]: 	at jdk.internal.dynalink.DynamicLinker.relink(DynamicLinker.java:233)
[22:05:01] [Server thread/INFO]: [java.lang.Throwable$WrappedPrintStream:println:748]: 	at jdk.nashorn.internal.scripts.Script$Recompilation$7614$188583AAAAAAAA$\^eval\_.RTMX_loadCompatTarget_kaizpatch_scripts_superrailbuilderx_RailPositionCompat_1suqebq$L:4466$RailPositionCompat$moveSectionedRailPosition(<eval>:4573)
[22:05:01] [Server thread/INFO]: [java.lang.Throwable$WrappedPrintStream:println:748]: 	at jdk.nashorn.internal.scripts.Script$Recompilation$7610$187411AAAAAAAA$\^eval\_.RTMX_loadCompatTarget_kaizpatch_scripts_superrailbuilderx_RailPositionCompat_1suqebq$L:4466$RailPositionCompat$moveRailPosition(<eval>:4537)
[22:05:01] [Server thread/INFO]: [java.lang.Throwable$WrappedPrintStream:println:748]: 	at jdk.nashorn.internal.scripts.Script$Recompilation$7607$200380AA$\^eval\_.applyRequest(<eval>:4807)
[22:05:01] [Server thread/INFO]: [java.lang.Throwable$WrappedPrintStream:println:748]: 	at jdk.nashorn.internal.scripts.Script$Recompilation$7571$201151AA$\^eval\_.onUpdate(<eval>:4843)
[22:05:01] [Server thread/INFO]: [java.lang.Throwable$WrappedPrintStream:println:748]: 	at jdk.nashorn.internal.runtime.ScriptFunctionData.invoke(ScriptFunctionData.java:640)
[22:05:01] [Server thread/INFO]: [java.lang.Throwable$WrappedPrintStream:println:748]: 	at jdk.nashorn.internal.runtime.ScriptFunction.invoke(ScriptFunction.java:229)
[22:05:01] [Server thread/INFO]: [java.lang.Throwable$WrappedPrintStream:println:748]: 	at jdk.nashorn.internal.runtime.ScriptRuntime.apply(ScriptRuntime.java:387)
[22:05:01] [Server thread/INFO]: [java.lang.Throwable$WrappedPrintStream:println:748]: 	at jdk.nashorn.api.scripting.ScriptObjectMirror.callMember(ScriptObjectMirror.java:192)
[22:05:01] [Server thread/INFO]: [java.lang.Throwable$WrappedPrintStream:println:748]: 	at jdk.nashorn.api.scripting.NashornScriptEngine.invokeImpl(NashornScriptEngine.java:381)
[22:05:01] [Server thread/INFO]: [java.lang.Throwable$WrappedPrintStream:println:748]: 	... 23 more
[22:05:01] [Server thread/INFO]: [java.lang.Throwable$WrappedPrintStream:println:748]: java.lang.RuntimeException: Script exec error : onUpdate
[22:05:01] [Server thread/INFO]: [java.lang.Throwable$WrappedPrintStream:println:748]: 	at jp.ngt.ngtlib.io.ScriptUtil.doScriptFunction(ScriptUtil.java:60)
[22:05:01] [Server thread/INFO]: [java.lang.Throwable$WrappedPrintStream:println:748]: 	at jp.ngt.ngtlib.io.ScriptUtil.doScriptIgnoreError(ScriptUtil.java:66)
[22:05:01] [Server thread/INFO]: [java.lang.Throwable$WrappedPrintStream:println:748]: 	at jp.ngt.rtm.modelpack.ScriptExecuter.callMethod(ScriptExecuter.java:24)
[22:05:01] [Server thread/INFO]: [java.lang.Throwable$WrappedPrintStream:println:748]: 	at jp.ngt.rtm.modelpack.ScriptExecuter.execScript(ScriptExecuter.java:36)
[22:05:01] [Server thread/INFO]: [java.lang.Throwable$WrappedPrintStream:println:748]: 	at jp.ngt.rtm.modelpack.ScriptExecuter.execScript(ScriptExecuter.java:30)
[22:05:01] [Server thread/INFO]: [java.lang.Throwable$WrappedPrintStream:println:748]: 	at jp.ngt.rtm.entity.vehicle.EntityVehicleBase.onVehicleUpdate(EntityVehicleBase.java:203)
[22:05:01] [Server thread/INFO]: [java.lang.Throwable$WrappedPrintStream:println:748]: 	at jp.ngt.rtm.entity.vehicle.EntityVehicle.onVehicleUpdate(EntityVehicle.java:66)
[22:05:01] [Server thread/INFO]: [java.lang.Throwable$WrappedPrintStream:println:748]: 	at jp.ngt.rtm.entity.vehicle.EntityVehicleBase.func_70071_h_(EntityVehicleBase.java:168)
[22:05:01] [Server thread/INFO]: [java.lang.Throwable$WrappedPrintStream:println:748]: 	at net.minecraft.entity.Entity.func_70098_U(Entity.java:1579)
[22:05:01] [Server thread/INFO]: [java.lang.Throwable$WrappedPrintStream:println:748]: 	at net.minecraft.world.World.func_72866_a(World.java:2066)
[22:05:01] [Server thread/INFO]: [java.lang.Throwable$WrappedPrintStream:println:748]: 	at net.minecraft.world.WorldServer.func_72866_a(WorldServer.java:648)
[22:05:01] [Server thread/INFO]: [java.lang.Throwable$WrappedPrintStream:println:748]: 	at net.minecraft.world.World.func_72870_g(World.java:2034)
[22:05:01] [Server thread/INFO]: [java.lang.Throwable$WrappedPrintStream:println:748]: 	at net.minecraft.world.World.func_72866_a(World.java:2129)
[22:05:01] [Server thread/INFO]: [java.lang.Throwable$WrappedPrintStream:println:748]: 	at net.minecraft.world.WorldServer.func_72866_a(WorldServer.java:648)
[22:05:01] [Server thread/INFO]: [java.lang.Throwable$WrappedPrintStream:println:748]: 	at net.minecraft.world.World.func_72870_g(World.java:2034)
[22:05:01] [Server thread/INFO]: [java.lang.Throwable$WrappedPrintStream:println:748]: 	at net.minecraft.world.World.func_72939_s(World.java:1887)
[22:05:01] [Server thread/INFO]: [java.lang.Throwable$WrappedPrintStream:println:748]: 	at net.minecraft.world.WorldServer.func_72939_s(WorldServer.java:489)
[22:05:01] [Server thread/INFO]: [java.lang.Throwable$WrappedPrintStream:println:748]: 	at net.minecraft.server.MinecraftServer.func_71190_q(MinecraftServer.java:636)
[22:05:01] [Server thread/INFO]: [java.lang.Throwable$WrappedPrintStream:println:748]: 	at net.minecraft.server.MinecraftServer.func_71217_p(MinecraftServer.java:547)
[22:05:01] [Server thread/INFO]: [java.lang.Throwable$WrappedPrintStream:println:748]: 	at net.minecraft.server.integrated.IntegratedServer.func_71217_p(IntegratedServer.java:111)
[22:05:01] [Server thread/INFO]: [java.lang.Throwable$WrappedPrintStream:println:748]: 	at net.minecraft.server.MinecraftServer.run(MinecraftServer.java:427)
[22:05:01] [Server thread/INFO]: [java.lang.Throwable$WrappedPrintStream:println:748]: 	at net.minecraft.server.MinecraftServer$2.run(MinecraftServer.java:685)
[22:05:01] [Server thread/INFO]: [java.lang.Throwable$WrappedPrintStream:println:748]: Caused by: javax.script.ScriptException: TypeError: jp.kaiz.kaizpatch.rtm.rail.TileEntityLargeRailSectionCore@3eea27f5 has no such function "getWorldObj" in <eval> at line number 4573
[22:05:01] [Server thread/INFO]: [java.lang.Throwable$WrappedPrintStream:println:748]: 	at jdk.nashorn.api.scripting.NashornScriptEngine.throwAsScriptException(NashornScriptEngine.java:455)
[22:05:01] [Server thread/INFO]: [java.lang.Throwable$WrappedPrintStream:println:748]: 	at jdk.nashorn.api.scripting.NashornScriptEngine.invokeImpl(NashornScriptEngine.java:387)
[22:05:01] [Server thread/INFO]: [java.lang.Throwable$WrappedPrintStream:println:748]: 	at jdk.nashorn.api.scripting.NashornScriptEngine.invokeFunction(NashornScriptEngine.java:187)
[22:05:01] [Server thread/INFO]: [java.lang.Throwable$WrappedPrintStream:println:748]: 	at jp.ngt.ngtlib.io.ScriptUtil.doScriptFunction(ScriptUtil.java:58)
[22:05:01] [Server thread/INFO]: [java.lang.Throwable$WrappedPrintStream:println:748]: 	... 21 more
[22:05:01] [Server thread/INFO]: [java.lang.Throwable$WrappedPrintStream:println:748]: Caused by: <eval>:4573 TypeError: jp.kaiz.kaizpatch.rtm.rail.TileEntityLargeRailSectionCore@3eea27f5 has no such function "getWorldObj"
[22:05:01] [Server thread/INFO]: [java.lang.Throwable$WrappedPrintStream:println:748]: 	at jdk.nashorn.internal.runtime.ECMAErrors.error(ECMAErrors.java:57)
[22:05:01] [Server thread/INFO]: [java.lang.Throwable$WrappedPrintStream:println:748]: 	at jdk.nashorn.internal.runtime.ECMAErrors.typeError(ECMAErrors.java:213)
[22:05:01] [Server thread/INFO]: [java.lang.Throwable$WrappedPrintStream:println:748]: 	at jdk.nashorn.internal.runtime.ECMAErrors.typeError(ECMAErrors.java:185)
[22:05:01] [Server thread/INFO]: [java.lang.Throwable$WrappedPrintStream:println:748]: 	at jdk.nashorn.internal.runtime.ECMAErrors.typeError(ECMAErrors.java:172)
[22:05:01] [Server thread/INFO]: [java.lang.Throwable$WrappedPrintStream:println:748]: 	at jdk.nashorn.internal.runtime.linker.NashornBottomLinker.linkBean(NashornBottomLinker.java:103)
[22:05:01] [Server thread/INFO]: [java.lang.Throwable$WrappedPrintStream:println:748]: 	at jdk.nashorn.internal.runtime.linker.NashornBottomLinker.getGuardedInvocation(NashornBottomLinker.java:71)
[22:05:01] [Server thread/INFO]: [java.lang.Throwable$WrappedPrintStream:println:748]: 	at jdk.internal.dynalink.support.CompositeGuardingDynamicLinker.getGuardedInvocation(CompositeGuardingDynamicLinker.java:124)
[22:05:01] [Server thread/INFO]: [java.lang.Throwable$WrappedPrintStream:println:748]: 	at jdk.internal.dynalink.support.LinkerServicesImpl.getGuardedInvocation(LinkerServicesImpl.java:149)
[22:05:01] [Server thread/INFO]: [java.lang.Throwable$WrappedPrintStream:println:748]: 	at jdk.internal.dynalink.DynamicLinker.relink(DynamicLinker.java:233)
[22:05:01] [Server thread/INFO]: [java.lang.Throwable$WrappedPrintStream:println:748]: 	at jdk.nashorn.internal.scripts.Script$Recompilation$7614$188583AAAAAAAA$\^eval\_.RTMX_loadCompatTarget_kaizpatch_scripts_superrailbuilderx_RailPositionCompat_1suqebq$L:4466$RailPositionCompat$moveSectionedRailPosition(<eval>:4573)
[22:05:01] [Server thread/INFO]: [java.lang.Throwable$WrappedPrintStream:println:748]: 	at jdk.nashorn.internal.scripts.Script$Recompilation$7610$187411AAAAAAAA$\^eval\_.RTMX_loadCompatTarget_kaizpatch_scripts_superrailbuilderx_RailPositionCompat_1suqebq$L:4466$RailPositionCompat$moveRailPosition(<eval>:4537)
[22:05:01] [Server thread/INFO]: [java.lang.Throwable$WrappedPrintStream:println:748]: 	at jdk.nashorn.internal.scripts.Script$Recompilation$7607$200380AA$\^eval\_.applyRequest(<eval>:4807)
[22:05:01] [Server thread/INFO]: [java.lang.Throwable$WrappedPrintStream:println:748]: 	at jdk.nashorn.internal.scripts.Script$Recompilation$7571$201151AA$\^eval\_.onUpdate(<eval>:4843)
[22:05:01] [Server thread/INFO]: [java.lang.Throwable$WrappedPrintStream:println:748]: 	at jdk.nashorn.internal.runtime.ScriptFunctionData.invoke(ScriptFunctionData.java:640)
[22:05:01] [Server thread/INFO]: [java.lang.Throwable$WrappedPrintStream:println:748]: 	at jdk.nashorn.internal.runtime.ScriptFunction.invoke(ScriptFunction.java:229)
[22:05:01] [Server thread/INFO]: [java.lang.Throwable$WrappedPrintStream:println:748]: 	at jdk.nashorn.internal.runtime.ScriptRuntime.apply(ScriptRuntime.java:387)
[22:05:01] [Server thread/INFO]: [java.lang.Throwable$WrappedPrintStream:println:748]: 	at jdk.nashorn.api.scripting.ScriptObjectMirror.callMember(ScriptObjectMirror.java:192)
[22:05:01] [Server thread/INFO]: [java.lang.Throwable$WrappedPrintStream:println:748]: 	at jdk.nashorn.api.scripting.NashornScriptEngine.invokeImpl(NashornScriptEngine.java:381)
[22:05:01] [Server thread/INFO]: [java.lang.Throwable$WrappedPrintStream:println:748]: 	... 23 more
[22:05:01] [Server thread/INFO]: [java.lang.Throwable$WrappedPrintStream:println:748]: java.lang.RuntimeException: Script exec error : onUpdate
[22:05:01] [Server thread/INFO]: [java.lang.Throwable$WrappedPrintStream:println:748]: 	at jp.ngt.ngtlib.io.ScriptUtil.doScriptFunction(ScriptUtil.java:60)
[22:05:01] [Server thread/INFO]: [java.lang.Throwable$WrappedPrintStream:println:748]: 	at jp.ngt.ngtlib.io.ScriptUtil.doScriptIgnoreError(ScriptUtil.java:66)
[22:05:01] [Server thread/INFO]: [java.lang.Throwable$WrappedPrintStream:println:748]: 	at jp.ngt.rtm.modelpack.ScriptExecuter.callMethod(ScriptExecuter.java:24)
[22:05:01] [Server thread/INFO]: [java.lang.Throwable$WrappedPrintStream:println:748]: 	at jp.ngt.rtm.modelpack.ScriptExecuter.execScript(ScriptExecuter.java:36)
[22:05:01] [Server thread/INFO]: [java.lang.Throwable$WrappedPrintStream:println:748]: 	at jp.ngt.rtm.modelpack.ScriptExecuter.execScript(ScriptExecuter.java:30)
[22:05:01] [Server thread/INFO]: [java.lang.Throwable$WrappedPrintStream:println:748]: 	at jp.ngt.rtm.entity.vehicle.EntityVehicleBase.onVehicleUpdate(EntityVehicleBase.java:203)
[22:05:01] [Server thread/INFO]: [java.lang.Throwable$WrappedPrintStream:println:748]: 	at jp.ngt.rtm.entity.vehicle.EntityVehicle.onVehicleUpdate(EntityVehicle.java:66)
[22:05:01] [Server thread/INFO]: [java.lang.Throwable$WrappedPrintStream:println:748]: 	at jp.ngt.rtm.entity.vehicle.EntityVehicleBase.func_70071_h_(EntityVehicleBase.java:168)
[22:05:01] [Server thread/INFO]: [java.lang.Throwable$WrappedPrintStream:println:748]: 	at net.minecraft.entity.Entity.func_70098_U(Entity.java:1579)
[22:05:01] [Server thread/INFO]: [java.lang.Throwable$WrappedPrintStream:println:748]: 	at net.minecraft.world.World.func_72866_a(World.java:2066)
[22:05:01] [Server thread/INFO]: [java.lang.Throwable$WrappedPrintStream:println:748]: 	at net.minecraft.world.WorldServer.func_72866_a(WorldServer.java:648)
[22:05:01] [Server thread/INFO]: [java.lang.Throwable$WrappedPrintStream:println:748]: 	at net.minecraft.world.World.func_72870_g(World.java:2034)
[22:05:01] [Server thread/INFO]: [java.lang.Throwable$WrappedPrintStream:println:748]: 	at net.minecraft.world.World.func_72866_a(World.java:2129)
[22:05:01] [Server thread/INFO]: [java.lang.Throwable$WrappedPrintStream:println:748]: 	at net.minecraft.world.WorldServer.func_72866_a(WorldServer.java:648)
[22:05:01] [Server thread/INFO]: [java.lang.Throwable$WrappedPrintStream:println:748]: 	at net.minecraft.world.World.func_72870_g(World.java:2034)
[22:05:01] [Server thread/INFO]: [java.lang.Throwable$WrappedPrintStream:println:748]: 	at net.minecraft.world.World.func_72939_s(World.java:1887)
[22:05:01] [Server thread/INFO]: [java.lang.Throwable$WrappedPrintStream:println:748]: 	at net.minecraft.world.WorldServer.func_72939_s(WorldServer.java:489)
[22:05:01] [Server thread/INFO]: [java.lang.Throwable$WrappedPrintStream:println:748]: 	at net.minecraft.server.MinecraftServer.func_71190_q(MinecraftServer.java:636)
[22:05:01] [Server thread/INFO]: [java.lang.Throwable$WrappedPrintStream:println:748]: 	at net.minecraft.server.MinecraftServer.func_71217_p(MinecraftServer.java:547)
[22:05:01] [Server thread/INFO]: [java.lang.Throwable$WrappedPrintStream:println:748]: 	at net.minecraft.server.integrated.IntegratedServer.func_71217_p(IntegratedServer.java:111)
[22:05:01] [Server thread/INFO]: [java.lang.Throwable$WrappedPrintStream:println:748]: 	at net.minecraft.server.MinecraftServer.run(MinecraftServer.java:427)
[22:05:01] [Server thread/INFO]: [java.lang.Throwable$WrappedPrintStream:println:748]: 	at net.minecraft.server.MinecraftServer$2.run(MinecraftServer.java:685)
[22:05:01] [Server thread/INFO]: [java.lang.Throwable$WrappedPrintStream:println:748]: Caused by: javax.script.ScriptException: TypeError: jp.kaiz.kaizpatch.rtm.rail.TileEntityLargeRailSectionCore@3eea27f5 has no such function "getWorldObj" in <eval> at line number 4573
[22:05:01] [Server thread/INFO]: [java.lang.Throwable$WrappedPrintStream:println:748]: 	at jdk.nashorn.api.scripting.NashornScriptEngine.throwAsScriptException(NashornScriptEngine.java:455)
[22:05:01] [Server thread/INFO]: [java.lang.Throwable$WrappedPrintStream:println:748]: 	at jdk.nashorn.api.scripting.NashornScriptEngine.invokeImpl(NashornScriptEngine.java:387)
[22:05:01] [Server thread/INFO]: [java.lang.Throwable$WrappedPrintStream:println:748]: 	at jdk.nashorn.api.scripting.NashornScriptEngine.invokeFunction(NashornScriptEngine.java:187)
[22:05:01] [Server thread/INFO]: [java.lang.Throwable$WrappedPrintStream:println:748]: 	at jp.ngt.ngtlib.io.ScriptUtil.doScriptFunction(ScriptUtil.java:58)
[22:05:01] [Server thread/INFO]: [java.lang.Throwable$WrappedPrintStream:println:748]: 	... 21 more
[22:05:01] [Server thread/INFO]: [java.lang.Throwable$WrappedPrintStream:println:748]: Caused by: <eval>:4573 TypeError: jp.kaiz.kaizpatch.rtm.rail.TileEntityLargeRailSectionCore@3eea27f5 has no such function "getWorldObj"
[22:05:01] [Server thread/INFO]: [java.lang.Throwable$WrappedPrintStream:println:748]: 	at jdk.nashorn.internal.runtime.ECMAErrors.error(ECMAErrors.java:57)
[22:05:01] [Server thread/INFO]: [java.lang.Throwable$WrappedPrintStream:println:748]: 	at jdk.nashorn.internal.runtime.ECMAErrors.typeError(ECMAErrors.java:213)
[22:05:01] [Server thread/INFO]: [java.lang.Throwable$WrappedPrintStream:println:748]: 	at jdk.nashorn.internal.runtime.ECMAErrors.typeError(ECMAErrors.java:185)
[22:05:01] [Server thread/INFO]: [java.lang.Throwable$WrappedPrintStream:println:748]: 	at jdk.nashorn.internal.runtime.ECMAErrors.typeError(ECMAErrors.java:172)
[22:05:01] [Server thread/INFO]: [java.lang.Throwable$WrappedPrintStream:println:748]: 	at jdk.nashorn.internal.runtime.linker.NashornBottomLinker.linkBean(NashornBottomLinker.java:103)
[22:05:01] [Server thread/INFO]: [java.lang.Throwable$WrappedPrintStream:println:748]: 	at jdk.nashorn.internal.runtime.linker.NashornBottomLinker.getGuardedInvocation(NashornBottomLinker.java:71)
[22:05:01] [Server thread/INFO]: [java.lang.Throwable$WrappedPrintStream:println:748]: 	at jdk.internal.dynalink.support.CompositeGuardingDynamicLinker.getGuardedInvocation(CompositeGuardingDynamicLinker.java:124)
[22:05:01] [Server thread/INFO]: [java.lang.Throwable$WrappedPrintStream:println:748]: 	at jdk.internal.dynalink.support.LinkerServicesImpl.getGuardedInvocation(LinkerServicesImpl.java:149)
[22:05:01] [Server thread/INFO]: [java.lang.Throwable$WrappedPrintStream:println:748]: 	at jdk.internal.dynalink.DynamicLinker.relink(DynamicLinker.java:233)
[22:05:01] [Server thread/INFO]: [java.lang.Throwable$WrappedPrintStream:println:748]: 	at jdk.nashorn.internal.scripts.Script$Recompilation$7614$188583AAAAAAAA$\^eval\_.RTMX_loadCompatTarget_kaizpatch_scripts_superrailbuilderx_RailPositionCompat_1suqebq$L:4466$RailPositionCompat$moveSectionedRailPosition(<eval>:4573)
[22:05:01] [Server thread/INFO]: [java.lang.Throwable$WrappedPrintStream:println:748]: 	at jdk.nashorn.internal.scripts.Script$Recompilation$7610$187411AAAAAAAA$\^eval\_.RTMX_loadCompatTarget_kaizpatch_scripts_superrailbuilderx_RailPositionCompat_1suqebq$L:4466$RailPositionCompat$moveRailPosition(<eval>:4537)
[22:05:01] [Server thread/INFO]: [java.lang.Throwable$WrappedPrintStream:println:748]: 	at jdk.nashorn.internal.scripts.Script$Recompilation$7607$200380AA$\^eval\_.applyRequest(<eval>:4807)
[22:05:01] [Server thread/INFO]: [java.lang.Throwable$WrappedPrintStream:println:748]: 	at jdk.nashorn.internal.scripts.Script$Recompilation$7571$201151AA$\^eval\_.onUpdate(<eval>:4843)
[22:05:01] [Server thread/INFO]: [java.lang.Throwable$WrappedPrintStream:println:748]: 	at jdk.nashorn.internal.runtime.ScriptFunctionData.invoke(ScriptFunctionData.java:640)
[22:05:01] [Server thread/INFO]: [java.lang.Throwable$WrappedPrintStream:println:748]: 	at jdk.nashorn.internal.runtime.ScriptFunction.invoke(ScriptFunction.java:229)
[22:05:01] [Server thread/INFO]: [java.lang.Throwable$WrappedPrintStream:println:748]: 	at jdk.nashorn.internal.runtime.ScriptRuntime.apply(ScriptRuntime.java:387)
[22:05:01] [Server thread/INFO]: [java.lang.Throwable$WrappedPrintStream:println:748]: 	at jdk.nashorn.api.scripting.ScriptObjectMirror.callMember(ScriptObjectMirror.java:192)
[22:05:01] [Server thread/INFO]: [java.lang.Throwable$WrappedPrintStream:println:748]: 	at jdk.nashorn.api.scripting.NashornScriptEngine.invokeImpl(NashornScriptEngine.java:381)
[22:05:01] [Server thread/INFO]: [java.lang.Throwable$WrappedPrintStream:println:748]: 	... 23 more
[22:05:01] [Server thread/INFO]: [java.lang.Throwable$WrappedPrintStream:println:748]: java.lang.RuntimeException: Script exec error : onUpdate
[22:05:01] [Server thread/INFO]: [java.lang.Throwable$WrappedPrintStream:println:748]: 	at jp.ngt.ngtlib.io.ScriptUtil.doScriptFunction(ScriptUtil.java:60)
[22:05:01] [Server thread/INFO]: [java.lang.Throwable$WrappedPrintStream:println:748]: 	at jp.ngt.ngtlib.io.ScriptUtil.doScriptIgnoreError(ScriptUtil.java:66)
[22:05:01] [Server thread/INFO]: [java.lang.Throwable$WrappedPrintStream:println:748]: 	at jp.ngt.rtm.modelpack.ScriptExecuter.callMethod(ScriptExecuter.java:24)
[22:05:01] [Server thread/INFO]: [java.lang.Throwable$WrappedPrintStream:println:748]: 	at jp.ngt.rtm.modelpack.ScriptExecuter.execScript(ScriptExecuter.java:36)
[22:05:01] [Server thread/INFO]: [java.lang.Throwable$WrappedPrintStream:println:748]: 	at jp.ngt.rtm.modelpack.ScriptExecuter.execScript(ScriptExecuter.java:30)
[22:05:01] [Server thread/INFO]: [java.lang.Throwable$WrappedPrintStream:println:748]: 	at jp.ngt.rtm.entity.vehicle.EntityVehicleBase.onVehicleUpdate(EntityVehicleBase.java:203)
[22:05:01] [Server thread/INFO]: [java.lang.Throwable$WrappedPrintStream:println:748]: 	at jp.ngt.rtm.entity.vehicle.EntityVehicle.onVehicleUpdate(EntityVehicle.java:66)
[22:05:01] [Server thread/INFO]: [java.lang.Throwable$WrappedPrintStream:println:748]: 	at jp.ngt.rtm.entity.vehicle.EntityVehicleBase.func_70071_h_(EntityVehicleBase.java:168)
[22:05:01] [Server thread/INFO]: [java.lang.Throwable$WrappedPrintStream:println:748]: 	at net.minecraft.entity.Entity.func_70098_U(Entity.java:1579)
[22:05:01] [Server thread/INFO]: [java.lang.Throwable$WrappedPrintStream:println:748]: 	at net.minecraft.world.World.func_72866_a(World.java:2066)
[22:05:01] [Server thread/INFO]: [java.lang.Throwable$WrappedPrintStream:println:748]: 	at net.minecraft.world.WorldServer.func_72866_a(WorldServer.java:648)
[22:05:01] [Server thread/INFO]: [java.lang.Throwable$WrappedPrintStream:println:748]: 	at net.minecraft.world.World.func_72870_g(World.java:2034)
[22:05:01] [Server thread/INFO]: [java.lang.Throwable$WrappedPrintStream:println:748]: 	at net.minecraft.world.World.func_72866_a(World.java:2129)
[22:05:01] [Server thread/INFO]: [java.lang.Throwable$WrappedPrintStream:println:748]: 	at net.minecraft.world.WorldServer.func_72866_a(WorldServer.java:648)
[22:05:01] [Server thread/INFO]: [java.lang.Throwable$WrappedPrintStream:println:748]: 	at net.minecraft.world.World.func_72870_g(World.java:2034)
[22:05:01] [Server thread/INFO]: [java.lang.Throwable$WrappedPrintStream:println:748]: 	at net.minecraft.world.World.func_72939_s(World.java:1887)
[22:05:01] [Server thread/INFO]: [java.lang.Throwable$WrappedPrintStream:println:748]: 	at net.minecraft.world.WorldServer.func_72939_s(WorldServer.java:489)
[22:05:01] [Server thread/INFO]: [java.lang.Throwable$WrappedPrintStream:println:748]: 	at net.minecraft.server.MinecraftServer.func_71190_q(MinecraftServer.java:636)
[22:05:01] [Server thread/INFO]: [java.lang.Throwable$WrappedPrintStream:println:748]: 	at net.minecraft.server.MinecraftServer.func_71217_p(MinecraftServer.java:547)
[22:05:01] [Server thread/INFO]: [java.lang.Throwable$WrappedPrintStream:println:748]: 	at net.minecraft.server.integrated.IntegratedServer.func_71217_p(IntegratedServer.java:111)
[22:05:01] [Server thread/INFO]: [java.lang.Throwable$WrappedPrintStream:println:748]: 	at net.minecraft.server.MinecraftServer.run(MinecraftServer.java:427)
[22:05:01] [Server thread/INFO]: [java.lang.Throwable$WrappedPrintStream:println:748]: 	at net.minecraft.server.MinecraftServer$2.run(MinecraftServer.java:685)
[22:05:01] [Server thread/INFO]: [java.lang.Throwable$WrappedPrintStream:println:748]: Caused by: javax.script.ScriptException: TypeError: jp.kaiz.kaizpatch.rtm.rail.TileEntityLargeRailSectionCore@3eea27f5 has no such function "getWorldObj" in <eval> at line number 4573
[22:05:01] [Server thread/INFO]: [java.lang.Throwable$WrappedPrintStream:println:748]: 	at jdk.nashorn.api.scripting.NashornScriptEngine.throwAsScriptException(NashornScriptEngine.java:455)
[22:05:01] [Server thread/INFO]: [java.lang.Throwable$WrappedPrintStream:println:748]: 	at jdk.nashorn.api.scripting.NashornScriptEngine.invokeImpl(NashornScriptEngine.java:387)
[22:05:01] [Server thread/INFO]: [java.lang.Throwable$WrappedPrintStream:println:748]: 	at jdk.nashorn.api.scripting.NashornScriptEngine.invokeFunction(NashornScriptEngine.java:187)
[22:05:01] [Server thread/INFO]: [java.lang.Throwable$WrappedPrintStream:println:748]: 	at jp.ngt.ngtlib.io.ScriptUtil.doScriptFunction(ScriptUtil.java:58)
[22:05:01] [Server thread/INFO]: [java.lang.Throwable$WrappedPrintStream:println:748]: 	... 21 more
[22:05:01] [Server thread/INFO]: [java.lang.Throwable$WrappedPrintStream:println:748]: Caused by: <eval>:4573 TypeError: jp.kaiz.kaizpatch.rtm.rail.TileEntityLargeRailSectionCore@3eea27f5 has no such function "getWorldObj"
[22:05:01] [Server thread/INFO]: [java.lang.Throwable$WrappedPrintStream:println:748]: 	at jdk.nashorn.internal.runtime.ECMAErrors.error(ECMAErrors.java:57)
[22:05:01] [Server thread/INFO]: [java.lang.Throwable$WrappedPrintStream:println:748]: 	at jdk.nashorn.internal.runtime.ECMAErrors.typeError(ECMAErrors.java:213)
[22:05:01] [Server thread/INFO]: [java.lang.Throwable$WrappedPrintStream:println:748]: 	at jdk.nashorn.internal.runtime.ECMAErrors.typeError(ECMAErrors.java:185)
[22:05:01] [Server thread/INFO]: [java.lang.Throwable$WrappedPrintStream:println:748]: 	at jdk.nashorn.internal.runtime.ECMAErrors.typeError(ECMAErrors.java:172)
[22:05:01] [Server thread/INFO]: [java.lang.Throwable$WrappedPrintStream:println:748]: 	at jdk.nashorn.internal.runtime.linker.NashornBottomLinker.linkBean(NashornBottomLinker.java:103)
[22:05:01] [Server thread/INFO]: [java.lang.Throwable$WrappedPrintStream:println:748]: 	at jdk.nashorn.internal.runtime.linker.NashornBottomLinker.getGuardedInvocation(NashornBottomLinker.java:71)
[22:05:01] [Server thread/INFO]: [java.lang.Throwable$WrappedPrintStream:println:748]: 	at jdk.internal.dynalink.support.CompositeGuardingDynamicLinker.getGuardedInvocation(CompositeGuardingDynamicLinker.java:124)
[22:05:01] [Server thread/INFO]: [java.lang.Throwable$WrappedPrintStream:println:748]: 	at jdk.internal.dynalink.support.LinkerServicesImpl.getGuardedInvocation(LinkerServicesImpl.java:149)
[22:05:01] [Server thread/INFO]: [java.lang.Throwable$WrappedPrintStream:println:748]: 	at jdk.internal.dynalink.DynamicLinker.relink(DynamicLinker.java:233)
[22:05:01] [Server thread/INFO]: [java.lang.Throwable$WrappedPrintStream:println:748]: 	at jdk.nashorn.internal.scripts.Script$Recompilation$7614$188583AAAAAAAA$\^eval\_.RTMX_loadCompatTarget_kaizpatch_scripts_superrailbuilderx_RailPositionCompat_1suqebq$L:4466$RailPositionCompat$moveSectionedRailPosition(<eval>:4573)
[22:05:01] [Server thread/INFO]: [java.lang.Throwable$WrappedPrintStream:println:748]: 	at jdk.nashorn.internal.scripts.Script$Recompilation$7610$187411AAAAAAAA$\^eval\_.RTMX_loadCompatTarget_kaizpatch_scripts_superrailbuilderx_RailPositionCompat_1suqebq$L:4466$RailPositionCompat$moveRailPosition(<eval>:4537)
[22:05:01] [Server thread/INFO]: [java.lang.Throwable$WrappedPrintStream:println:748]: 	at jdk.nashorn.internal.scripts.Script$Recompilation$7607$200380AA$\^eval\_.applyRequest(<eval>:4807)
[22:05:01] [Server thread/INFO]: [java.lang.Throwable$WrappedPrintStream:println:748]: 	at jdk.nashorn.internal.scripts.Script$Recompilation$7571$201151AA$\^eval\_.onUpdate(<eval>:4843)
[22:05:01] [Server thread/INFO]: [java.lang.Throwable$WrappedPrintStream:println:748]: 	at jdk.nashorn.internal.runtime.ScriptFunctionData.invoke(ScriptFunctionData.java:640)
[22:05:01] [Server thread/INFO]: [java.lang.Throwable$WrappedPrintStream:println:748]: 	at jdk.nashorn.internal.runtime.ScriptFunction.invoke(ScriptFunction.java:229)
[22:05:01] [Server thread/INFO]: [java.lang.Throwable$WrappedPrintStream:println:748]: 	at jdk.nashorn.internal.runtime.ScriptRuntime.apply(ScriptRuntime.java:387)
[22:05:01] [Server thread/INFO]: [java.lang.Throwable$WrappedPrintStream:println:748]: 	at jdk.nashorn.api.scripting.ScriptObjectMirror.callMember(ScriptObjectMirror.java:192)
[22:05:01] [Server thread/INFO]: [java.lang.Throwable$WrappedPrintStream:println:748]: 	at jdk.nashorn.api.scripting.NashornScriptEngine.invokeImpl(NashornScriptEngine.java:381)
[22:05:01] [Server thread/INFO]: [java.lang.Throwable$WrappedPrintStream:println:748]: 	... 23 more
[22:05:01] [Server thread/INFO]: [java.lang.Throwable$WrappedPrintStream:println:748]: java.lang.RuntimeException: Script exec error : onUpdate
[22:05:01] [Server thread/INFO]: [java.lang.Throwable$WrappedPrintStream:println:748]: 	at jp.ngt.ngtlib.io.ScriptUtil.doScriptFunction(ScriptUtil.java:60)
[22:05:01] [Server thread/INFO]: [java.lang.Throwable$WrappedPrintStream:println:748]: 	at jp.ngt.ngtlib.io.ScriptUtil.doScriptIgnoreError(ScriptUtil.java:66)
[22:05:01] [Server thread/INFO]: [java.lang.Throwable$WrappedPrintStream:println:748]: 	at jp.ngt.rtm.modelpack.ScriptExecuter.callMethod(ScriptExecuter.java:24)
[22:05:01] [Server thread/INFO]: [java.lang.Throwable$WrappedPrintStream:println:748]: 	at jp.ngt.rtm.modelpack.ScriptExecuter.execScript(ScriptExecuter.java:36)
[22:05:01] [Server thread/INFO]: [java.lang.Throwable$WrappedPrintStream:println:748]: 	at jp.ngt.rtm.modelpack.ScriptExecuter.execScript(ScriptExecuter.java:30)
[22:05:01] [Server thread/INFO]: [java.lang.Throwable$WrappedPrintStream:println:748]: 	at jp.ngt.rtm.entity.vehicle.EntityVehicleBase.onVehicleUpdate(EntityVehicleBase.java:203)
[22:05:01] [Server thread/INFO]: [java.lang.Throwable$WrappedPrintStream:println:748]: 	at jp.ngt.rtm.entity.vehicle.EntityVehicle.onVehicleUpdate(EntityVehicle.java:66)
[22:05:01] [Server thread/INFO]: [java.lang.Throwable$WrappedPrintStream:println:748]: 	at jp.ngt.rtm.entity.vehicle.EntityVehicleBase.func_70071_h_(EntityVehicleBase.java:168)
[22:05:01] [Server thread/INFO]: [java.lang.Throwable$WrappedPrintStream:println:748]: 	at net.minecraft.entity.Entity.func_70098_U(Entity.java:1579)
[22:05:01] [Server thread/INFO]: [java.lang.Throwable$WrappedPrintStream:println:748]: 	at net.minecraft.world.World.func_72866_a(World.java:2066)
[22:05:01] [Server thread/INFO]: [java.lang.Throwable$WrappedPrintStream:println:748]: 	at net.minecraft.world.WorldServer.func_72866_a(WorldServer.java:648)
[22:05:01] [Server thread/INFO]: [java.lang.Throwable$WrappedPrintStream:println:748]: 	at net.minecraft.world.World.func_72870_g(World.java:2034)
[22:05:01] [Server thread/INFO]: [java.lang.Throwable$WrappedPrintStream:println:748]: 	at net.minecraft.world.World.func_72866_a(World.java:2129)
[22:05:01] [Server thread/INFO]: [java.lang.Throwable$WrappedPrintStream:println:748]: 	at net.minecraft.world.WorldServer.func_72866_a(WorldServer.java:648)
[22:05:01] [Server thread/INFO]: [java.lang.Throwable$WrappedPrintStream:println:748]: 	at net.minecraft.world.World.func_72870_g(World.java:2034)
[22:05:01] [Server thread/INFO]: [java.lang.Throwable$WrappedPrintStream:println:748]: 	at net.minecraft.world.World.func_72939_s(World.java:1887)
[22:05:01] [Server thread/INFO]: [java.lang.Throwable$WrappedPrintStream:println:748]: 	at net.minecraft.world.WorldServer.func_72939_s(WorldServer.java:489)
[22:05:01] [Server thread/INFO]: [java.lang.Throwable$WrappedPrintStream:println:748]: 	at net.minecraft.server.MinecraftServer.func_71190_q(MinecraftServer.java:636)
[22:05:01] [Server thread/INFO]: [java.lang.Throwable$WrappedPrintStream:println:748]: 	at net.minecraft.server.MinecraftServer.func_71217_p(MinecraftServer.java:547)
[22:05:01] [Server thread/INFO]: [java.lang.Throwable$WrappedPrintStream:println:748]: 	at net.minecraft.server.integrated.IntegratedServer.func_71217_p(IntegratedServer.java:111)
[22:05:01] [Server thread/INFO]: [java.lang.Throwable$WrappedPrintStream:println:748]: 	at net.minecraft.server.MinecraftServer.run(MinecraftServer.java:427)
[22:05:01] [Server thread/INFO]: [java.lang.Throwable$WrappedPrintStream:println:748]: 	at net.minecraft.server.MinecraftServer$2.run(MinecraftServer.java:685)
[22:05:01] [Server thread/INFO]: [java.lang.Throwable$WrappedPrintStream:println:748]: Caused by: javax.script.ScriptException: TypeError: jp.kaiz.kaizpatch.rtm.rail.TileEntityLargeRailSectionCore@3eea27f5 has no such function "getWorldObj" in <eval> at line number 4573
[22:05:01] [Server thread/INFO]: [java.lang.Throwable$WrappedPrintStream:println:748]: 	at jdk.nashorn.api.scripting.NashornScriptEngine.throwAsScriptException(NashornScriptEngine.java:455)
[22:05:01] [Server thread/INFO]: [java.lang.Throwable$WrappedPrintStream:println:748]: 	at jdk.nashorn.api.scripting.NashornScriptEngine.invokeImpl(NashornScriptEngine.java:387)
[22:05:01] [Server thread/INFO]: [java.lang.Throwable$WrappedPrintStream:println:748]: 	at jdk.nashorn.api.scripting.NashornScriptEngine.invokeFunction(NashornScriptEngine.java:187)
[22:05:01] [Server thread/INFO]: [java.lang.Throwable$WrappedPrintStream:println:748]: 	at jp.ngt.ngtlib.io.ScriptUtil.doScriptFunction(ScriptUtil.java:58)
[22:05:01] [Server thread/INFO]: [java.lang.Throwable$WrappedPrintStream:println:748]: 	... 21 more
[22:05:01] [Server thread/INFO]: [java.lang.Throwable$WrappedPrintStream:println:748]: Caused by: <eval>:4573 TypeError: jp.kaiz.kaizpatch.rtm.rail.TileEntityLargeRailSectionCore@3eea27f5 has no such function "getWorldObj"
[22:05:01] [Server thread/INFO]: [java.lang.Throwable$WrappedPrintStream:println:748]: 	at jdk.nashorn.internal.runtime.ECMAErrors.error(ECMAErrors.java:57)
[22:05:01] [Server thread/INFO]: [java.lang.Throwable$WrappedPrintStream:println:748]: 	at jdk.nashorn.internal.runtime.ECMAErrors.typeError(ECMAErrors.java:213)
[22:05:01] [Server thread/INFO]: [java.lang.Throwable$WrappedPrintStream:println:748]: 	at jdk.nashorn.internal.runtime.ECMAErrors.typeError(ECMAErrors.java:185)
[22:05:01] [Server thread/INFO]: [java.lang.Throwable$WrappedPrintStream:println:748]: 	at jdk.nashorn.internal.runtime.ECMAErrors.typeError(ECMAErrors.java:172)
[22:05:01] [Server thread/INFO]: [java.lang.Throwable$WrappedPrintStream:println:748]: 	at jdk.nashorn.internal.runtime.linker.NashornBottomLinker.linkBean(NashornBottomLinker.java:103)
[22:05:01] [Server thread/INFO]: [java.lang.Throwable$WrappedPrintStream:println:748]: 	at jdk.nashorn.internal.runtime.linker.NashornBottomLinker.getGuardedInvocation(NashornBottomLinker.java:71)
[22:05:01] [Server thread/INFO]: [java.lang.Throwable$WrappedPrintStream:println:748]: 	at jdk.internal.dynalink.support.CompositeGuardingDynamicLinker.getGuardedInvocation(CompositeGuardingDynamicLinker.java:124)
[22:05:01] [Server thread/INFO]: [java.lang.Throwable$WrappedPrintStream:println:748]: 	at jdk.internal.dynalink.support.LinkerServicesImpl.getGuardedInvocation(LinkerServicesImpl.java:149)
[22:05:01] [Server thread/INFO]: [java.lang.Throwable$WrappedPrintStream:println:748]: 	at jdk.internal.dynalink.DynamicLinker.relink(DynamicLinker.java:233)
[22:05:01] [Server thread/INFO]: [java.lang.Throwable$WrappedPrintStream:println:748]: 	at jdk.nashorn.internal.scripts.Script$Recompilation$7614$188583AAAAAAAA$\^eval\_.RTMX_loadCompatTarget_kaizpatch_scripts_superrailbuilderx_RailPositionCompat_1suqebq$L:4466$RailPositionCompat$moveSectionedRailPosition(<eval>:4573)
[22:05:01] [Server thread/INFO]: [java.lang.Throwable$WrappedPrintStream:println:748]: 	at jdk.nashorn.internal.scripts.Script$Recompilation$7610$187411AAAAAAAA$\^eval\_.RTMX_loadCompatTarget_kaizpatch_scripts_superrailbuilderx_RailPositionCompat_1suqebq$L:4466$RailPositionCompat$moveRailPosition(<eval>:4537)
[22:05:01] [Server thread/INFO]: [java.lang.Throwable$WrappedPrintStream:println:748]: 	at jdk.nashorn.internal.scripts.Script$Recompilation$7607$200380AA$\^eval\_.applyRequest(<eval>:4807)
[22:05:01] [Server thread/INFO]: [java.lang.Throwable$WrappedPrintStream:println:748]: 	at jdk.nashorn.internal.scripts.Script$Recompilation$7571$201151AA$\^eval\_.onUpdate(<eval>:4843)
[22:05:01] [Server thread/INFO]: [java.lang.Throwable$WrappedPrintStream:println:748]: 	at jdk.nashorn.internal.runtime.ScriptFunctionData.invoke(ScriptFunctionData.java:640)
[22:05:01] [Server thread/INFO]: [java.lang.Throwable$WrappedPrintStream:println:748]: 	at jdk.nashorn.internal.runtime.ScriptFunction.invoke(ScriptFunction.java:229)
[22:05:01] [Server thread/INFO]: [java.lang.Throwable$WrappedPrintStream:println:748]: 	at jdk.nashorn.internal.runtime.ScriptRuntime.apply(ScriptRuntime.java:387)
[22:05:01] [Server thread/INFO]: [java.lang.Throwable$WrappedPrintStream:println:748]: 	at jdk.nashorn.api.scripting.ScriptObjectMirror.callMember(ScriptObjectMirror.java:192)
[22:05:01] [Server thread/INFO]: [java.lang.Throwable$WrappedPrintStream:println:748]: 	at jdk.nashorn.api.scripting.NashornScriptEngine.invokeImpl(NashornScriptEngine.java:381)
[22:05:01] [Server thread/INFO]: [java.lang.Throwable$WrappedPrintStream:println:748]: 	... 23 more
[22:05:01] [Server thread/INFO]: [java.lang.Throwable$WrappedPrintStream:println:748]: java.lang.RuntimeException: Script exec error : onUpdate
[22:05:01] [Server thread/INFO]: [java.lang.Throwable$WrappedPrintStream:println:748]: 	at jp.ngt.ngtlib.io.ScriptUtil.doScriptFunction(ScriptUtil.java:60)
[22:05:01] [Server thread/INFO]: [java.lang.Throwable$WrappedPrintStream:println:748]: 	at jp.ngt.ngtlib.io.ScriptUtil.doScriptIgnoreError(ScriptUtil.java:66)
[22:05:01] [Server thread/INFO]: [java.lang.Throwable$WrappedPrintStream:println:748]: 	at jp.ngt.rtm.modelpack.ScriptExecuter.callMethod(ScriptExecuter.java:24)
[22:05:01] [Server thread/INFO]: [java.lang.Throwable$WrappedPrintStream:println:748]: 	at jp.ngt.rtm.modelpack.ScriptExecuter.execScript(ScriptExecuter.java:36)
[22:05:01] [Server thread/INFO]: [java.lang.Throwable$WrappedPrintStream:println:748]: 	at jp.ngt.rtm.modelpack.ScriptExecuter.execScript(ScriptExecuter.java:30)
[22:05:01] [Server thread/INFO]: [java.lang.Throwable$WrappedPrintStream:println:748]: 	at jp.ngt.rtm.entity.vehicle.EntityVehicleBase.onVehicleUpdate(EntityVehicleBase.java:203)
[22:05:01] [Server thread/INFO]: [java.lang.Throwable$WrappedPrintStream:println:748]: 	at jp.ngt.rtm.entity.vehicle.EntityVehicle.onVehicleUpdate(EntityVehicle.java:66)
[22:05:01] [Server thread/INFO]: [java.lang.Throwable$WrappedPrintStream:println:748]: 	at jp.ngt.rtm.entity.vehicle.EntityVehicleBase.func_70071_h_(EntityVehicleBase.java:168)
[22:05:01] [Server thread/INFO]: [java.lang.Throwable$WrappedPrintStream:println:748]: 	at net.minecraft.entity.Entity.func_70098_U(Entity.java:1579)
[22:05:01] [Server thread/INFO]: [java.lang.Throwable$WrappedPrintStream:println:748]: 	at net.minecraft.world.World.func_72866_a(World.java:2066)
[22:05:01] [Server thread/INFO]: [java.lang.Throwable$WrappedPrintStream:println:748]: 	at net.minecraft.world.WorldServer.func_72866_a(WorldServer.java:648)
[22:05:01] [Server thread/INFO]: [java.lang.Throwable$WrappedPrintStream:println:748]: 	at net.minecraft.world.World.func_72870_g(World.java:2034)
[22:05:01] [Server thread/INFO]: [java.lang.Throwable$WrappedPrintStream:println:748]: 	at net.minecraft.world.World.func_72866_a(World.java:2129)
[22:05:01] [Server thread/INFO]: [java.lang.Throwable$WrappedPrintStream:println:748]: 	at net.minecraft.world.WorldServer.func_72866_a(WorldServer.java:648)
[22:05:01] [Server thread/INFO]: [java.lang.Throwable$WrappedPrintStream:println:748]: 	at net.minecraft.world.World.func_72870_g(World.java:2034)
[22:05:01] [Server thread/INFO]: [java.lang.Throwable$WrappedPrintStream:println:748]: 	at net.minecraft.world.World.func_72939_s(World.java:1887)
[22:05:01] [Server thread/INFO]: [java.lang.Throwable$WrappedPrintStream:println:748]: 	at net.minecraft.world.WorldServer.func_72939_s(WorldServer.java:489)
[22:05:01] [Server thread/INFO]: [java.lang.Throwable$WrappedPrintStream:println:748]: 	at net.minecraft.server.MinecraftServer.func_71190_q(MinecraftServer.java:636)
[22:05:01] [Server thread/INFO]: [java.lang.Throwable$WrappedPrintStream:println:748]: 	at net.minecraft.server.MinecraftServer.func_71217_p(MinecraftServer.java:547)
[22:05:01] [Server thread/INFO]: [java.lang.Throwable$WrappedPrintStream:println:748]: 	at net.minecraft.server.integrated.IntegratedServer.func_71217_p(IntegratedServer.java:111)
[22:05:01] [Server thread/INFO]: [java.lang.Throwable$WrappedPrintStream:println:748]: 	at net.minecraft.server.MinecraftServer.run(MinecraftServer.java:427)
[22:05:01] [Server thread/INFO]: [java.lang.Throwable$WrappedPrintStream:println:748]: 	at net.minecraft.server.MinecraftServer$2.run(MinecraftServer.java:685)
[22:05:01] [Server thread/INFO]: [java.lang.Throwable$WrappedPrintStream:println:748]: Caused by: javax.script.ScriptException: TypeError: jp.kaiz.kaizpatch.rtm.rail.TileEntityLargeRailSectionCore@3eea27f5 has no such function "getWorldObj" in <eval> at line number 4573
[22:05:01] [Server thread/INFO]: [java.lang.Throwable$WrappedPrintStream:println:748]: 	at jdk.nashorn.api.scripting.NashornScriptEngine.throwAsScriptException(NashornScriptEngine.java:455)
[22:05:01] [Server thread/INFO]: [java.lang.Throwable$WrappedPrintStream:println:748]: 	at jdk.nashorn.api.scripting.NashornScriptEngine.invokeImpl(NashornScriptEngine.java:387)
[22:05:01] [Server thread/INFO]: [java.lang.Throwable$WrappedPrintStream:println:748]: 	at jdk.nashorn.api.scripting.NashornScriptEngine.invokeFunction(NashornScriptEngine.java:187)
[22:05:01] [Server thread/INFO]: [java.lang.Throwable$WrappedPrintStream:println:748]: 	at jp.ngt.ngtlib.io.ScriptUtil.doScriptFunction(ScriptUtil.java:58)
[22:05:01] [Server thread/INFO]: [java.lang.Throwable$WrappedPrintStream:println:748]: 	... 21 more
[22:05:01] [Server thread/INFO]: [java.lang.Throwable$WrappedPrintStream:println:748]: Caused by: <eval>:4573 TypeError: jp.kaiz.kaizpatch.rtm.rail.TileEntityLargeRailSectionCore@3eea27f5 has no such function "getWorldObj"
[22:05:01] [Server thread/INFO]: [java.lang.Throwable$WrappedPrintStream:println:748]: 	at jdk.nashorn.internal.runtime.ECMAErrors.error(ECMAErrors.java:57)
[22:05:01] [Server thread/INFO]: [java.lang.Throwable$WrappedPrintStream:println:748]: 	at jdk.nashorn.internal.runtime.ECMAErrors.typeError(ECMAErrors.java:213)
[22:05:01] [Server thread/INFO]: [java.lang.Throwable$WrappedPrintStream:println:748]: 	at jdk.nashorn.internal.runtime.ECMAErrors.typeError(ECMAErrors.java:185)
[22:05:01] [Server thread/INFO]: [java.lang.Throwable$WrappedPrintStream:println:748]: 	at jdk.nashorn.internal.runtime.ECMAErrors.typeError(ECMAErrors.java:172)
[22:05:01] [Server thread/INFO]: [java.lang.Throwable$WrappedPrintStream:println:748]: 	at jdk.nashorn.internal.runtime.linker.NashornBottomLinker.linkBean(NashornBottomLinker.java:103)
[22:05:01] [Server thread/INFO]: [java.lang.Throwable$WrappedPrintStream:println:748]: 	at jdk.nashorn.internal.runtime.linker.NashornBottomLinker.getGuardedInvocation(NashornBottomLinker.java:71)
[22:05:01] [Server thread/INFO]: [java.lang.Throwable$WrappedPrintStream:println:748]: 	at jdk.internal.dynalink.support.CompositeGuardingDynamicLinker.getGuardedInvocation(CompositeGuardingDynamicLinker.java:124)
[22:05:01] [Server thread/INFO]: [java.lang.Throwable$WrappedPrintStream:println:748]: 	at jdk.internal.dynalink.support.LinkerServicesImpl.getGuardedInvocation(LinkerServicesImpl.java:149)
[22:05:01] [Server thread/INFO]: [java.lang.Throwable$WrappedPrintStream:println:748]: 	at jdk.internal.dynalink.DynamicLinker.relink(DynamicLinker.java:233)
[22:05:01] [Server thread/INFO]: [java.lang.Throwable$WrappedPrintStream:println:748]: 	at jdk.nashorn.internal.scripts.Script$Recompilation$7614$188583AAAAAAAA$\^eval\_.RTMX_loadCompatTarget_kaizpatch_scripts_superrailbuilderx_RailPositionCompat_1suqebq$L:4466$RailPositionCompat$moveSectionedRailPosition(<eval>:4573)
[22:05:01] [Server thread/INFO]: [java.lang.Throwable$WrappedPrintStream:println:748]: 	at jdk.nashorn.internal.scripts.Script$Recompilation$7610$187411AAAAAAAA$\^eval\_.RTMX_loadCompatTarget_kaizpatch_scripts_superrailbuilderx_RailPositionCompat_1suqebq$L:4466$RailPositionCompat$moveRailPosition(<eval>:4537)
[22:05:01] [Server thread/INFO]: [java.lang.Throwable$WrappedPrintStream:println:748]: 	at jdk.nashorn.internal.scripts.Script$Recompilation$7607$200380AA$\^eval\_.applyRequest(<eval>:4807)
[22:05:01] [Server thread/INFO]: [java.lang.Throwable$WrappedPrintStream:println:748]: 	at jdk.nashorn.internal.scripts.Script$Recompilation$7571$201151AA$\^eval\_.onUpdate(<eval>:4843)
[22:05:01] [Server thread/INFO]: [java.lang.Throwable$WrappedPrintStream:println:748]: 	at jdk.nashorn.internal.runtime.ScriptFunctionData.invoke(ScriptFunctionData.java:640)
[22:05:01] [Server thread/INFO]: [java.lang.Throwable$WrappedPrintStream:println:748]: 	at jdk.nashorn.internal.runtime.ScriptFunction.invoke(ScriptFunction.java:229)
[22:05:01] [Server thread/INFO]: [java.lang.Throwable$WrappedPrintStream:println:748]: 	at jdk.nashorn.internal.runtime.ScriptRuntime.apply(ScriptRuntime.java:387)
[22:05:01] [Server thread/INFO]: [java.lang.Throwable$WrappedPrintStream:println:748]: 	at jdk.nashorn.api.scripting.ScriptObjectMirror.callMember(ScriptObjectMirror.java:192)
[22:05:01] [Server thread/INFO]: [java.lang.Throwable$WrappedPrintStream:println:748]: 	at jdk.nashorn.api.scripting.NashornScriptEngine.invokeImpl(NashornScriptEngine.java:381)
[22:05:01] [Server thread/INFO]: [java.lang.Throwable$WrappedPrintStream:println:748]: 	... 23 more
[22:05:01] [Server thread/INFO]: [java.lang.Throwable$WrappedPrintStream:println:748]: java.lang.RuntimeException: Script exec error : onUpdate
[22:05:01] [Server thread/INFO]: [java.lang.Throwable$WrappedPrintStream:println:748]: 	at jp.ngt.ngtlib.io.ScriptUtil.doScriptFunction(ScriptUtil.java:60)
[22:05:01] [Server thread/INFO]: [java.lang.Throwable$WrappedPrintStream:println:748]: 	at jp.ngt.ngtlib.io.ScriptUtil.doScriptIgnoreError(ScriptUtil.java:66)
[22:05:01] [Server thread/INFO]: [java.lang.Throwable$WrappedPrintStream:println:748]: 	at jp.ngt.rtm.modelpack.ScriptExecuter.callMethod(ScriptExecuter.java:24)
[22:05:01] [Server thread/INFO]: [java.lang.Throwable$WrappedPrintStream:println:748]: 	at jp.ngt.rtm.modelpack.ScriptExecuter.execScript(ScriptExecuter.java:36)
[22:05:01] [Server thread/INFO]: [java.lang.Throwable$WrappedPrintStream:println:748]: 	at jp.ngt.rtm.modelpack.ScriptExecuter.execScript(ScriptExecuter.java:30)
[22:05:01] [Server thread/INFO]: [java.lang.Throwable$WrappedPrintStream:println:748]: 	at jp.ngt.rtm.entity.vehicle.EntityVehicleBase.onVehicleUpdate(EntityVehicleBase.java:203)
[22:05:01] [Server thread/INFO]: [java.lang.Throwable$WrappedPrintStream:println:748]: 	at jp.ngt.rtm.entity.vehicle.EntityVehicle.onVehicleUpdate(EntityVehicle.java:66)
[22:05:01] [Server thread/INFO]: [java.lang.Throwable$WrappedPrintStream:println:748]: 	at jp.ngt.rtm.entity.vehicle.EntityVehicleBase.func_70071_h_(EntityVehicleBase.java:168)
[22:05:01] [Server thread/INFO]: [java.lang.Throwable$WrappedPrintStream:println:748]: 	at net.minecraft.entity.Entity.func_70098_U(Entity.java:1579)
[22:05:01] [Server thread/INFO]: [java.lang.Throwable$WrappedPrintStream:println:748]: 	at net.minecraft.world.World.func_72866_a(World.java:2066)
[22:05:01] [Server thread/INFO]: [java.lang.Throwable$WrappedPrintStream:println:748]: 	at net.minecraft.world.WorldServer.func_72866_a(WorldServer.java:648)
[22:05:01] [Server thread/INFO]: [java.lang.Throwable$WrappedPrintStream:println:748]: 	at net.minecraft.world.World.func_72870_g(World.java:2034)
[22:05:01] [Server thread/INFO]: [java.lang.Throwable$WrappedPrintStream:println:748]: 	at net.minecraft.world.World.func_72866_a(World.java:2129)
[22:05:01] [Server thread/INFO]: [java.lang.Throwable$WrappedPrintStream:println:748]: 	at net.minecraft.world.WorldServer.func_72866_a(WorldServer.java:648)
[22:05:01] [Server thread/INFO]: [java.lang.Throwable$WrappedPrintStream:println:748]: 	at net.minecraft.world.World.func_72870_g(World.java:2034)
[22:05:01] [Server thread/INFO]: [java.lang.Throwable$WrappedPrintStream:println:748]: 	at net.minecraft.world.World.func_72939_s(World.java:1887)
[22:05:01] [Server thread/INFO]: [java.lang.Throwable$WrappedPrintStream:println:748]: 	at net.minecraft.world.WorldServer.func_72939_s(WorldServer.java:489)
[22:05:01] [Server thread/INFO]: [java.lang.Throwable$WrappedPrintStream:println:748]: 	at net.minecraft.server.MinecraftServer.func_71190_q(MinecraftServer.java:636)
[22:05:01] [Server thread/INFO]: [java.lang.Throwable$WrappedPrintStream:println:748]: 	at net.minecraft.server.MinecraftServer.func_71217_p(MinecraftServer.java:547)
[22:05:01] [Server thread/INFO]: [java.lang.Throwable$WrappedPrintStream:println:748]: 	at net.minecraft.server.integrated.IntegratedServer.func_71217_p(IntegratedServer.java:111)
[22:05:01] [Server thread/INFO]: [java.lang.Throwable$WrappedPrintStream:println:748]: 	at net.minecraft.server.MinecraftServer.run(MinecraftServer.java:427)
[22:05:01] [Server thread/INFO]: [java.lang.Throwable$WrappedPrintStream:println:748]: 	at net.minecraft.server.MinecraftServer$2.run(MinecraftServer.java:685)
[22:05:01] [Server thread/INFO]: [java.lang.Throwable$WrappedPrintStream:println:748]: Caused by: javax.script.ScriptException: TypeError: jp.kaiz.kaizpatch.rtm.rail.TileEntityLargeRailSectionCore@3eea27f5 has no such function "getWorldObj" in <eval> at line number 4573
[22:05:01] [Server thread/INFO]: [java.lang.Throwable$WrappedPrintStream:println:748]: 	at jdk.nashorn.api.scripting.NashornScriptEngine.throwAsScriptException(NashornScriptEngine.java:455)
[22:05:01] [Server thread/INFO]: [java.lang.Throwable$WrappedPrintStream:println:748]: 	at jdk.nashorn.api.scripting.NashornScriptEngine.invokeImpl(NashornScriptEngine.java:387)
[22:05:01] [Server thread/INFO]: [java.lang.Throwable$WrappedPrintStream:println:748]: 	at jdk.nashorn.api.scripting.NashornScriptEngine.invokeFunction(NashornScriptEngine.java:187)
[22:05:01] [Server thread/INFO]: [java.lang.Throwable$WrappedPrintStream:println:748]: 	at jp.ngt.ngtlib.io.ScriptUtil.doScriptFunction(ScriptUtil.java:58)
[22:05:01] [Server thread/INFO]: [java.lang.Throwable$WrappedPrintStream:println:748]: 	... 21 more
[22:05:01] [Server thread/INFO]: [java.lang.Throwable$WrappedPrintStream:println:748]: Caused by: <eval>:4573 TypeError: jp.kaiz.kaizpatch.rtm.rail.TileEntityLargeRailSectionCore@3eea27f5 has no such function "getWorldObj"
[22:05:01] [Server thread/INFO]: [java.lang.Throwable$WrappedPrintStream:println:748]: 	at jdk.nashorn.internal.runtime.ECMAErrors.error(ECMAErrors.java:57)
[22:05:01] [Server thread/INFO]: [java.lang.Throwable$WrappedPrintStream:println:748]: 	at jdk.nashorn.internal.runtime.ECMAErrors.typeError(ECMAErrors.java:213)
[22:05:01] [Server thread/INFO]: [java.lang.Throwable$WrappedPrintStream:println:748]: 	at jdk.nashorn.internal.runtime.ECMAErrors.typeError(ECMAErrors.java:185)
[22:05:01] [Server thread/INFO]: [java.lang.Throwable$WrappedPrintStream:println:748]: 	at jdk.nashorn.internal.runtime.ECMAErrors.typeError(ECMAErrors.java:172)
[22:05:01] [Server thread/INFO]: [java.lang.Throwable$WrappedPrintStream:println:748]: 	at jdk.nashorn.internal.runtime.linker.NashornBottomLinker.linkBean(NashornBottomLinker.java:103)
[22:05:01] [Server thread/INFO]: [java.lang.Throwable$WrappedPrintStream:println:748]: 	at jdk.nashorn.internal.runtime.linker.NashornBottomLinker.getGuardedInvocation(NashornBottomLinker.java:71)
[22:05:01] [Server thread/INFO]: [java.lang.Throwable$WrappedPrintStream:println:748]: 	at jdk.internal.dynalink.support.CompositeGuardingDynamicLinker.getGuardedInvocation(CompositeGuardingDynamicLinker.java:124)
[22:05:01] [Server thread/INFO]: [java.lang.Throwable$WrappedPrintStream:println:748]: 	at jdk.internal.dynalink.support.LinkerServicesImpl.getGuardedInvocation(LinkerServicesImpl.java:149)
[22:05:01] [Server thread/INFO]: [java.lang.Throwable$WrappedPrintStream:println:748]: 	at jdk.internal.dynalink.DynamicLinker.relink(DynamicLinker.java:233)
[22:05:01] [Server thread/INFO]: [java.lang.Throwable$WrappedPrintStream:println:748]: 	at jdk.nashorn.internal.scripts.Script$Recompilation$7614$188583AAAAAAAA$\^eval\_.RTMX_loadCompatTarget_kaizpatch_scripts_superrailbuilderx_RailPositionCompat_1suqebq$L:4466$RailPositionCompat$moveSectionedRailPosition(<eval>:4573)
[22:05:01] [Server thread/INFO]: [java.lang.Throwable$WrappedPrintStream:println:748]: 	at jdk.nashorn.internal.scripts.Script$Recompilation$7610$187411AAAAAAAA$\^eval\_.RTMX_loadCompatTarget_kaizpatch_scripts_superrailbuilderx_RailPositionCompat_1suqebq$L:4466$RailPositionCompat$moveRailPosition(<eval>:4537)
[22:05:01] [Server thread/INFO]: [java.lang.Throwable$WrappedPrintStream:println:748]: 	at jdk.nashorn.internal.scripts.Script$Recompilation$7607$200380AA$\^eval\_.applyRequest(<eval>:4807)
[22:05:01] [Server thread/INFO]: [java.lang.Throwable$WrappedPrintStream:println:748]: 	at jdk.nashorn.internal.scripts.Script$Recompilation$7571$201151AA$\^eval\_.onUpdate(<eval>:4843)
[22:05:01] [Server thread/INFO]: [java.lang.Throwable$WrappedPrintStream:println:748]: 	at jdk.nashorn.internal.runtime.ScriptFunctionData.invoke(ScriptFunctionData.java:640)
[22:05:01] [Server thread/INFO]: [java.lang.Throwable$WrappedPrintStream:println:748]: 	at jdk.nashorn.internal.runtime.ScriptFunction.invoke(ScriptFunction.java:229)
[22:05:01] [Server thread/INFO]: [java.lang.Throwable$WrappedPrintStream:println:748]: 	at jdk.nashorn.internal.runtime.ScriptRuntime.apply(ScriptRuntime.java:387)
[22:05:01] [Server thread/INFO]: [java.lang.Throwable$WrappedPrintStream:println:748]: 	at jdk.nashorn.api.scripting.ScriptObjectMirror.callMember(ScriptObjectMirror.java:192)
[22:05:01] [Server thread/INFO]: [java.lang.Throwable$WrappedPrintStream:println:748]: 	at jdk.nashorn.api.scripting.NashornScriptEngine.invokeImpl(NashornScriptEngine.java:381)
[22:05:01] [Server thread/INFO]: [java.lang.Throwable$WrappedPrintStream:println:748]: 	... 23 more
[22:05:01] [Server thread/INFO]: [java.lang.Throwable$WrappedPrintStream:println:748]: java.lang.RuntimeException: Script exec error : onUpdate
[22:05:01] [Server thread/INFO]: [java.lang.Throwable$WrappedPrintStream:println:748]: 	at jp.ngt.ngtlib.io.ScriptUtil.doScriptFunction(ScriptUtil.java:60)
[22:05:01] [Server thread/INFO]: [java.lang.Throwable$WrappedPrintStream:println:748]: 	at jp.ngt.ngtlib.io.ScriptUtil.doScriptIgnoreError(ScriptUtil.java:66)
[22:05:01] [Server thread/INFO]: [java.lang.Throwable$WrappedPrintStream:println:748]: 	at jp.ngt.rtm.modelpack.ScriptExecuter.callMethod(ScriptExecuter.java:24)
[22:05:01] [Server thread/INFO]: [java.lang.Throwable$WrappedPrintStream:println:748]: 	at jp.ngt.rtm.modelpack.ScriptExecuter.execScript(ScriptExecuter.java:36)
[22:05:01] [Server thread/INFO]: [java.lang.Throwable$WrappedPrintStream:println:748]: 	at jp.ngt.rtm.modelpack.ScriptExecuter.execScript(ScriptExecuter.java:30)
[22:05:01] [Server thread/INFO]: [java.lang.Throwable$WrappedPrintStream:println:748]: 	at jp.ngt.rtm.entity.vehicle.EntityVehicleBase.onVehicleUpdate(EntityVehicleBase.java:203)
[22:05:01] [Server thread/INFO]: [java.lang.Throwable$WrappedPrintStream:println:748]: 	at jp.ngt.rtm.entity.vehicle.EntityVehicle.onVehicleUpdate(EntityVehicle.java:66)
[22:05:01] [Server thread/INFO]: [java.lang.Throwable$WrappedPrintStream:println:748]: 	at jp.ngt.rtm.entity.vehicle.EntityVehicleBase.func_70071_h_(EntityVehicleBase.java:168)
[22:05:01] [Server thread/INFO]: [java.lang.Throwable$WrappedPrintStream:println:748]: 	at net.minecraft.entity.Entity.func_70098_U(Entity.java:1579)
[22:05:01] [Server thread/INFO]: [java.lang.Throwable$WrappedPrintStream:println:748]: 	at net.minecraft.world.World.func_72866_a(World.java:2066)
[22:05:01] [Server thread/INFO]: [java.lang.Throwable$WrappedPrintStream:println:748]: 	at net.minecraft.world.WorldServer.func_72866_a(WorldServer.java:648)
[22:05:01] [Server thread/INFO]: [java.lang.Throwable$WrappedPrintStream:println:748]: 	at net.minecraft.world.World.func_72870_g(World.java:2034)
[22:05:01] [Server thread/INFO]: [java.lang.Throwable$WrappedPrintStream:println:748]: 	at net.minecraft.world.World.func_72866_a(World.java:2129)
[22:05:01] [Server thread/INFO]: [java.lang.Throwable$WrappedPrintStream:println:748]: 	at net.minecraft.world.WorldServer.func_72866_a(WorldServer.java:648)
[22:05:01] [Server thread/INFO]: [java.lang.Throwable$WrappedPrintStream:println:748]: 	at net.minecraft.world.World.func_72870_g(World.java:2034)
[22:05:01] [Server thread/INFO]: [java.lang.Throwable$WrappedPrintStream:println:748]: 	at net.minecraft.world.World.func_72939_s(World.java:1887)
[22:05:01] [Server thread/INFO]: [java.lang.Throwable$WrappedPrintStream:println:748]: 	at net.minecraft.world.WorldServer.func_72939_s(WorldServer.java:489)
[22:05:01] [Server thread/INFO]: [java.lang.Throwable$WrappedPrintStream:println:748]: 	at net.minecraft.server.MinecraftServer.func_71190_q(MinecraftServer.java:636)
[22:05:01] [Server thread/INFO]: [java.lang.Throwable$WrappedPrintStream:println:748]: 	at net.minecraft.server.MinecraftServer.func_71217_p(MinecraftServer.java:547)
[22:05:01] [Server thread/INFO]: [java.lang.Throwable$WrappedPrintStream:println:748]: 	at net.minecraft.server.integrated.IntegratedServer.func_71217_p(IntegratedServer.java:111)
[22:05:01] [Server thread/INFO]: [java.lang.Throwable$WrappedPrintStream:println:748]: 	at net.minecraft.server.MinecraftServer.run(MinecraftServer.java:427)
[22:05:01] [Server thread/INFO]: [java.lang.Throwable$WrappedPrintStream:println:748]: 	at net.minecraft.server.MinecraftServer$2.run(MinecraftServer.java:685)
[22:05:01] [Server thread/INFO]: [java.lang.Throwable$WrappedPrintStream:println:748]: Caused by: javax.script.ScriptException: TypeError: jp.kaiz.kaizpatch.rtm.rail.TileEntityLargeRailSectionCore@3eea27f5 has no such function "getWorldObj" in <eval> at line number 4573
[22:05:01] [Server thread/INFO]: [java.lang.Throwable$WrappedPrintStream:println:748]: 	at jdk.nashorn.api.scripting.NashornScriptEngine.throwAsScriptException(NashornScriptEngine.java:455)
[22:05:01] [Server thread/INFO]: [java.lang.Throwable$WrappedPrintStream:println:748]: 	at jdk.nashorn.api.scripting.NashornScriptEngine.invokeImpl(NashornScriptEngine.java:387)
[22:05:01] [Server thread/INFO]: [java.lang.Throwable$WrappedPrintStream:println:748]: 	at jdk.nashorn.api.scripting.NashornScriptEngine.invokeFunction(NashornScriptEngine.java:187)
[22:05:01] [Server thread/INFO]: [java.lang.Throwable$WrappedPrintStream:println:748]: 	at jp.ngt.ngtlib.io.ScriptUtil.doScriptFunction(ScriptUtil.java:58)
[22:05:01] [Server thread/INFO]: [java.lang.Throwable$WrappedPrintStream:println:748]: 	... 21 more
[22:05:01] [Server thread/INFO]: [java.lang.Throwable$WrappedPrintStream:println:748]: Caused by: <eval>:4573 TypeError: jp.kaiz.kaizpatch.rtm.rail.TileEntityLargeRailSectionCore@3eea27f5 has no such function "getWorldObj"
[22:05:01] [Server thread/INFO]: [java.lang.Throwable$WrappedPrintStream:println:748]: 	at jdk.nashorn.internal.runtime.ECMAErrors.error(ECMAErrors.java:57)
[22:05:01] [Server thread/INFO]: [java.lang.Throwable$WrappedPrintStream:println:748]: 	at jdk.nashorn.internal.runtime.ECMAErrors.typeError(ECMAErrors.java:213)
[22:05:01] [Server thread/INFO]: [java.lang.Throwable$WrappedPrintStream:println:748]: 	at jdk.nashorn.internal.runtime.ECMAErrors.typeError(ECMAErrors.java:185)
[22:05:01] [Server thread/INFO]: [java.lang.Throwable$WrappedPrintStream:println:748]: 	at jdk.nashorn.internal.runtime.ECMAErrors.typeError(ECMAErrors.java:172)
[22:05:01] [Server thread/INFO]: [java.lang.Throwable$WrappedPrintStream:println:748]: 	at jdk.nashorn.internal.runtime.linker.NashornBottomLinker.linkBean(NashornBottomLinker.java:103)
[22:05:01] [Server thread/INFO]: [java.lang.Throwable$WrappedPrintStream:println:748]: 	at jdk.nashorn.internal.runtime.linker.NashornBottomLinker.getGuardedInvocation(NashornBottomLinker.java:71)
[22:05:01] [Server thread/INFO]: [java.lang.Throwable$WrappedPrintStream:println:748]: 	at jdk.internal.dynalink.support.CompositeGuardingDynamicLinker.getGuardedInvocation(CompositeGuardingDynamicLinker.java:124)
[22:05:01] [Server thread/INFO]: [java.lang.Throwable$WrappedPrintStream:println:748]: 	at jdk.internal.dynalink.support.LinkerServicesImpl.getGuardedInvocation(LinkerServicesImpl.java:149)
[22:05:01] [Server thread/INFO]: [java.lang.Throwable$WrappedPrintStream:println:748]: 	at jdk.internal.dynalink.DynamicLinker.relink(DynamicLinker.java:233)
[22:05:01] [Server thread/INFO]: [java.lang.Throwable$WrappedPrintStream:println:748]: 	at jdk.nashorn.internal.scripts.Script$Recompilation$7614$188583AAAAAAAA$\^eval\_.RTMX_loadCompatTarget_kaizpatch_scripts_superrailbuilderx_RailPositionCompat_1suqebq$L:4466$RailPositionCompat$moveSectionedRailPosition(<eval>:4573)
[22:05:01] [Server thread/INFO]: [java.lang.Throwable$WrappedPrintStream:println:748]: 	at jdk.nashorn.internal.scripts.Script$Recompilation$7610$187411AAAAAAAA$\^eval\_.RTMX_loadCompatTarget_kaizpatch_scripts_superrailbuilderx_RailPositionCompat_1suqebq$L:4466$RailPositionCompat$moveRailPosition(<eval>:4537)
[22:05:01] [Server thread/INFO]: [java.lang.Throwable$WrappedPrintStream:println:748]: 	at jdk.nashorn.internal.scripts.Script$Recompilation$7607$200380AA$\^eval\_.applyRequest(<eval>:4807)
[22:05:01] [Server thread/INFO]: [java.lang.Throwable$WrappedPrintStream:println:748]: 	at jdk.nashorn.internal.scripts.Script$Recompilation$7571$201151AA$\^eval\_.onUpdate(<eval>:4843)
[22:05:01] [Server thread/INFO]: [java.lang.Throwable$WrappedPrintStream:println:748]: 	at jdk.nashorn.internal.runtime.ScriptFunctionData.invoke(ScriptFunctionData.java:640)
[22:05:01] [Server thread/INFO]: [java.lang.Throwable$WrappedPrintStream:println:748]: 	at jdk.nashorn.internal.runtime.ScriptFunction.invoke(ScriptFunction.java:229)
[22:05:01] [Server thread/INFO]: [java.lang.Throwable$WrappedPrintStream:println:748]: 	at jdk.nashorn.internal.runtime.ScriptRuntime.apply(ScriptRuntime.java:387)
[22:05:01] [Server thread/INFO]: [java.lang.Throwable$WrappedPrintStream:println:748]: 	at jdk.nashorn.api.scripting.ScriptObjectMirror.callMember(ScriptObjectMirror.java:192)
[22:05:01] [Server thread/INFO]: [java.lang.Throwable$WrappedPrintStream:println:748]: 	at jdk.nashorn.api.scripting.NashornScriptEngine.invokeImpl(NashornScriptEngine.java:381)
[22:05:01] [Server thread/INFO]: [java.lang.Throwable$WrappedPrintStream:println:748]: 	... 23 more
[22:05:02] [Server thread/INFO]: [java.lang.Throwable$WrappedPrintStream:println:748]: java.lang.RuntimeException: Script exec error : onUpdate
[22:05:02] [Server thread/INFO]: [java.lang.Throwable$WrappedPrintStream:println:748]: 	at jp.ngt.ngtlib.io.ScriptUtil.doScriptFunction(ScriptUtil.java:60)
[22:05:02] [Server thread/INFO]: [java.lang.Throwable$WrappedPrintStream:println:748]: 	at jp.ngt.ngtlib.io.ScriptUtil.doScriptIgnoreError(ScriptUtil.java:66)
[22:05:02] [Server thread/INFO]: [java.lang.Throwable$WrappedPrintStream:println:748]: 	at jp.ngt.rtm.modelpack.ScriptExecuter.callMethod(ScriptExecuter.java:24)
[22:05:02] [Server thread/INFO]: [java.lang.Throwable$WrappedPrintStream:println:748]: 	at jp.ngt.rtm.modelpack.ScriptExecuter.execScript(ScriptExecuter.java:36)
[22:05:02] [Server thread/INFO]: [java.lang.Throwable$WrappedPrintStream:println:748]: 	at jp.ngt.rtm.modelpack.ScriptExecuter.execScript(ScriptExecuter.java:30)
[22:05:02] [Server thread/INFO]: [java.lang.Throwable$WrappedPrintStream:println:748]: 	at jp.ngt.rtm.entity.vehicle.EntityVehicleBase.onVehicleUpdate(EntityVehicleBase.java:203)
[22:05:02] [Server thread/INFO]: [java.lang.Throwable$WrappedPrintStream:println:748]: 	at jp.ngt.rtm.entity.vehicle.EntityVehicle.onVehicleUpdate(EntityVehicle.java:66)
[22:05:02] [Server thread/INFO]: [java.lang.Throwable$WrappedPrintStream:println:748]: 	at jp.ngt.rtm.entity.vehicle.EntityVehicleBase.func_70071_h_(EntityVehicleBase.java:168)
[22:05:02] [Server thread/INFO]: [java.lang.Throwable$WrappedPrintStream:println:748]: 	at net.minecraft.entity.Entity.func_70098_U(Entity.java:1579)
[22:05:02] [Server thread/INFO]: [java.lang.Throwable$WrappedPrintStream:println:748]: 	at net.minecraft.world.World.func_72866_a(World.java:2066)
[22:05:02] [Server thread/INFO]: [java.lang.Throwable$WrappedPrintStream:println:748]: 	at net.minecraft.world.WorldServer.func_72866_a(WorldServer.java:648)
[22:05:02] [Server thread/INFO]: [java.lang.Throwable$WrappedPrintStream:println:748]: 	at net.minecraft.world.World.func_72870_g(World.java:2034)
[22:05:02] [Server thread/INFO]: [java.lang.Throwable$WrappedPrintStream:println:748]: 	at net.minecraft.world.World.func_72866_a(World.java:2129)
[22:05:02] [Server thread/INFO]: [java.lang.Throwable$WrappedPrintStream:println:748]: 	at net.minecraft.world.WorldServer.func_72866_a(WorldServer.java:648)
[22:05:02] [Server thread/INFO]: [java.lang.Throwable$WrappedPrintStream:println:748]: 	at net.minecraft.world.World.func_72870_g(World.java:2034)
[22:05:02] [Server thread/INFO]: [java.lang.Throwable$WrappedPrintStream:println:748]: 	at net.minecraft.world.World.func_72939_s(World.java:1887)
[22:05:02] [Server thread/INFO]: [java.lang.Throwable$WrappedPrintStream:println:748]: 	at net.minecraft.world.WorldServer.func_72939_s(WorldServer.java:489)
[22:05:02] [Server thread/INFO]: [java.lang.Throwable$WrappedPrintStream:println:748]: 	at net.minecraft.server.MinecraftServer.func_71190_q(MinecraftServer.java:636)
[22:05:02] [Server thread/INFO]: [java.lang.Throwable$WrappedPrintStream:println:748]: 	at net.minecraft.server.MinecraftServer.func_71217_p(MinecraftServer.java:547)
[22:05:02] [Server thread/INFO]: [java.lang.Throwable$WrappedPrintStream:println:748]: 	at net.minecraft.server.integrated.IntegratedServer.func_71217_p(IntegratedServer.java:111)
[22:05:02] [Server thread/INFO]: [java.lang.Throwable$WrappedPrintStream:println:748]: 	at net.minecraft.server.MinecraftServer.run(MinecraftServer.java:427)
[22:05:02] [Server thread/INFO]: [java.lang.Throwable$WrappedPrintStream:println:748]: 	at net.minecraft.server.MinecraftServer$2.run(MinecraftServer.java:685)
[22:05:02] [Server thread/INFO]: [java.lang.Throwable$WrappedPrintStream:println:748]: Caused by: javax.script.ScriptException: TypeError: jp.kaiz.kaizpatch.rtm.rail.TileEntityLargeRailSectionCore@3eea27f5 has no such function "getWorldObj" in <eval> at line number 4573
[22:05:02] [Server thread/INFO]: [java.lang.Throwable$WrappedPrintStream:println:748]: 	at jdk.nashorn.api.scripting.NashornScriptEngine.throwAsScriptException(NashornScriptEngine.java:455)
[22:05:02] [Server thread/INFO]: [java.lang.Throwable$WrappedPrintStream:println:748]: 	at jdk.nashorn.api.scripting.NashornScriptEngine.invokeImpl(NashornScriptEngine.java:387)
[22:05:02] [Server thread/INFO]: [java.lang.Throwable$WrappedPrintStream:println:748]: 	at jdk.nashorn.api.scripting.NashornScriptEngine.invokeFunction(NashornScriptEngine.java:187)
[22:05:02] [Server thread/INFO]: [java.lang.Throwable$WrappedPrintStream:println:748]: 	at jp.ngt.ngtlib.io.ScriptUtil.doScriptFunction(ScriptUtil.java:58)
[22:05:02] [Server thread/INFO]: [java.lang.Throwable$WrappedPrintStream:println:748]: 	... 21 more
[22:05:02] [Server thread/INFO]: [java.lang.Throwable$WrappedPrintStream:println:748]: Caused by: <eval>:4573 TypeError: jp.kaiz.kaizpatch.rtm.rail.TileEntityLargeRailSectionCore@3eea27f5 has no such function "getWorldObj"
[22:05:02] [Server thread/INFO]: [java.lang.Throwable$WrappedPrintStream:println:748]: 	at jdk.nashorn.internal.runtime.ECMAErrors.error(ECMAErrors.java:57)
[22:05:02] [Server thread/INFO]: [java.lang.Throwable$WrappedPrintStream:println:748]: 	at jdk.nashorn.internal.runtime.ECMAErrors.typeError(ECMAErrors.java:213)
[22:05:02] [Server thread/INFO]: [java.lang.Throwable$WrappedPrintStream:println:748]: 	at jdk.nashorn.internal.runtime.ECMAErrors.typeError(ECMAErrors.java:185)
[22:05:02] [Server thread/INFO]: [java.lang.Throwable$WrappedPrintStream:println:748]: 	at jdk.nashorn.internal.runtime.ECMAErrors.typeError(ECMAErrors.java:172)
[22:05:02] [Server thread/INFO]: [java.lang.Throwable$WrappedPrintStream:println:748]: 	at jdk.nashorn.internal.runtime.linker.NashornBottomLinker.linkBean(NashornBottomLinker.java:103)
[22:05:02] [Server thread/INFO]: [java.lang.Throwable$WrappedPrintStream:println:748]: 	at jdk.nashorn.internal.runtime.linker.NashornBottomLinker.getGuardedInvocation(NashornBottomLinker.java:71)
[22:05:02] [Server thread/INFO]: [java.lang.Throwable$WrappedPrintStream:println:748]: 	at jdk.internal.dynalink.support.CompositeGuardingDynamicLinker.getGuardedInvocation(CompositeGuardingDynamicLinker.java:124)
[22:05:02] [Server thread/INFO]: [java.lang.Throwable$WrappedPrintStream:println:748]: 	at jdk.internal.dynalink.support.LinkerServicesImpl.getGuardedInvocation(LinkerServicesImpl.java:149)
[22:05:02] [Server thread/INFO]: [java.lang.Throwable$WrappedPrintStream:println:748]: 	at jdk.internal.dynalink.DynamicLinker.relink(DynamicLinker.java:233)
[22:05:02] [Server thread/INFO]: [java.lang.Throwable$WrappedPrintStream:println:748]: 	at jdk.nashorn.internal.scripts.Script$Recompilation$7614$188583AAAAAAAA$\^eval\_.RTMX_loadCompatTarget_kaizpatch_scripts_superrailbuilderx_RailPositionCompat_1suqebq$L:4466$RailPositionCompat$moveSectionedRailPosition(<eval>:4573)
[22:05:02] [Server thread/INFO]: [java.lang.Throwable$WrappedPrintStream:println:748]: 	at jdk.nashorn.internal.scripts.Script$Recompilation$7610$187411AAAAAAAA$\^eval\_.RTMX_loadCompatTarget_kaizpatch_scripts_superrailbuilderx_RailPositionCompat_1suqebq$L:4466$RailPositionCompat$moveRailPosition(<eval>:4537)
[22:05:02] [Server thread/INFO]: [java.lang.Throwable$WrappedPrintStream:println:748]: 	at jdk.nashorn.internal.scripts.Script$Recompilation$7607$200380AA$\^eval\_.applyRequest(<eval>:4807)
[22:05:02] [Server thread/INFO]: [java.lang.Throwable$WrappedPrintStream:println:748]: 	at jdk.nashorn.internal.scripts.Script$Recompilation$7571$201151AA$\^eval\_.onUpdate(<eval>:4843)
[22:05:02] [Server thread/INFO]: [java.lang.Throwable$WrappedPrintStream:println:748]: 	at jdk.nashorn.internal.runtime.ScriptFunctionData.invoke(ScriptFunctionData.java:640)
[22:05:02] [Server thread/INFO]: [java.lang.Throwable$WrappedPrintStream:println:748]: 	at jdk.nashorn.internal.runtime.ScriptFunction.invoke(ScriptFunction.java:229)
[22:05:02] [Server thread/INFO]: [java.lang.Throwable$WrappedPrintStream:println:748]: 	at jdk.nashorn.internal.runtime.ScriptRuntime.apply(ScriptRuntime.java:387)
[22:05:02] [Server thread/INFO]: [java.lang.Throwable$WrappedPrintStream:println:748]: 	at jdk.nashorn.api.scripting.ScriptObjectMirror.callMember(ScriptObjectMirror.java:192)
[22:05:02] [Server thread/INFO]: [java.lang.Throwable$WrappedPrintStream:println:748]: 	at jdk.nashorn.api.scripting.NashornScriptEngine.invokeImpl(NashornScriptEngine.java:381)
[22:05:02] [Server thread/INFO]: [java.lang.Throwable$WrappedPrintStream:println:748]: 	... 23 more
[22:05:02] [Server thread/INFO]: [java.lang.Throwable$WrappedPrintStream:println:748]: java.lang.RuntimeException: Script exec error : onUpdate
[22:05:02] [Server thread/INFO]: [java.lang.Throwable$WrappedPrintStream:println:748]: 	at jp.ngt.ngtlib.io.ScriptUtil.doScriptFunction(ScriptUtil.java:60)
[22:05:02] [Server thread/INFO]: [java.lang.Throwable$WrappedPrintStream:println:748]: 	at jp.ngt.ngtlib.io.ScriptUtil.doScriptIgnoreError(ScriptUtil.java:66)
[22:05:02] [Server thread/INFO]: [java.lang.Throwable$WrappedPrintStream:println:748]: 	at jp.ngt.rtm.modelpack.ScriptExecuter.callMethod(ScriptExecuter.java:24)
[22:05:02] [Server thread/INFO]: [java.lang.Throwable$WrappedPrintStream:println:748]: 	at jp.ngt.rtm.modelpack.ScriptExecuter.execScript(ScriptExecuter.java:36)
[22:05:02] [Server thread/INFO]: [java.lang.Throwable$WrappedPrintStream:println:748]: 	at jp.ngt.rtm.modelpack.ScriptExecuter.execScript(ScriptExecuter.java:30)
[22:05:02] [Server thread/INFO]: [java.lang.Throwable$WrappedPrintStream:println:748]: 	at jp.ngt.rtm.entity.vehicle.EntityVehicleBase.onVehicleUpdate(EntityVehicleBase.java:203)
[22:05:02] [Server thread/INFO]: [java.lang.Throwable$WrappedPrintStream:println:748]: 	at jp.ngt.rtm.entity.vehicle.EntityVehicle.onVehicleUpdate(EntityVehicle.java:66)
[22:05:02] [Server thread/INFO]: [java.lang.Throwable$WrappedPrintStream:println:748]: 	at jp.ngt.rtm.entity.vehicle.EntityVehicleBase.func_70071_h_(EntityVehicleBase.java:168)
[22:05:02] [Server thread/INFO]: [java.lang.Throwable$WrappedPrintStream:println:748]: 	at net.minecraft.entity.Entity.func_70098_U(Entity.java:1579)
[22:05:02] [Server thread/INFO]: [java.lang.Throwable$WrappedPrintStream:println:748]: 	at net.minecraft.world.World.func_72866_a(World.java:2066)
[22:05:02] [Server thread/INFO]: [java.lang.Throwable$WrappedPrintStream:println:748]: 	at net.minecraft.world.WorldServer.func_72866_a(WorldServer.java:648)
[22:05:02] [Server thread/INFO]: [java.lang.Throwable$WrappedPrintStream:println:748]: 	at net.minecraft.world.World.func_72870_g(World.java:2034)
[22:05:02] [Server thread/INFO]: [java.lang.Throwable$WrappedPrintStream:println:748]: 	at net.minecraft.world.World.func_72866_a(World.java:2129)
[22:05:02] [Server thread/INFO]: [java.lang.Throwable$WrappedPrintStream:println:748]: 	at net.minecraft.world.WorldServer.func_72866_a(WorldServer.java:648)
[22:05:02] [Server thread/INFO]: [java.lang.Throwable$WrappedPrintStream:println:748]: 	at net.minecraft.world.World.func_72870_g(World.java:2034)
[22:05:02] [Server thread/INFO]: [java.lang.Throwable$WrappedPrintStream:println:748]: 	at net.minecraft.world.World.func_72939_s(World.java:1887)
[22:05:02] [Server thread/INFO]: [java.lang.Throwable$WrappedPrintStream:println:748]: 	at net.minecraft.world.WorldServer.func_72939_s(WorldServer.java:489)
[22:05:02] [Server thread/INFO]: [java.lang.Throwable$WrappedPrintStream:println:748]: 	at net.minecraft.server.MinecraftServer.func_71190_q(MinecraftServer.java:636)
[22:05:02] [Server thread/INFO]: [java.lang.Throwable$WrappedPrintStream:println:748]: 	at net.minecraft.server.MinecraftServer.func_71217_p(MinecraftServer.java:547)
[22:05:02] [Server thread/INFO]: [java.lang.Throwable$WrappedPrintStream:println:748]: 	at net.minecraft.server.integrated.IntegratedServer.func_71217_p(IntegratedServer.java:111)
[22:05:02] [Server thread/INFO]: [java.lang.Throwable$WrappedPrintStream:println:748]: 	at net.minecraft.server.MinecraftServer.run(MinecraftServer.java:427)
[22:05:02] [Server thread/INFO]: [java.lang.Throwable$WrappedPrintStream:println:748]: 	at net.minecraft.server.MinecraftServer$2.run(MinecraftServer.java:685)
[22:05:02] [Server thread/INFO]: [java.lang.Throwable$WrappedPrintStream:println:748]: Caused by: javax.script.ScriptException: TypeError: jp.kaiz.kaizpatch.rtm.rail.TileEntityLargeRailSectionCore@3eea27f5 has no such function "getWorldObj" in <eval> at line number 4573
[22:05:02] [Server thread/INFO]: [java.lang.Throwable$WrappedPrintStream:println:748]: 	at jdk.nashorn.api.scripting.NashornScriptEngine.throwAsScriptException(NashornScriptEngine.java:455)
[22:05:02] [Server thread/INFO]: [java.lang.Throwable$WrappedPrintStream:println:748]: 	at jdk.nashorn.api.scripting.NashornScriptEngine.invokeImpl(NashornScriptEngine.java:387)
[22:05:02] [Server thread/INFO]: [java.lang.Throwable$WrappedPrintStream:println:748]: 	at jdk.nashorn.api.scripting.NashornScriptEngine.invokeFunction(NashornScriptEngine.java:187)
[22:05:02] [Server thread/INFO]: [java.lang.Throwable$WrappedPrintStream:println:748]: 	at jp.ngt.ngtlib.io.ScriptUtil.doScriptFunction(ScriptUtil.java:58)
[22:05:02] [Server thread/INFO]: [java.lang.Throwable$WrappedPrintStream:println:748]: 	... 21 more
[22:05:02] [Server thread/INFO]: [java.lang.Throwable$WrappedPrintStream:println:748]: Caused by: <eval>:4573 TypeError: jp.kaiz.kaizpatch.rtm.rail.TileEntityLargeRailSectionCore@3eea27f5 has no such function "getWorldObj"
[22:05:02] [Server thread/INFO]: [java.lang.Throwable$WrappedPrintStream:println:748]: 	at jdk.nashorn.internal.runtime.ECMAErrors.error(ECMAErrors.java:57)
[22:05:02] [Server thread/INFO]: [java.lang.Throwable$WrappedPrintStream:println:748]: 	at jdk.nashorn.internal.runtime.ECMAErrors.typeError(ECMAErrors.java:213)
[22:05:02] [Server thread/INFO]: [java.lang.Throwable$WrappedPrintStream:println:748]: 	at jdk.nashorn.internal.runtime.ECMAErrors.typeError(ECMAErrors.java:185)
[22:05:02] [Server thread/INFO]: [java.lang.Throwable$WrappedPrintStream:println:748]: 	at jdk.nashorn.internal.runtime.ECMAErrors.typeError(ECMAErrors.java:172)
[22:05:02] [Server thread/INFO]: [java.lang.Throwable$WrappedPrintStream:println:748]: 	at jdk.nashorn.internal.runtime.linker.NashornBottomLinker.linkBean(NashornBottomLinker.java:103)
[22:05:02] [Server thread/INFO]: [java.lang.Throwable$WrappedPrintStream:println:748]: 	at jdk.nashorn.internal.runtime.linker.NashornBottomLinker.getGuardedInvocation(NashornBottomLinker.java:71)
[22:05:02] [Server thread/INFO]: [java.lang.Throwable$WrappedPrintStream:println:748]: 	at jdk.internal.dynalink.support.CompositeGuardingDynamicLinker.getGuardedInvocation(CompositeGuardingDynamicLinker.java:124)
[22:05:02] [Server thread/INFO]: [java.lang.Throwable$WrappedPrintStream:println:748]: 	at jdk.internal.dynalink.support.LinkerServicesImpl.getGuardedInvocation(LinkerServicesImpl.java:149)
[22:05:02] [Server thread/INFO]: [java.lang.Throwable$WrappedPrintStream:println:748]: 	at jdk.internal.dynalink.DynamicLinker.relink(DynamicLinker.java:233)
[22:05:02] [Server thread/INFO]: [java.lang.Throwable$WrappedPrintStream:println:748]: 	at jdk.nashorn.internal.scripts.Script$Recompilation$7614$188583AAAAAAAA$\^eval\_.RTMX_loadCompatTarget_kaizpatch_scripts_superrailbuilderx_RailPositionCompat_1suqebq$L:4466$RailPositionCompat$moveSectionedRailPosition(<eval>:4573)
[22:05:02] [Server thread/INFO]: [java.lang.Throwable$WrappedPrintStream:println:748]: 	at jdk.nashorn.internal.scripts.Script$Recompilation$7610$187411AAAAAAAA$\^eval\_.RTMX_loadCompatTarget_kaizpatch_scripts_superrailbuilderx_RailPositionCompat_1suqebq$L:4466$RailPositionCompat$moveRailPosition(<eval>:4537)
[22:05:02] [Server thread/INFO]: [java.lang.Throwable$WrappedPrintStream:println:748]: 	at jdk.nashorn.internal.scripts.Script$Recompilation$7607$200380AA$\^eval\_.applyRequest(<eval>:4807)
[22:05:02] [Server thread/INFO]: [java.lang.Throwable$WrappedPrintStream:println:748]: 	at jdk.nashorn.internal.scripts.Script$Recompilation$7571$201151AA$\^eval\_.onUpdate(<eval>:4843)
[22:05:02] [Server thread/INFO]: [java.lang.Throwable$WrappedPrintStream:println:748]: 	at jdk.nashorn.internal.runtime.ScriptFunctionData.invoke(ScriptFunctionData.java:640)
[22:05:02] [Server thread/INFO]: [java.lang.Throwable$WrappedPrintStream:println:748]: 	at jdk.nashorn.internal.runtime.ScriptFunction.invoke(ScriptFunction.java:229)
[22:05:02] [Server thread/INFO]: [java.lang.Throwable$WrappedPrintStream:println:748]: 	at jdk.nashorn.internal.runtime.ScriptRuntime.apply(ScriptRuntime.java:387)
[22:05:02] [Server thread/INFO]: [java.lang.Throwable$WrappedPrintStream:println:748]: 	at jdk.nashorn.api.scripting.ScriptObjectMirror.callMember(ScriptObjectMirror.java:192)
[22:05:02] [Server thread/INFO]: [java.lang.Throwable$WrappedPrintStream:println:748]: 	at jdk.nashorn.api.scripting.NashornScriptEngine.invokeImpl(NashornScriptEngine.java:381)
[22:05:02] [Server thread/INFO]: [java.lang.Throwable$WrappedPrintStream:println:748]: 	... 23 more
[22:05:02] [Server thread/INFO]: [java.lang.Throwable$WrappedPrintStream:println:748]: java.lang.RuntimeException: Script exec error : onUpdate
[22:05:02] [Server thread/INFO]: [java.lang.Throwable$WrappedPrintStream:println:748]: 	at jp.ngt.ngtlib.io.ScriptUtil.doScriptFunction(ScriptUtil.java:60)
[22:05:02] [Server thread/INFO]: [java.lang.Throwable$WrappedPrintStream:println:748]: 	at jp.ngt.ngtlib.io.ScriptUtil.doScriptIgnoreError(ScriptUtil.java:66)
[22:05:02] [Server thread/INFO]: [java.lang.Throwable$WrappedPrintStream:println:748]: 	at jp.ngt.rtm.modelpack.ScriptExecuter.callMethod(ScriptExecuter.java:24)
[22:05:02] [Server thread/INFO]: [java.lang.Throwable$WrappedPrintStream:println:748]: 	at jp.ngt.rtm.modelpack.ScriptExecuter.execScript(ScriptExecuter.java:36)
[22:05:02] [Server thread/INFO]: [java.lang.Throwable$WrappedPrintStream:println:748]: 	at jp.ngt.rtm.modelpack.ScriptExecuter.execScript(ScriptExecuter.java:30)
[22:05:02] [Server thread/INFO]: [java.lang.Throwable$WrappedPrintStream:println:748]: 	at jp.ngt.rtm.entity.vehicle.EntityVehicleBase.onVehicleUpdate(EntityVehicleBase.java:203)
[22:05:02] [Server thread/INFO]: [java.lang.Throwable$WrappedPrintStream:println:748]: 	at jp.ngt.rtm.entity.vehicle.EntityVehicle.onVehicleUpdate(EntityVehicle.java:66)
[22:05:02] [Server thread/INFO]: [java.lang.Throwable$WrappedPrintStream:println:748]: 	at jp.ngt.rtm.entity.vehicle.EntityVehicleBase.func_70071_h_(EntityVehicleBase.java:168)
[22:05:02] [Server thread/INFO]: [java.lang.Throwable$WrappedPrintStream:println:748]: 	at net.minecraft.entity.Entity.func_70098_U(Entity.java:1579)
[22:05:02] [Server thread/INFO]: [java.lang.Throwable$WrappedPrintStream:println:748]: 	at net.minecraft.world.World.func_72866_a(World.java:2066)
[22:05:02] [Server thread/INFO]: [java.lang.Throwable$WrappedPrintStream:println:748]: 	at net.minecraft.world.WorldServer.func_72866_a(WorldServer.java:648)
[22:05:02] [Server thread/INFO]: [java.lang.Throwable$WrappedPrintStream:println:748]: 	at net.minecraft.world.World.func_72870_g(World.java:2034)
[22:05:02] [Server thread/INFO]: [java.lang.Throwable$WrappedPrintStream:println:748]: 	at net.minecraft.world.World.func_72866_a(World.java:2129)
[22:05:02] [Server thread/INFO]: [java.lang.Throwable$WrappedPrintStream:println:748]: 	at net.minecraft.world.WorldServer.func_72866_a(WorldServer.java:648)
[22:05:02] [Server thread/INFO]: [java.lang.Throwable$WrappedPrintStream:println:748]: 	at net.minecraft.world.World.func_72870_g(World.java:2034)
[22:05:02] [Server thread/INFO]: [java.lang.Throwable$WrappedPrintStream:println:748]: 	at net.minecraft.world.World.func_72939_s(World.java:1887)
[22:05:02] [Server thread/INFO]: [java.lang.Throwable$WrappedPrintStream:println:748]: 	at net.minecraft.world.WorldServer.func_72939_s(WorldServer.java:489)
[22:05:02] [Server thread/INFO]: [java.lang.Throwable$WrappedPrintStream:println:748]: 	at net.minecraft.server.MinecraftServer.func_71190_q(MinecraftServer.java:636)
[22:05:02] [Server thread/INFO]: [java.lang.Throwable$WrappedPrintStream:println:748]: 	at net.minecraft.server.MinecraftServer.func_71217_p(MinecraftServer.java:547)
[22:05:02] [Server thread/INFO]: [java.lang.Throwable$WrappedPrintStream:println:748]: 	at net.minecraft.server.integrated.IntegratedServer.func_71217_p(IntegratedServer.java:111)
[22:05:02] [Server thread/INFO]: [java.lang.Throwable$WrappedPrintStream:println:748]: 	at net.minecraft.server.MinecraftServer.run(MinecraftServer.java:427)
[22:05:02] [Server thread/INFO]: [java.lang.Throwable$WrappedPrintStream:println:748]: 	at net.minecraft.server.MinecraftServer$2.run(MinecraftServer.java:685)
[22:05:02] [Server thread/INFO]: [java.lang.Throwable$WrappedPrintStream:println:748]: Caused by: javax.script.ScriptException: TypeError: jp.kaiz.kaizpatch.rtm.rail.TileEntityLargeRailSectionCore@3eea27f5 has no such function "getWorldObj" in <eval> at line number 4573
[22:05:02] [Server thread/INFO]: [java.lang.Throwable$WrappedPrintStream:println:748]: 	at jdk.nashorn.api.scripting.NashornScriptEngine.throwAsScriptException(NashornScriptEngine.java:455)
[22:05:02] [Server thread/INFO]: [java.lang.Throwable$WrappedPrintStream:println:748]: 	at jdk.nashorn.api.scripting.NashornScriptEngine.invokeImpl(NashornScriptEngine.java:387)
[22:05:02] [Server thread/INFO]: [java.lang.Throwable$WrappedPrintStream:println:748]: 	at jdk.nashorn.api.scripting.NashornScriptEngine.invokeFunction(NashornScriptEngine.java:187)
[22:05:02] [Server thread/INFO]: [java.lang.Throwable$WrappedPrintStream:println:748]: 	at jp.ngt.ngtlib.io.ScriptUtil.doScriptFunction(ScriptUtil.java:58)
[22:05:02] [Server thread/INFO]: [java.lang.Throwable$WrappedPrintStream:println:748]: 	... 21 more
[22:05:02] [Server thread/INFO]: [java.lang.Throwable$WrappedPrintStream:println:748]: Caused by: <eval>:4573 TypeError: jp.kaiz.kaizpatch.rtm.rail.TileEntityLargeRailSectionCore@3eea27f5 has no such function "getWorldObj"
[22:05:02] [Server thread/INFO]: [java.lang.Throwable$WrappedPrintStream:println:748]: 	at jdk.nashorn.internal.runtime.ECMAErrors.error(ECMAErrors.java:57)
[22:05:02] [Server thread/INFO]: [java.lang.Throwable$WrappedPrintStream:println:748]: 	at jdk.nashorn.internal.runtime.ECMAErrors.typeError(ECMAErrors.java:213)
[22:05:02] [Server thread/INFO]: [java.lang.Throwable$WrappedPrintStream:println:748]: 	at jdk.nashorn.internal.runtime.ECMAErrors.typeError(ECMAErrors.java:185)
[22:05:02] [Server thread/INFO]: [java.lang.Throwable$WrappedPrintStream:println:748]: 	at jdk.nashorn.internal.runtime.ECMAErrors.typeError(ECMAErrors.java:172)
[22:05:02] [Server thread/INFO]: [java.lang.Throwable$WrappedPrintStream:println:748]: 	at jdk.nashorn.internal.runtime.linker.NashornBottomLinker.linkBean(NashornBottomLinker.java:103)
[22:05:02] [Server thread/INFO]: [java.lang.Throwable$WrappedPrintStream:println:748]: 	at jdk.nashorn.internal.runtime.linker.NashornBottomLinker.getGuardedInvocation(NashornBottomLinker.java:71)
[22:05:02] [Server thread/INFO]: [java.lang.Throwable$WrappedPrintStream:println:748]: 	at jdk.internal.dynalink.support.CompositeGuardingDynamicLinker.getGuardedInvocation(CompositeGuardingDynamicLinker.java:124)
[22:05:02] [Server thread/INFO]: [java.lang.Throwable$WrappedPrintStream:println:748]: 	at jdk.internal.dynalink.support.LinkerServicesImpl.getGuardedInvocation(LinkerServicesImpl.java:149)
[22:05:02] [Server thread/INFO]: [java.lang.Throwable$WrappedPrintStream:println:748]: 	at jdk.internal.dynalink.DynamicLinker.relink(DynamicLinker.java:233)
[22:05:02] [Server thread/INFO]: [java.lang.Throwable$WrappedPrintStream:println:748]: 	at jdk.nashorn.internal.scripts.Script$Recompilation$7614$188583AAAAAAAA$\^eval\_.RTMX_loadCompatTarget_kaizpatch_scripts_superrailbuilderx_RailPositionCompat_1suqebq$L:4466$RailPositionCompat$moveSectionedRailPosition(<eval>:4573)
[22:05:02] [Server thread/INFO]: [java.lang.Throwable$WrappedPrintStream:println:748]: 	at jdk.nashorn.internal.scripts.Script$Recompilation$7610$187411AAAAAAAA$\^eval\_.RTMX_loadCompatTarget_kaizpatch_scripts_superrailbuilderx_RailPositionCompat_1suqebq$L:4466$RailPositionCompat$moveRailPosition(<eval>:4537)
[22:05:02] [Server thread/INFO]: [java.lang.Throwable$WrappedPrintStream:println:748]: 	at jdk.nashorn.internal.scripts.Script$Recompilation$7607$200380AA$\^eval\_.applyRequest(<eval>:4807)
[22:05:02] [Server thread/INFO]: [java.lang.Throwable$WrappedPrintStream:println:748]: 	at jdk.nashorn.internal.scripts.Script$Recompilation$7571$201151AA$\^eval\_.onUpdate(<eval>:4843)
[22:05:02] [Server thread/INFO]: [java.lang.Throwable$WrappedPrintStream:println:748]: 	at jdk.nashorn.internal.runtime.ScriptFunctionData.invoke(ScriptFunctionData.java:640)
[22:05:02] [Server thread/INFO]: [java.lang.Throwable$WrappedPrintStream:println:748]: 	at jdk.nashorn.internal.runtime.ScriptFunction.invoke(ScriptFunction.java:229)
[22:05:02] [Server thread/INFO]: [java.lang.Throwable$WrappedPrintStream:println:748]: 	at jdk.nashorn.internal.runtime.ScriptRuntime.apply(ScriptRuntime.java:387)
[22:05:02] [Server thread/INFO]: [java.lang.Throwable$WrappedPrintStream:println:748]: 	at jdk.nashorn.api.scripting.ScriptObjectMirror.callMember(ScriptObjectMirror.java:192)
[22:05:02] [Server thread/INFO]: [java.lang.Throwable$WrappedPrintStream:println:748]: 	at jdk.nashorn.api.scripting.NashornScriptEngine.invokeImpl(NashornScriptEngine.java:381)
[22:05:02] [Server thread/INFO]: [java.lang.Throwable$WrappedPrintStream:println:748]: 	... 23 more
[22:05:02] [Server thread/INFO]: [java.lang.Throwable$WrappedPrintStream:println:748]: java.lang.RuntimeException: Script exec error : onUpdate
[22:05:02] [Server thread/INFO]: [java.lang.Throwable$WrappedPrintStream:println:748]: 	at jp.ngt.ngtlib.io.ScriptUtil.doScriptFunction(ScriptUtil.java:60)
[22:05:02] [Server thread/INFO]: [java.lang.Throwable$WrappedPrintStream:println:748]: 	at jp.ngt.ngtlib.io.ScriptUtil.doScriptIgnoreError(ScriptUtil.java:66)
[22:05:02] [Server thread/INFO]: [java.lang.Throwable$WrappedPrintStream:println:748]: 	at jp.ngt.rtm.modelpack.ScriptExecuter.callMethod(ScriptExecuter.java:24)
[22:05:02] [Server thread/INFO]: [java.lang.Throwable$WrappedPrintStream:println:748]: 	at jp.ngt.rtm.modelpack.ScriptExecuter.execScript(ScriptExecuter.java:36)
[22:05:02] [Server thread/INFO]: [java.lang.Throwable$WrappedPrintStream:println:748]: 	at jp.ngt.rtm.modelpack.ScriptExecuter.execScript(ScriptExecuter.java:30)
[22:05:02] [Server thread/INFO]: [java.lang.Throwable$WrappedPrintStream:println:748]: 	at jp.ngt.rtm.entity.vehicle.EntityVehicleBase.onVehicleUpdate(EntityVehicleBase.java:203)
[22:05:02] [Server thread/INFO]: [java.lang.Throwable$WrappedPrintStream:println:748]: 	at jp.ngt.rtm.entity.vehicle.EntityVehicle.onVehicleUpdate(EntityVehicle.java:66)
[22:05:02] [Server thread/INFO]: [java.lang.Throwable$WrappedPrintStream:println:748]: 	at jp.ngt.rtm.entity.vehicle.EntityVehicleBase.func_70071_h_(EntityVehicleBase.java:168)
[22:05:02] [Server thread/INFO]: [java.lang.Throwable$WrappedPrintStream:println:748]: 	at net.minecraft.entity.Entity.func_70098_U(Entity.java:1579)
[22:05:02] [Server thread/INFO]: [java.lang.Throwable$WrappedPrintStream:println:748]: 	at net.minecraft.world.World.func_72866_a(World.java:2066)
[22:05:02] [Server thread/INFO]: [java.lang.Throwable$WrappedPrintStream:println:748]: 	at net.minecraft.world.WorldServer.func_72866_a(WorldServer.java:648)
[22:05:02] [Server thread/INFO]: [java.lang.Throwable$WrappedPrintStream:println:748]: 	at net.minecraft.world.World.func_72870_g(World.java:2034)
[22:05:02] [Server thread/INFO]: [java.lang.Throwable$WrappedPrintStream:println:748]: 	at net.minecraft.world.World.func_72866_a(World.java:2129)
[22:05:02] [Server thread/INFO]: [java.lang.Throwable$WrappedPrintStream:println:748]: 	at net.minecraft.world.WorldServer.func_72866_a(WorldServer.java:648)
[22:05:02] [Server thread/INFO]: [java.lang.Throwable$WrappedPrintStream:println:748]: 	at net.minecraft.world.World.func_72870_g(World.java:2034)
[22:05:02] [Server thread/INFO]: [java.lang.Throwable$WrappedPrintStream:println:748]: 	at net.minecraft.world.World.func_72939_s(World.java:1887)
[22:05:02] [Server thread/INFO]: [java.lang.Throwable$WrappedPrintStream:println:748]: 	at net.minecraft.world.WorldServer.func_72939_s(WorldServer.java:489)
[22:05:02] [Server thread/INFO]: [java.lang.Throwable$WrappedPrintStream:println:748]: 	at net.minecraft.server.MinecraftServer.func_71190_q(MinecraftServer.java:636)
[22:05:02] [Server thread/INFO]: [java.lang.Throwable$WrappedPrintStream:println:748]: 	at net.minecraft.server.MinecraftServer.func_71217_p(MinecraftServer.java:547)
[22:05:02] [Server thread/INFO]: [java.lang.Throwable$WrappedPrintStream:println:748]: 	at net.minecraft.server.integrated.IntegratedServer.func_71217_p(IntegratedServer.java:111)
[22:05:02] [Server thread/INFO]: [java.lang.Throwable$WrappedPrintStream:println:748]: 	at net.minecraft.server.MinecraftServer.run(MinecraftServer.java:427)
[22:05:02] [Server thread/INFO]: [java.lang.Throwable$WrappedPrintStream:println:748]: 	at net.minecraft.server.MinecraftServer$2.run(MinecraftServer.java:685)
[22:05:02] [Server thread/INFO]: [java.lang.Throwable$WrappedPrintStream:println:748]: Caused by: javax.script.ScriptException: TypeError: jp.kaiz.kaizpatch.rtm.rail.TileEntityLargeRailSectionCore@3eea27f5 has no such function "getWorldObj" in <eval> at line number 4573
[22:05:02] [Server thread/INFO]: [java.lang.Throwable$WrappedPrintStream:println:748]: 	at jdk.nashorn.api.scripting.NashornScriptEngine.throwAsScriptException(NashornScriptEngine.java:455)
[22:05:02] [Server thread/INFO]: [java.lang.Throwable$WrappedPrintStream:println:748]: 	at jdk.nashorn.api.scripting.NashornScriptEngine.invokeImpl(NashornScriptEngine.java:387)
[22:05:02] [Server thread/INFO]: [java.lang.Throwable$WrappedPrintStream:println:748]: 	at jdk.nashorn.api.scripting.NashornScriptEngine.invokeFunction(NashornScriptEngine.java:187)
[22:05:02] [Server thread/INFO]: [java.lang.Throwable$WrappedPrintStream:println:748]: 	at jp.ngt.ngtlib.io.ScriptUtil.doScriptFunction(ScriptUtil.java:58)
[22:05:02] [Server thread/INFO]: [java.lang.Throwable$WrappedPrintStream:println:748]: 	... 21 more
[22:05:02] [Server thread/INFO]: [java.lang.Throwable$WrappedPrintStream:println:748]: Caused by: <eval>:4573 TypeError: jp.kaiz.kaizpatch.rtm.rail.TileEntityLargeRailSectionCore@3eea27f5 has no such function "getWorldObj"
[22:05:02] [Server thread/INFO]: [java.lang.Throwable$WrappedPrintStream:println:748]: 	at jdk.nashorn.internal.runtime.ECMAErrors.error(ECMAErrors.java:57)
[22:05:02] [Server thread/INFO]: [java.lang.Throwable$WrappedPrintStream:println:748]: 	at jdk.nashorn.internal.runtime.ECMAErrors.typeError(ECMAErrors.java:213)
[22:05:02] [Server thread/INFO]: [java.lang.Throwable$WrappedPrintStream:println:748]: 	at jdk.nashorn.internal.runtime.ECMAErrors.typeError(ECMAErrors.java:185)
[22:05:02] [Server thread/INFO]: [java.lang.Throwable$WrappedPrintStream:println:748]: 	at jdk.nashorn.internal.runtime.ECMAErrors.typeError(ECMAErrors.java:172)
[22:05:02] [Server thread/INFO]: [java.lang.Throwable$WrappedPrintStream:println:748]: 	at jdk.nashorn.internal.runtime.linker.NashornBottomLinker.linkBean(NashornBottomLinker.java:103)
[22:05:02] [Server thread/INFO]: [java.lang.Throwable$WrappedPrintStream:println:748]: 	at jdk.nashorn.internal.runtime.linker.NashornBottomLinker.getGuardedInvocation(NashornBottomLinker.java:71)
[22:05:02] [Server thread/INFO]: [java.lang.Throwable$WrappedPrintStream:println:748]: 	at jdk.internal.dynalink.support.CompositeGuardingDynamicLinker.getGuardedInvocation(CompositeGuardingDynamicLinker.java:124)
[22:05:02] [Server thread/INFO]: [java.lang.Throwable$WrappedPrintStream:println:748]: 	at jdk.internal.dynalink.support.LinkerServicesImpl.getGuardedInvocation(LinkerServicesImpl.java:149)
[22:05:02] [Server thread/INFO]: [java.lang.Throwable$WrappedPrintStream:println:748]: 	at jdk.internal.dynalink.DynamicLinker.relink(DynamicLinker.java:233)
[22:05:02] [Server thread/INFO]: [java.lang.Throwable$WrappedPrintStream:println:748]: 	at jdk.nashorn.internal.scripts.Script$Recompilation$7614$188583AAAAAAAA$\^eval\_.RTMX_loadCompatTarget_kaizpatch_scripts_superrailbuilderx_RailPositionCompat_1suqebq$L:4466$RailPositionCompat$moveSectionedRailPosition(<eval>:4573)
[22:05:02] [Server thread/INFO]: [java.lang.Throwable$WrappedPrintStream:println:748]: 	at jdk.nashorn.internal.scripts.Script$Recompilation$7610$187411AAAAAAAA$\^eval\_.RTMX_loadCompatTarget_kaizpatch_scripts_superrailbuilderx_RailPositionCompat_1suqebq$L:4466$RailPositionCompat$moveRailPosition(<eval>:4537)
[22:05:02] [Server thread/INFO]: [java.lang.Throwable$WrappedPrintStream:println:748]: 	at jdk.nashorn.internal.scripts.Script$Recompilation$7607$200380AA$\^eval\_.applyRequest(<eval>:4807)
[22:05:02] [Server thread/INFO]: [java.lang.Throwable$WrappedPrintStream:println:748]: 	at jdk.nashorn.internal.scripts.Script$Recompilation$7571$201151AA$\^eval\_.onUpdate(<eval>:4843)
[22:05:02] [Server thread/INFO]: [java.lang.Throwable$WrappedPrintStream:println:748]: 	at jdk.nashorn.internal.runtime.ScriptFunctionData.invoke(ScriptFunctionData.java:640)
[22:05:02] [Server thread/INFO]: [java.lang.Throwable$WrappedPrintStream:println:748]: 	at jdk.nashorn.internal.runtime.ScriptFunction.invoke(ScriptFunction.java:229)
[22:05:02] [Server thread/INFO]: [java.lang.Throwable$WrappedPrintStream:println:748]: 	at jdk.nashorn.internal.runtime.ScriptRuntime.apply(ScriptRuntime.java:387)
[22:05:02] [Server thread/INFO]: [java.lang.Throwable$WrappedPrintStream:println:748]: 	at jdk.nashorn.api.scripting.ScriptObjectMirror.callMember(ScriptObjectMirror.java:192)
[22:05:02] [Server thread/INFO]: [java.lang.Throwable$WrappedPrintStream:println:748]: 	at jdk.nashorn.api.scripting.NashornScriptEngine.invokeImpl(NashornScriptEngine.java:381)
[22:05:02] [Server thread/INFO]: [java.lang.Throwable$WrappedPrintStream:println:748]: 	... 23 more
[22:05:02] [Server thread/INFO]: [java.lang.Throwable$WrappedPrintStream:println:748]: java.lang.RuntimeException: Script exec error : onUpdate
[22:05:02] [Server thread/INFO]: [java.lang.Throwable$WrappedPrintStream:println:748]: 	at jp.ngt.ngtlib.io.ScriptUtil.doScriptFunction(ScriptUtil.java:60)
[22:05:02] [Server thread/INFO]: [java.lang.Throwable$WrappedPrintStream:println:748]: 	at jp.ngt.ngtlib.io.ScriptUtil.doScriptIgnoreError(ScriptUtil.java:66)
[22:05:02] [Server thread/INFO]: [java.lang.Throwable$WrappedPrintStream:println:748]: 	at jp.ngt.rtm.modelpack.ScriptExecuter.callMethod(ScriptExecuter.java:24)
[22:05:02] [Server thread/INFO]: [java.lang.Throwable$WrappedPrintStream:println:748]: 	at jp.ngt.rtm.modelpack.ScriptExecuter.execScript(ScriptExecuter.java:36)
[22:05:02] [Server thread/INFO]: [java.lang.Throwable$WrappedPrintStream:println:748]: 	at jp.ngt.rtm.modelpack.ScriptExecuter.execScript(ScriptExecuter.java:30)
[22:05:02] [Server thread/INFO]: [java.lang.Throwable$WrappedPrintStream:println:748]: 	at jp.ngt.rtm.entity.vehicle.EntityVehicleBase.onVehicleUpdate(EntityVehicleBase.java:203)
[22:05:02] [Server thread/INFO]: [java.lang.Throwable$WrappedPrintStream:println:748]: 	at jp.ngt.rtm.entity.vehicle.EntityVehicle.onVehicleUpdate(EntityVehicle.java:66)
[22:05:02] [Server thread/INFO]: [java.lang.Throwable$WrappedPrintStream:println:748]: 	at jp.ngt.rtm.entity.vehicle.EntityVehicleBase.func_70071_h_(EntityVehicleBase.java:168)
[22:05:02] [Server thread/INFO]: [java.lang.Throwable$WrappedPrintStream:println:748]: 	at net.minecraft.entity.Entity.func_70098_U(Entity.java:1579)
[22:05:02] [Server thread/INFO]: [java.lang.Throwable$WrappedPrintStream:println:748]: 	at net.minecraft.world.World.func_72866_a(World.java:2066)
[22:05:02] [Server thread/INFO]: [java.lang.Throwable$WrappedPrintStream:println:748]: 	at net.minecraft.world.WorldServer.func_72866_a(WorldServer.java:648)
[22:05:02] [Server thread/INFO]: [java.lang.Throwable$WrappedPrintStream:println:748]: 	at net.minecraft.world.World.func_72870_g(World.java:2034)
[22:05:02] [Server thread/INFO]: [java.lang.Throwable$WrappedPrintStream:println:748]: 	at net.minecraft.world.World.func_72866_a(World.java:2129)
[22:05:02] [Server thread/INFO]: [java.lang.Throwable$WrappedPrintStream:println:748]: 	at net.minecraft.world.WorldServer.func_72866_a(WorldServer.java:648)
[22:05:02] [Server thread/INFO]: [java.lang.Throwable$WrappedPrintStream:println:748]: 	at net.minecraft.world.World.func_72870_g(World.java:2034)
[22:05:02] [Server thread/INFO]: [java.lang.Throwable$WrappedPrintStream:println:748]: 	at net.minecraft.world.World.func_72939_s(World.java:1887)
[22:05:02] [Server thread/INFO]: [java.lang.Throwable$WrappedPrintStream:println:748]: 	at net.minecraft.world.WorldServer.func_72939_s(WorldServer.java:489)
[22:05:02] [Server thread/INFO]: [java.lang.Throwable$WrappedPrintStream:println:748]: 	at net.minecraft.server.MinecraftServer.func_71190_q(MinecraftServer.java:636)
[22:05:02] [Server thread/INFO]: [java.lang.Throwable$WrappedPrintStream:println:748]: 	at net.minecraft.server.MinecraftServer.func_71217_p(MinecraftServer.java:547)
[22:05:02] [Server thread/INFO]: [java.lang.Throwable$WrappedPrintStream:println:748]: 	at net.minecraft.server.integrated.IntegratedServer.func_71217_p(IntegratedServer.java:111)
[22:05:02] [Server thread/INFO]: [java.lang.Throwable$WrappedPrintStream:println:748]: 	at net.minecraft.server.MinecraftServer.run(MinecraftServer.java:427)
[22:05:02] [Server thread/INFO]: [java.lang.Throwable$WrappedPrintStream:println:748]: 	at net.minecraft.server.MinecraftServer$2.run(MinecraftServer.java:685)
[22:05:02] [Server thread/INFO]: [java.lang.Throwable$WrappedPrintStream:println:748]: Caused by: javax.script.ScriptException: TypeError: jp.kaiz.kaizpatch.rtm.rail.TileEntityLargeRailSectionCore@3eea27f5 has no such function "getWorldObj" in <eval> at line number 4573
[22:05:02] [Server thread/INFO]: [java.lang.Throwable$WrappedPrintStream:println:748]: 	at jdk.nashorn.api.scripting.NashornScriptEngine.throwAsScriptException(NashornScriptEngine.java:455)
[22:05:02] [Server thread/INFO]: [java.lang.Throwable$WrappedPrintStream:println:748]: 	at jdk.nashorn.api.scripting.NashornScriptEngine.invokeImpl(NashornScriptEngine.java:387)
[22:05:02] [Server thread/INFO]: [java.lang.Throwable$WrappedPrintStream:println:748]: 	at jdk.nashorn.api.scripting.NashornScriptEngine.invokeFunction(NashornScriptEngine.java:187)
[22:05:02] [Server thread/INFO]: [java.lang.Throwable$WrappedPrintStream:println:748]: 	at jp.ngt.ngtlib.io.ScriptUtil.doScriptFunction(ScriptUtil.java:58)
[22:05:02] [Server thread/INFO]: [java.lang.Throwable$WrappedPrintStream:println:748]: 	... 21 more
[22:05:02] [Server thread/INFO]: [java.lang.Throwable$WrappedPrintStream:println:748]: Caused by: <eval>:4573 TypeError: jp.kaiz.kaizpatch.rtm.rail.TileEntityLargeRailSectionCore@3eea27f5 has no such function "getWorldObj"
[22:05:02] [Server thread/INFO]: [java.lang.Throwable$WrappedPrintStream:println:748]: 	at jdk.nashorn.internal.runtime.ECMAErrors.error(ECMAErrors.java:57)
[22:05:02] [Server thread/INFO]: [java.lang.Throwable$WrappedPrintStream:println:748]: 	at jdk.nashorn.internal.runtime.ECMAErrors.typeError(ECMAErrors.java:213)
[22:05:02] [Server thread/INFO]: [java.lang.Throwable$WrappedPrintStream:println:748]: 	at jdk.nashorn.internal.runtime.ECMAErrors.typeError(ECMAErrors.java:185)
[22:05:02] [Server thread/INFO]: [java.lang.Throwable$WrappedPrintStream:println:748]: 	at jdk.nashorn.internal.runtime.ECMAErrors.typeError(ECMAErrors.java:172)
[22:05:02] [Server thread/INFO]: [java.lang.Throwable$WrappedPrintStream:println:748]: 	at jdk.nashorn.internal.runtime.linker.NashornBottomLinker.linkBean(NashornBottomLinker.java:103)
[22:05:02] [Server thread/INFO]: [java.lang.Throwable$WrappedPrintStream:println:748]: 	at jdk.nashorn.internal.runtime.linker.NashornBottomLinker.getGuardedInvocation(NashornBottomLinker.java:71)
[22:05:02] [Server thread/INFO]: [java.lang.Throwable$WrappedPrintStream:println:748]: 	at jdk.internal.dynalink.support.CompositeGuardingDynamicLinker.getGuardedInvocation(CompositeGuardingDynamicLinker.java:124)
[22:05:02] [Server thread/INFO]: [java.lang.Throwable$WrappedPrintStream:println:748]: 	at jdk.internal.dynalink.support.LinkerServicesImpl.getGuardedInvocation(LinkerServicesImpl.java:149)
[22:05:02] [Server thread/INFO]: [java.lang.Throwable$WrappedPrintStream:println:748]: 	at jdk.internal.dynalink.DynamicLinker.relink(DynamicLinker.java:233)
[22:05:02] [Server thread/INFO]: [java.lang.Throwable$WrappedPrintStream:println:748]: 	at jdk.nashorn.internal.scripts.Script$Recompilation$7614$188583AAAAAAAA$\^eval\_.RTMX_loadCompatTarget_kaizpatch_scripts_superrailbuilderx_RailPositionCompat_1suqebq$L:4466$RailPositionCompat$moveSectionedRailPosition(<eval>:4573)
[22:05:02] [Server thread/INFO]: [java.lang.Throwable$WrappedPrintStream:println:748]: 	at jdk.nashorn.internal.scripts.Script$Recompilation$7610$187411AAAAAAAA$\^eval\_.RTMX_loadCompatTarget_kaizpatch_scripts_superrailbuilderx_RailPositionCompat_1suqebq$L:4466$RailPositionCompat$moveRailPosition(<eval>:4537)
[22:05:02] [Server thread/INFO]: [java.lang.Throwable$WrappedPrintStream:println:748]: 	at jdk.nashorn.internal.scripts.Script$Recompilation$7607$200380AA$\^eval\_.applyRequest(<eval>:4807)
[22:05:02] [Server thread/INFO]: [java.lang.Throwable$WrappedPrintStream:println:748]: 	at jdk.nashorn.internal.scripts.Script$Recompilation$7571$201151AA$\^eval\_.onUpdate(<eval>:4843)
[22:05:02] [Server thread/INFO]: [java.lang.Throwable$WrappedPrintStream:println:748]: 	at jdk.nashorn.internal.runtime.ScriptFunctionData.invoke(ScriptFunctionData.java:640)
[22:05:02] [Server thread/INFO]: [java.lang.Throwable$WrappedPrintStream:println:748]: 	at jdk.nashorn.internal.runtime.ScriptFunction.invoke(ScriptFunction.java:229)
[22:05:02] [Server thread/INFO]: [java.lang.Throwable$WrappedPrintStream:println:748]: 	at jdk.nashorn.internal.runtime.ScriptRuntime.apply(ScriptRuntime.java:387)
[22:05:02] [Server thread/INFO]: [java.lang.Throwable$WrappedPrintStream:println:748]: 	at jdk.nashorn.api.scripting.ScriptObjectMirror.callMember(ScriptObjectMirror.java:192)
[22:05:02] [Server thread/INFO]: [java.lang.Throwable$WrappedPrintStream:println:748]: 	at jdk.nashorn.api.scripting.NashornScriptEngine.invokeImpl(NashornScriptEngine.java:381)
[22:05:02] [Server thread/INFO]: [java.lang.Throwable$WrappedPrintStream:println:748]: 	... 23 more
[22:05:02] [Server thread/INFO]: [java.lang.Throwable$WrappedPrintStream:println:748]: java.lang.RuntimeException: Script exec error : onUpdate
[22:05:02] [Server thread/INFO]: [java.lang.Throwable$WrappedPrintStream:println:748]: 	at jp.ngt.ngtlib.io.ScriptUtil.doScriptFunction(ScriptUtil.java:60)
[22:05:02] [Server thread/INFO]: [java.lang.Throwable$WrappedPrintStream:println:748]: 	at jp.ngt.ngtlib.io.ScriptUtil.doScriptIgnoreError(ScriptUtil.java:66)
[22:05:02] [Server thread/INFO]: [java.lang.Throwable$WrappedPrintStream:println:748]: 	at jp.ngt.rtm.modelpack.ScriptExecuter.callMethod(ScriptExecuter.java:24)
[22:05:02] [Server thread/INFO]: [java.lang.Throwable$WrappedPrintStream:println:748]: 	at jp.ngt.rtm.modelpack.ScriptExecuter.execScript(ScriptExecuter.java:36)
[22:05:02] [Server thread/INFO]: [java.lang.Throwable$WrappedPrintStream:println:748]: 	at jp.ngt.rtm.modelpack.ScriptExecuter.execScript(ScriptExecuter.java:30)
[22:05:02] [Server thread/INFO]: [java.lang.Throwable$WrappedPrintStream:println:748]: 	at jp.ngt.rtm.entity.vehicle.EntityVehicleBase.onVehicleUpdate(EntityVehicleBase.java:203)
[22:05:02] [Server thread/INFO]: [java.lang.Throwable$WrappedPrintStream:println:748]: 	at jp.ngt.rtm.entity.vehicle.EntityVehicle.onVehicleUpdate(EntityVehicle.java:66)
[22:05:02] [Server thread/INFO]: [java.lang.Throwable$WrappedPrintStream:println:748]: 	at jp.ngt.rtm.entity.vehicle.EntityVehicleBase.func_70071_h_(EntityVehicleBase.java:168)
[22:05:02] [Server thread/INFO]: [java.lang.Throwable$WrappedPrintStream:println:748]: 	at net.minecraft.entity.Entity.func_70098_U(Entity.java:1579)
[22:05:02] [Server thread/INFO]: [java.lang.Throwable$WrappedPrintStream:println:748]: 	at net.minecraft.world.World.func_72866_a(World.java:2066)
[22:05:02] [Server thread/INFO]: [java.lang.Throwable$WrappedPrintStream:println:748]: 	at net.minecraft.world.WorldServer.func_72866_a(WorldServer.java:648)
[22:05:02] [Server thread/INFO]: [java.lang.Throwable$WrappedPrintStream:println:748]: 	at net.minecraft.world.World.func_72870_g(World.java:2034)
[22:05:02] [Server thread/INFO]: [java.lang.Throwable$WrappedPrintStream:println:748]: 	at net.minecraft.world.World.func_72866_a(World.java:2129)
[22:05:02] [Server thread/INFO]: [java.lang.Throwable$WrappedPrintStream:println:748]: 	at net.minecraft.world.WorldServer.func_72866_a(WorldServer.java:648)
[22:05:02] [Server thread/INFO]: [java.lang.Throwable$WrappedPrintStream:println:748]: 	at net.minecraft.world.World.func_72870_g(World.java:2034)
[22:05:02] [Server thread/INFO]: [java.lang.Throwable$WrappedPrintStream:println:748]: 	at net.minecraft.world.World.func_72939_s(World.java:1887)
[22:05:02] [Server thread/INFO]: [java.lang.Throwable$WrappedPrintStream:println:748]: 	at net.minecraft.world.WorldServer.func_72939_s(WorldServer.java:489)
[22:05:02] [Server thread/INFO]: [java.lang.Throwable$WrappedPrintStream:println:748]: 	at net.minecraft.server.MinecraftServer.func_71190_q(MinecraftServer.java:636)
[22:05:02] [Server thread/INFO]: [java.lang.Throwable$WrappedPrintStream:println:748]: 	at net.minecraft.server.MinecraftServer.func_71217_p(MinecraftServer.java:547)
[22:05:02] [Server thread/INFO]: [java.lang.Throwable$WrappedPrintStream:println:748]: 	at net.minecraft.server.integrated.IntegratedServer.func_71217_p(IntegratedServer.java:111)
[22:05:02] [Server thread/INFO]: [java.lang.Throwable$WrappedPrintStream:println:748]: 	at net.minecraft.server.MinecraftServer.run(MinecraftServer.java:427)
[22:05:02] [Server thread/INFO]: [java.lang.Throwable$WrappedPrintStream:println:748]: 	at net.minecraft.server.MinecraftServer$2.run(MinecraftServer.java:685)
[22:05:02] [Server thread/INFO]: [java.lang.Throwable$WrappedPrintStream:println:748]: Caused by: javax.script.ScriptException: TypeError: jp.kaiz.kaizpatch.rtm.rail.TileEntityLargeRailSectionCore@3eea27f5 has no such function "getWorldObj" in <eval> at line number 4573
[22:05:02] [Server thread/INFO]: [java.lang.Throwable$WrappedPrintStream:println:748]: 	at jdk.nashorn.api.scripting.NashornScriptEngine.throwAsScriptException(NashornScriptEngine.java:455)
[22:05:02] [Server thread/INFO]: [java.lang.Throwable$WrappedPrintStream:println:748]: 	at jdk.nashorn.api.scripting.NashornScriptEngine.invokeImpl(NashornScriptEngine.java:387)
[22:05:02] [Server thread/INFO]: [java.lang.Throwable$WrappedPrintStream:println:748]: 	at jdk.nashorn.api.scripting.NashornScriptEngine.invokeFunction(NashornScriptEngine.java:187)
[22:05:02] [Server thread/INFO]: [java.lang.Throwable$WrappedPrintStream:println:748]: 	at jp.ngt.ngtlib.io.ScriptUtil.doScriptFunction(ScriptUtil.java:58)
[22:05:02] [Server thread/INFO]: [java.lang.Throwable$WrappedPrintStream:println:748]: 	... 21 more
[22:05:02] [Server thread/INFO]: [java.lang.Throwable$WrappedPrintStream:println:748]: Caused by: <eval>:4573 TypeError: jp.kaiz.kaizpatch.rtm.rail.TileEntityLargeRailSectionCore@3eea27f5 has no such function "getWorldObj"
[22:05:02] [Server thread/INFO]: [java.lang.Throwable$WrappedPrintStream:println:748]: 	at jdk.nashorn.internal.runtime.ECMAErrors.error(ECMAErrors.java:57)
[22:05:02] [Server thread/INFO]: [java.lang.Throwable$WrappedPrintStream:println:748]: 	at jdk.nashorn.internal.runtime.ECMAErrors.typeError(ECMAErrors.java:213)
[22:05:02] [Server thread/INFO]: [java.lang.Throwable$WrappedPrintStream:println:748]: 	at jdk.nashorn.internal.runtime.ECMAErrors.typeError(ECMAErrors.java:185)
[22:05:02] [Server thread/INFO]: [java.lang.Throwable$WrappedPrintStream:println:748]: 	at jdk.nashorn.internal.runtime.ECMAErrors.typeError(ECMAErrors.java:172)
[22:05:02] [Server thread/INFO]: [java.lang.Throwable$WrappedPrintStream:println:748]: 	at jdk.nashorn.internal.runtime.linker.NashornBottomLinker.linkBean(NashornBottomLinker.java:103)
[22:05:02] [Server thread/INFO]: [java.lang.Throwable$WrappedPrintStream:println:748]: 	at jdk.nashorn.internal.runtime.linker.NashornBottomLinker.getGuardedInvocation(NashornBottomLinker.java:71)
[22:05:02] [Server thread/INFO]: [java.lang.Throwable$WrappedPrintStream:println:748]: 	at jdk.internal.dynalink.support.CompositeGuardingDynamicLinker.getGuardedInvocation(CompositeGuardingDynamicLinker.java:124)
[22:05:02] [Server thread/INFO]: [java.lang.Throwable$WrappedPrintStream:println:748]: 	at jdk.internal.dynalink.support.LinkerServicesImpl.getGuardedInvocation(LinkerServicesImpl.java:149)
[22:05:02] [Server thread/INFO]: [java.lang.Throwable$WrappedPrintStream:println:748]: 	at jdk.internal.dynalink.DynamicLinker.relink(DynamicLinker.java:233)
[22:05:02] [Server thread/INFO]: [java.lang.Throwable$WrappedPrintStream:println:748]: 	at jdk.nashorn.internal.scripts.Script$Recompilation$7614$188583AAAAAAAA$\^eval\_.RTMX_loadCompatTarget_kaizpatch_scripts_superrailbuilderx_RailPositionCompat_1suqebq$L:4466$RailPositionCompat$moveSectionedRailPosition(<eval>:4573)
[22:05:02] [Server thread/INFO]: [java.lang.Throwable$WrappedPrintStream:println:748]: 	at jdk.nashorn.internal.scripts.Script$Recompilation$7610$187411AAAAAAAA$\^eval\_.RTMX_loadCompatTarget_kaizpatch_scripts_superrailbuilderx_RailPositionCompat_1suqebq$L:4466$RailPositionCompat$moveRailPosition(<eval>:4537)
[22:05:02] [Server thread/INFO]: [java.lang.Throwable$WrappedPrintStream:println:748]: 	at jdk.nashorn.internal.scripts.Script$Recompilation$7607$200380AA$\^eval\_.applyRequest(<eval>:4807)
[22:05:02] [Server thread/INFO]: [java.lang.Throwable$WrappedPrintStream:println:748]: 	at jdk.nashorn.internal.scripts.Script$Recompilation$7571$201151AA$\^eval\_.onUpdate(<eval>:4843)
[22:05:02] [Server thread/INFO]: [java.lang.Throwable$WrappedPrintStream:println:748]: 	at jdk.nashorn.internal.runtime.ScriptFunctionData.invoke(ScriptFunctionData.java:640)
[22:05:02] [Server thread/INFO]: [java.lang.Throwable$WrappedPrintStream:println:748]: 	at jdk.nashorn.internal.runtime.ScriptFunction.invoke(ScriptFunction.java:229)
[22:05:02] [Server thread/INFO]: [java.lang.Throwable$WrappedPrintStream:println:748]: 	at jdk.nashorn.internal.runtime.ScriptRuntime.apply(ScriptRuntime.java:387)
[22:05:02] [Server thread/INFO]: [java.lang.Throwable$WrappedPrintStream:println:748]: 	at jdk.nashorn.api.scripting.ScriptObjectMirror.callMember(ScriptObjectMirror.java:192)
[22:05:02] [Server thread/INFO]: [java.lang.Throwable$WrappedPrintStream:println:748]: 	at jdk.nashorn.api.scripting.NashornScriptEngine.invokeImpl(NashornScriptEngine.java:381)
[22:05:02] [Server thread/INFO]: [java.lang.Throwable$WrappedPrintStream:println:748]: 	... 23 more
[22:05:02] [Server thread/INFO]: [java.lang.Throwable$WrappedPrintStream:println:748]: java.lang.RuntimeException: Script exec error : onUpdate
[22:05:02] [Server thread/INFO]: [java.lang.Throwable$WrappedPrintStream:println:748]: 	at jp.ngt.ngtlib.io.ScriptUtil.doScriptFunction(ScriptUtil.java:60)
[22:05:02] [Server thread/INFO]: [java.lang.Throwable$WrappedPrintStream:println:748]: 	at jp.ngt.ngtlib.io.ScriptUtil.doScriptIgnoreError(ScriptUtil.java:66)
[22:05:02] [Server thread/INFO]: [java.lang.Throwable$WrappedPrintStream:println:748]: 	at jp.ngt.rtm.modelpack.ScriptExecuter.callMethod(ScriptExecuter.java:24)
[22:05:02] [Server thread/INFO]: [java.lang.Throwable$WrappedPrintStream:println:748]: 	at jp.ngt.rtm.modelpack.ScriptExecuter.execScript(ScriptExecuter.java:36)
[22:05:02] [Server thread/INFO]: [java.lang.Throwable$WrappedPrintStream:println:748]: 	at jp.ngt.rtm.modelpack.ScriptExecuter.execScript(ScriptExecuter.java:30)
[22:05:02] [Server thread/INFO]: [java.lang.Throwable$WrappedPrintStream:println:748]: 	at jp.ngt.rtm.entity.vehicle.EntityVehicleBase.onVehicleUpdate(EntityVehicleBase.java:203)
[22:05:02] [Server thread/INFO]: [java.lang.Throwable$WrappedPrintStream:println:748]: 	at jp.ngt.rtm.entity.vehicle.EntityVehicle.onVehicleUpdate(EntityVehicle.java:66)
[22:05:02] [Server thread/INFO]: [java.lang.Throwable$WrappedPrintStream:println:748]: 	at jp.ngt.rtm.entity.vehicle.EntityVehicleBase.func_70071_h_(EntityVehicleBase.java:168)
[22:05:02] [Server thread/INFO]: [java.lang.Throwable$WrappedPrintStream:println:748]: 	at net.minecraft.entity.Entity.func_70098_U(Entity.java:1579)
[22:05:02] [Server thread/INFO]: [java.lang.Throwable$WrappedPrintStream:println:748]: 	at net.minecraft.world.World.func_72866_a(World.java:2066)
[22:05:02] [Server thread/INFO]: [java.lang.Throwable$WrappedPrintStream:println:748]: 	at net.minecraft.world.WorldServer.func_72866_a(WorldServer.java:648)
[22:05:02] [Server thread/INFO]: [java.lang.Throwable$WrappedPrintStream:println:748]: 	at net.minecraft.world.World.func_72870_g(World.java:2034)
[22:05:02] [Server thread/INFO]: [java.lang.Throwable$WrappedPrintStream:println:748]: 	at net.minecraft.world.World.func_72866_a(World.java:2129)
[22:05:02] [Server thread/INFO]: [java.lang.Throwable$WrappedPrintStream:println:748]: 	at net.minecraft.world.WorldServer.func_72866_a(WorldServer.java:648)
[22:05:02] [Server thread/INFO]: [java.lang.Throwable$WrappedPrintStream:println:748]: 	at net.minecraft.world.World.func_72870_g(World.java:2034)
[22:05:02] [Server thread/INFO]: [java.lang.Throwable$WrappedPrintStream:println:748]: 	at net.minecraft.world.World.func_72939_s(World.java:1887)
[22:05:02] [Server thread/INFO]: [java.lang.Throwable$WrappedPrintStream:println:748]: 	at net.minecraft.world.WorldServer.func_72939_s(WorldServer.java:489)
[22:05:02] [Server thread/INFO]: [java.lang.Throwable$WrappedPrintStream:println:748]: 	at net.minecraft.server.MinecraftServer.func_71190_q(MinecraftServer.java:636)
[22:05:02] [Server thread/INFO]: [java.lang.Throwable$WrappedPrintStream:println:748]: 	at net.minecraft.server.MinecraftServer.func_71217_p(MinecraftServer.java:547)
[22:05:02] [Server thread/INFO]: [java.lang.Throwable$WrappedPrintStream:println:748]: 	at net.minecraft.server.integrated.IntegratedServer.func_71217_p(IntegratedServer.java:111)
[22:05:02] [Server thread/INFO]: [java.lang.Throwable$WrappedPrintStream:println:748]: 	at net.minecraft.server.MinecraftServer.run(MinecraftServer.java:427)
[22:05:02] [Server thread/INFO]: [java.lang.Throwable$WrappedPrintStream:println:748]: 	at net.minecraft.server.MinecraftServer$2.run(MinecraftServer.java:685)
[22:05:02] [Server thread/INFO]: [java.lang.Throwable$WrappedPrintStream:println:748]: Caused by: javax.script.ScriptException: TypeError: jp.kaiz.kaizpatch.rtm.rail.TileEntityLargeRailSectionCore@3eea27f5 has no such function "getWorldObj" in <eval> at line number 4573
[22:05:02] [Server thread/INFO]: [java.lang.Throwable$WrappedPrintStream:println:748]: 	at jdk.nashorn.api.scripting.NashornScriptEngine.throwAsScriptException(NashornScriptEngine.java:455)
[22:05:02] [Server thread/INFO]: [java.lang.Throwable$WrappedPrintStream:println:748]: 	at jdk.nashorn.api.scripting.NashornScriptEngine.invokeImpl(NashornScriptEngine.java:387)
[22:05:02] [Server thread/INFO]: [java.lang.Throwable$WrappedPrintStream:println:748]: 	at jdk.nashorn.api.scripting.NashornScriptEngine.invokeFunction(NashornScriptEngine.java:187)
[22:05:02] [Server thread/INFO]: [java.lang.Throwable$WrappedPrintStream:println:748]: 	at jp.ngt.ngtlib.io.ScriptUtil.doScriptFunction(ScriptUtil.java:58)
[22:05:02] [Server thread/INFO]: [java.lang.Throwable$WrappedPrintStream:println:748]: 	... 21 more
[22:05:02] [Server thread/INFO]: [java.lang.Throwable$WrappedPrintStream:println:748]: Caused by: <eval>:4573 TypeError: jp.kaiz.kaizpatch.rtm.rail.TileEntityLargeRailSectionCore@3eea27f5 has no such function "getWorldObj"
[22:05:02] [Server thread/INFO]: [java.lang.Throwable$WrappedPrintStream:println:748]: 	at jdk.nashorn.internal.runtime.ECMAErrors.error(ECMAErrors.java:57)
[22:05:02] [Server thread/INFO]: [java.lang.Throwable$WrappedPrintStream:println:748]: 	at jdk.nashorn.internal.runtime.ECMAErrors.typeError(ECMAErrors.java:213)
[22:05:02] [Server thread/INFO]: [java.lang.Throwable$WrappedPrintStream:println:748]: 	at jdk.nashorn.internal.runtime.ECMAErrors.typeError(ECMAErrors.java:185)
[22:05:02] [Server thread/INFO]: [java.lang.Throwable$WrappedPrintStream:println:748]: 	at jdk.nashorn.internal.runtime.ECMAErrors.typeError(ECMAErrors.java:172)
[22:05:02] [Server thread/INFO]: [java.lang.Throwable$WrappedPrintStream:println:748]: 	at jdk.nashorn.internal.runtime.linker.NashornBottomLinker.linkBean(NashornBottomLinker.java:103)
[22:05:02] [Server thread/INFO]: [java.lang.Throwable$WrappedPrintStream:println:748]: 	at jdk.nashorn.internal.runtime.linker.NashornBottomLinker.getGuardedInvocation(NashornBottomLinker.java:71)
[22:05:02] [Server thread/INFO]: [java.lang.Throwable$WrappedPrintStream:println:748]: 	at jdk.internal.dynalink.support.CompositeGuardingDynamicLinker.getGuardedInvocation(CompositeGuardingDynamicLinker.java:124)
[22:05:02] [Server thread/INFO]: [java.lang.Throwable$WrappedPrintStream:println:748]: 	at jdk.internal.dynalink.support.LinkerServicesImpl.getGuardedInvocation(LinkerServicesImpl.java:149)
[22:05:02] [Server thread/INFO]: [java.lang.Throwable$WrappedPrintStream:println:748]: 	at jdk.internal.dynalink.DynamicLinker.relink(DynamicLinker.java:233)
[22:05:02] [Server thread/INFO]: [java.lang.Throwable$WrappedPrintStream:println:748]: 	at jdk.nashorn.internal.scripts.Script$Recompilation$7614$188583AAAAAAAA$\^eval\_.RTMX_loadCompatTarget_kaizpatch_scripts_superrailbuilderx_RailPositionCompat_1suqebq$L:4466$RailPositionCompat$moveSectionedRailPosition(<eval>:4573)
[22:05:02] [Server thread/INFO]: [java.lang.Throwable$WrappedPrintStream:println:748]: 	at jdk.nashorn.internal.scripts.Script$Recompilation$7610$187411AAAAAAAA$\^eval\_.RTMX_loadCompatTarget_kaizpatch_scripts_superrailbuilderx_RailPositionCompat_1suqebq$L:4466$RailPositionCompat$moveRailPosition(<eval>:4537)
[22:05:02] [Server thread/INFO]: [java.lang.Throwable$WrappedPrintStream:println:748]: 	at jdk.nashorn.internal.scripts.Script$Recompilation$7607$200380AA$\^eval\_.applyRequest(<eval>:4807)
[22:05:02] [Server thread/INFO]: [java.lang.Throwable$WrappedPrintStream:println:748]: 	at jdk.nashorn.internal.scripts.Script$Recompilation$7571$201151AA$\^eval\_.onUpdate(<eval>:4843)
[22:05:02] [Server thread/INFO]: [java.lang.Throwable$WrappedPrintStream:println:748]: 	at jdk.nashorn.internal.runtime.ScriptFunctionData.invoke(ScriptFunctionData.java:640)
[22:05:02] [Server thread/INFO]: [java.lang.Throwable$WrappedPrintStream:println:748]: 	at jdk.nashorn.internal.runtime.ScriptFunction.invoke(ScriptFunction.java:229)
[22:05:02] [Server thread/INFO]: [java.lang.Throwable$WrappedPrintStream:println:748]: 	at jdk.nashorn.internal.runtime.ScriptRuntime.apply(ScriptRuntime.java:387)
[22:05:02] [Server thread/INFO]: [java.lang.Throwable$WrappedPrintStream:println:748]: 	at jdk.nashorn.api.scripting.ScriptObjectMirror.callMember(ScriptObjectMirror.java:192)
[22:05:02] [Server thread/INFO]: [java.lang.Throwable$WrappedPrintStream:println:748]: 	at jdk.nashorn.api.scripting.NashornScriptEngine.invokeImpl(NashornScriptEngine.java:381)
[22:05:02] [Server thread/INFO]: [java.lang.Throwable$WrappedPrintStream:println:748]: 	... 23 more
[22:05:02] [Server thread/INFO]: [java.lang.Throwable$WrappedPrintStream:println:748]: java.lang.RuntimeException: Script exec error : onUpdate
[22:05:02] [Server thread/INFO]: [java.lang.Throwable$WrappedPrintStream:println:748]: 	at jp.ngt.ngtlib.io.ScriptUtil.doScriptFunction(ScriptUtil.java:60)
[22:05:02] [Server thread/INFO]: [java.lang.Throwable$WrappedPrintStream:println:748]: 	at jp.ngt.ngtlib.io.ScriptUtil.doScriptIgnoreError(ScriptUtil.java:66)
[22:05:02] [Server thread/INFO]: [java.lang.Throwable$WrappedPrintStream:println:748]: 	at jp.ngt.rtm.modelpack.ScriptExecuter.callMethod(ScriptExecuter.java:24)
[22:05:02] [Server thread/INFO]: [java.lang.Throwable$WrappedPrintStream:println:748]: 	at jp.ngt.rtm.modelpack.ScriptExecuter.execScript(ScriptExecuter.java:36)
[22:05:02] [Server thread/INFO]: [java.lang.Throwable$WrappedPrintStream:println:748]: 	at jp.ngt.rtm.modelpack.ScriptExecuter.execScript(ScriptExecuter.java:30)
[22:05:02] [Server thread/INFO]: [java.lang.Throwable$WrappedPrintStream:println:748]: 	at jp.ngt.rtm.entity.vehicle.EntityVehicleBase.onVehicleUpdate(EntityVehicleBase.java:203)
[22:05:02] [Server thread/INFO]: [java.lang.Throwable$WrappedPrintStream:println:748]: 	at jp.ngt.rtm.entity.vehicle.EntityVehicle.onVehicleUpdate(EntityVehicle.java:66)
[22:05:02] [Server thread/INFO]: [java.lang.Throwable$WrappedPrintStream:println:748]: 	at jp.ngt.rtm.entity.vehicle.EntityVehicleBase.func_70071_h_(EntityVehicleBase.java:168)
[22:05:02] [Server thread/INFO]: [java.lang.Throwable$WrappedPrintStream:println:748]: 	at net.minecraft.entity.Entity.func_70098_U(Entity.java:1579)
[22:05:02] [Server thread/INFO]: [java.lang.Throwable$WrappedPrintStream:println:748]: 	at net.minecraft.world.World.func_72866_a(World.java:2066)
[22:05:02] [Server thread/INFO]: [java.lang.Throwable$WrappedPrintStream:println:748]: 	at net.minecraft.world.WorldServer.func_72866_a(WorldServer.java:648)
[22:05:02] [Server thread/INFO]: [java.lang.Throwable$WrappedPrintStream:println:748]: 	at net.minecraft.world.World.func_72870_g(World.java:2034)
[22:05:02] [Server thread/INFO]: [java.lang.Throwable$WrappedPrintStream:println:748]: 	at net.minecraft.world.World.func_72866_a(World.java:2129)
[22:05:02] [Server thread/INFO]: [java.lang.Throwable$WrappedPrintStream:println:748]: 	at net.minecraft.world.WorldServer.func_72866_a(WorldServer.java:648)
[22:05:02] [Server thread/INFO]: [java.lang.Throwable$WrappedPrintStream:println:748]: 	at net.minecraft.world.World.func_72870_g(World.java:2034)
[22:05:02] [Server thread/INFO]: [java.lang.Throwable$WrappedPrintStream:println:748]: 	at net.minecraft.world.World.func_72939_s(World.java:1887)
[22:05:02] [Server thread/INFO]: [java.lang.Throwable$WrappedPrintStream:println:748]: 	at net.minecraft.world.WorldServer.func_72939_s(WorldServer.java:489)
[22:05:02] [Server thread/INFO]: [java.lang.Throwable$WrappedPrintStream:println:748]: 	at net.minecraft.server.MinecraftServer.func_71190_q(MinecraftServer.java:636)
[22:05:02] [Server thread/INFO]: [java.lang.Throwable$WrappedPrintStream:println:748]: 	at net.minecraft.server.MinecraftServer.func_71217_p(MinecraftServer.java:547)
[22:05:02] [Server thread/INFO]: [java.lang.Throwable$WrappedPrintStream:println:748]: 	at net.minecraft.server.integrated.IntegratedServer.func_71217_p(IntegratedServer.java:111)
[22:05:02] [Server thread/INFO]: [java.lang.Throwable$WrappedPrintStream:println:748]: 	at net.minecraft.server.MinecraftServer.run(MinecraftServer.java:427)
[22:05:02] [Server thread/INFO]: [java.lang.Throwable$WrappedPrintStream:println:748]: 	at net.minecraft.server.MinecraftServer$2.run(MinecraftServer.java:685)
[22:05:02] [Server thread/INFO]: [java.lang.Throwable$WrappedPrintStream:println:748]: Caused by: javax.script.ScriptException: TypeError: jp.kaiz.kaizpatch.rtm.rail.TileEntityLargeRailSectionCore@3eea27f5 has no such function "getWorldObj" in <eval> at line number 4573
[22:05:02] [Server thread/INFO]: [java.lang.Throwable$WrappedPrintStream:println:748]: 	at jdk.nashorn.api.scripting.NashornScriptEngine.throwAsScriptException(NashornScriptEngine.java:455)
[22:05:02] [Server thread/INFO]: [java.lang.Throwable$WrappedPrintStream:println:748]: 	at jdk.nashorn.api.scripting.NashornScriptEngine.invokeImpl(NashornScriptEngine.java:387)
[22:05:02] [Server thread/INFO]: [java.lang.Throwable$WrappedPrintStream:println:748]: 	at jdk.nashorn.api.scripting.NashornScriptEngine.invokeFunction(NashornScriptEngine.java:187)
[22:05:02] [Server thread/INFO]: [java.lang.Throwable$WrappedPrintStream:println:748]: 	at jp.ngt.ngtlib.io.ScriptUtil.doScriptFunction(ScriptUtil.java:58)
[22:05:02] [Server thread/INFO]: [java.lang.Throwable$WrappedPrintStream:println:748]: 	... 21 more
[22:05:02] [Server thread/INFO]: [java.lang.Throwable$WrappedPrintStream:println:748]: Caused by: <eval>:4573 TypeError: jp.kaiz.kaizpatch.rtm.rail.TileEntityLargeRailSectionCore@3eea27f5 has no such function "getWorldObj"
[22:05:02] [Server thread/INFO]: [java.lang.Throwable$WrappedPrintStream:println:748]: 	at jdk.nashorn.internal.runtime.ECMAErrors.error(ECMAErrors.java:57)
[22:05:02] [Server thread/INFO]: [java.lang.Throwable$WrappedPrintStream:println:748]: 	at jdk.nashorn.internal.runtime.ECMAErrors.typeError(ECMAErrors.java:213)
[22:05:02] [Server thread/INFO]: [java.lang.Throwable$WrappedPrintStream:println:748]: 	at jdk.nashorn.internal.runtime.ECMAErrors.typeError(ECMAErrors.java:185)
[22:05:02] [Server thread/INFO]: [java.lang.Throwable$WrappedPrintStream:println:748]: 	at jdk.nashorn.internal.runtime.ECMAErrors.typeError(ECMAErrors.java:172)
[22:05:02] [Server thread/INFO]: [java.lang.Throwable$WrappedPrintStream:println:748]: 	at jdk.nashorn.internal.runtime.linker.NashornBottomLinker.linkBean(NashornBottomLinker.java:103)
[22:05:02] [Server thread/INFO]: [java.lang.Throwable$WrappedPrintStream:println:748]: 	at jdk.nashorn.internal.runtime.linker.NashornBottomLinker.getGuardedInvocation(NashornBottomLinker.java:71)
[22:05:02] [Server thread/INFO]: [java.lang.Throwable$WrappedPrintStream:println:748]: 	at jdk.internal.dynalink.support.CompositeGuardingDynamicLinker.getGuardedInvocation(CompositeGuardingDynamicLinker.java:124)
[22:05:02] [Server thread/INFO]: [java.lang.Throwable$WrappedPrintStream:println:748]: 	at jdk.internal.dynalink.support.LinkerServicesImpl.getGuardedInvocation(LinkerServicesImpl.java:149)
[22:05:02] [Server thread/INFO]: [java.lang.Throwable$WrappedPrintStream:println:748]: 	at jdk.internal.dynalink.DynamicLinker.relink(DynamicLinker.java:233)
[22:05:02] [Server thread/INFO]: [java.lang.Throwable$WrappedPrintStream:println:748]: 	at jdk.nashorn.internal.scripts.Script$Recompilation$7614$188583AAAAAAAA$\^eval\_.RTMX_loadCompatTarget_kaizpatch_scripts_superrailbuilderx_RailPositionCompat_1suqebq$L:4466$RailPositionCompat$moveSectionedRailPosition(<eval>:4573)
[22:05:02] [Server thread/INFO]: [java.lang.Throwable$WrappedPrintStream:println:748]: 	at jdk.nashorn.internal.scripts.Script$Recompilation$7610$187411AAAAAAAA$\^eval\_.RTMX_loadCompatTarget_kaizpatch_scripts_superrailbuilderx_RailPositionCompat_1suqebq$L:4466$RailPositionCompat$moveRailPosition(<eval>:4537)
[22:05:02] [Server thread/INFO]: [java.lang.Throwable$WrappedPrintStream:println:748]: 	at jdk.nashorn.internal.scripts.Script$Recompilation$7607$200380AA$\^eval\_.applyRequest(<eval>:4807)
[22:05:02] [Server thread/INFO]: [java.lang.Throwable$WrappedPrintStream:println:748]: 	at jdk.nashorn.internal.scripts.Script$Recompilation$7571$201151AA$\^eval\_.onUpdate(<eval>:4843)
[22:05:02] [Server thread/INFO]: [java.lang.Throwable$WrappedPrintStream:println:748]: 	at jdk.nashorn.internal.runtime.ScriptFunctionData.invoke(ScriptFunctionData.java:640)
[22:05:02] [Server thread/INFO]: [java.lang.Throwable$WrappedPrintStream:println:748]: 	at jdk.nashorn.internal.runtime.ScriptFunction.invoke(ScriptFunction.java:229)
[22:05:02] [Server thread/INFO]: [java.lang.Throwable$WrappedPrintStream:println:748]: 	at jdk.nashorn.internal.runtime.ScriptRuntime.apply(ScriptRuntime.java:387)
[22:05:02] [Server thread/INFO]: [java.lang.Throwable$WrappedPrintStream:println:748]: 	at jdk.nashorn.api.scripting.ScriptObjectMirror.callMember(ScriptObjectMirror.java:192)
[22:05:02] [Server thread/INFO]: [java.lang.Throwable$WrappedPrintStream:println:748]: 	at jdk.nashorn.api.scripting.NashornScriptEngine.invokeImpl(NashornScriptEngine.java:381)
[22:05:02] [Server thread/INFO]: [java.lang.Throwable$WrappedPrintStream:println:748]: 	... 23 more
[22:05:02] [Server thread/INFO]: [java.lang.Throwable$WrappedPrintStream:println:748]: java.lang.RuntimeException: Script exec error : onUpdate
[22:05:02] [Server thread/INFO]: [java.lang.Throwable$WrappedPrintStream:println:748]: 	at jp.ngt.ngtlib.io.ScriptUtil.doScriptFunction(ScriptUtil.java:60)
[22:05:02] [Server thread/INFO]: [java.lang.Throwable$WrappedPrintStream:println:748]: 	at jp.ngt.ngtlib.io.ScriptUtil.doScriptIgnoreError(ScriptUtil.java:66)
[22:05:02] [Server thread/INFO]: [java.lang.Throwable$WrappedPrintStream:println:748]: 	at jp.ngt.rtm.modelpack.ScriptExecuter.callMethod(ScriptExecuter.java:24)
[22:05:02] [Server thread/INFO]: [java.lang.Throwable$WrappedPrintStream:println:748]: 	at jp.ngt.rtm.modelpack.ScriptExecuter.execScript(ScriptExecuter.java:36)
[22:05:02] [Server thread/INFO]: [java.lang.Throwable$WrappedPrintStream:println:748]: 	at jp.ngt.rtm.modelpack.ScriptExecuter.execScript(ScriptExecuter.java:30)
[22:05:02] [Server thread/INFO]: [java.lang.Throwable$WrappedPrintStream:println:748]: 	at jp.ngt.rtm.entity.vehicle.EntityVehicleBase.onVehicleUpdate(EntityVehicleBase.java:203)
[22:05:02] [Server thread/INFO]: [java.lang.Throwable$WrappedPrintStream:println:748]: 	at jp.ngt.rtm.entity.vehicle.EntityVehicle.onVehicleUpdate(EntityVehicle.java:66)
[22:05:02] [Server thread/INFO]: [java.lang.Throwable$WrappedPrintStream:println:748]: 	at jp.ngt.rtm.entity.vehicle.EntityVehicleBase.func_70071_h_(EntityVehicleBase.java:168)
[22:05:02] [Server thread/INFO]: [java.lang.Throwable$WrappedPrintStream:println:748]: 	at net.minecraft.entity.Entity.func_70098_U(Entity.java:1579)
[22:05:02] [Server thread/INFO]: [java.lang.Throwable$WrappedPrintStream:println:748]: 	at net.minecraft.world.World.func_72866_a(World.java:2066)
[22:05:02] [Server thread/INFO]: [java.lang.Throwable$WrappedPrintStream:println:748]: 	at net.minecraft.world.WorldServer.func_72866_a(WorldServer.java:648)
[22:05:02] [Server thread/INFO]: [java.lang.Throwable$WrappedPrintStream:println:748]: 	at net.minecraft.world.World.func_72870_g(World.java:2034)
[22:05:02] [Server thread/INFO]: [java.lang.Throwable$WrappedPrintStream:println:748]: 	at net.minecraft.world.World.func_72866_a(World.java:2129)
[22:05:02] [Server thread/INFO]: [java.lang.Throwable$WrappedPrintStream:println:748]: 	at net.minecraft.world.WorldServer.func_72866_a(WorldServer.java:648)
[22:05:02] [Server thread/INFO]: [java.lang.Throwable$WrappedPrintStream:println:748]: 	at net.minecraft.world.World.func_72870_g(World.java:2034)
[22:05:02] [Server thread/INFO]: [java.lang.Throwable$WrappedPrintStream:println:748]: 	at net.minecraft.world.World.func_72939_s(World.java:1887)
[22:05:02] [Server thread/INFO]: [java.lang.Throwable$WrappedPrintStream:println:748]: 	at net.minecraft.world.WorldServer.func_72939_s(WorldServer.java:489)
[22:05:02] [Server thread/INFO]: [java.lang.Throwable$WrappedPrintStream:println:748]: 	at net.minecraft.server.MinecraftServer.func_71190_q(MinecraftServer.java:636)
[22:05:02] [Server thread/INFO]: [java.lang.Throwable$WrappedPrintStream:println:748]: 	at net.minecraft.server.MinecraftServer.func_71217_p(MinecraftServer.java:547)
[22:05:02] [Server thread/INFO]: [java.lang.Throwable$WrappedPrintStream:println:748]: 	at net.minecraft.server.integrated.IntegratedServer.func_71217_p(IntegratedServer.java:111)
[22:05:02] [Server thread/INFO]: [java.lang.Throwable$WrappedPrintStream:println:748]: 	at net.minecraft.server.MinecraftServer.run(MinecraftServer.java:427)
[22:05:02] [Server thread/INFO]: [java.lang.Throwable$WrappedPrintStream:println:748]: 	at net.minecraft.server.MinecraftServer$2.run(MinecraftServer.java:685)
[22:05:02] [Server thread/INFO]: [java.lang.Throwable$WrappedPrintStream:println:748]: Caused by: javax.script.ScriptException: TypeError: jp.kaiz.kaizpatch.rtm.rail.TileEntityLargeRailSectionCore@3eea27f5 has no such function "getWorldObj" in <eval> at line number 4573
[22:05:02] [Server thread/INFO]: [java.lang.Throwable$WrappedPrintStream:println:748]: 	at jdk.nashorn.api.scripting.NashornScriptEngine.throwAsScriptException(NashornScriptEngine.java:455)
[22:05:02] [Server thread/INFO]: [java.lang.Throwable$WrappedPrintStream:println:748]: 	at jdk.nashorn.api.scripting.NashornScriptEngine.invokeImpl(NashornScriptEngine.java:387)
[22:05:02] [Server thread/INFO]: [java.lang.Throwable$WrappedPrintStream:println:748]: 	at jdk.nashorn.api.scripting.NashornScriptEngine.invokeFunction(NashornScriptEngine.java:187)
[22:05:02] [Server thread/INFO]: [java.lang.Throwable$WrappedPrintStream:println:748]: 	at jp.ngt.ngtlib.io.ScriptUtil.doScriptFunction(ScriptUtil.java:58)
[22:05:02] [Server thread/INFO]: [java.lang.Throwable$WrappedPrintStream:println:748]: 	... 21 more
[22:05:02] [Server thread/INFO]: [java.lang.Throwable$WrappedPrintStream:println:748]: Caused by: <eval>:4573 TypeError: jp.kaiz.kaizpatch.rtm.rail.TileEntityLargeRailSectionCore@3eea27f5 has no such function "getWorldObj"
[22:05:02] [Server thread/INFO]: [java.lang.Throwable$WrappedPrintStream:println:748]: 	at jdk.nashorn.internal.runtime.ECMAErrors.error(ECMAErrors.java:57)
[22:05:02] [Server thread/INFO]: [java.lang.Throwable$WrappedPrintStream:println:748]: 	at jdk.nashorn.internal.runtime.ECMAErrors.typeError(ECMAErrors.java:213)
[22:05:02] [Server thread/INFO]: [java.lang.Throwable$WrappedPrintStream:println:748]: 	at jdk.nashorn.internal.runtime.ECMAErrors.typeError(ECMAErrors.java:185)
[22:05:02] [Server thread/INFO]: [java.lang.Throwable$WrappedPrintStream:println:748]: 	at jdk.nashorn.internal.runtime.ECMAErrors.typeError(ECMAErrors.java:172)
[22:05:02] [Server thread/INFO]: [java.lang.Throwable$WrappedPrintStream:println:748]: 	at jdk.nashorn.internal.runtime.linker.NashornBottomLinker.linkBean(NashornBottomLinker.java:103)
[22:05:02] [Server thread/INFO]: [java.lang.Throwable$WrappedPrintStream:println:748]: 	at jdk.nashorn.internal.runtime.linker.NashornBottomLinker.getGuardedInvocation(NashornBottomLinker.java:71)
[22:05:02] [Server thread/INFO]: [java.lang.Throwable$WrappedPrintStream:println:748]: 	at jdk.internal.dynalink.support.CompositeGuardingDynamicLinker.getGuardedInvocation(CompositeGuardingDynamicLinker.java:124)
[22:05:02] [Server thread/INFO]: [java.lang.Throwable$WrappedPrintStream:println:748]: 	at jdk.internal.dynalink.support.LinkerServicesImpl.getGuardedInvocation(LinkerServicesImpl.java:149)
[22:05:02] [Server thread/INFO]: [java.lang.Throwable$WrappedPrintStream:println:748]: 	at jdk.internal.dynalink.DynamicLinker.relink(DynamicLinker.java:233)
[22:05:02] [Server thread/INFO]: [java.lang.Throwable$WrappedPrintStream:println:748]: 	at jdk.nashorn.internal.scripts.Script$Recompilation$7614$188583AAAAAAAA$\^eval\_.RTMX_loadCompatTarget_kaizpatch_scripts_superrailbuilderx_RailPositionCompat_1suqebq$L:4466$RailPositionCompat$moveSectionedRailPosition(<eval>:4573)
[22:05:02] [Server thread/INFO]: [java.lang.Throwable$WrappedPrintStream:println:748]: 	at jdk.nashorn.internal.scripts.Script$Recompilation$7610$187411AAAAAAAA$\^eval\_.RTMX_loadCompatTarget_kaizpatch_scripts_superrailbuilderx_RailPositionCompat_1suqebq$L:4466$RailPositionCompat$moveRailPosition(<eval>:4537)
[22:05:02] [Server thread/INFO]: [java.lang.Throwable$WrappedPrintStream:println:748]: 	at jdk.nashorn.internal.scripts.Script$Recompilation$7607$200380AA$\^eval\_.applyRequest(<eval>:4807)
[22:05:02] [Server thread/INFO]: [java.lang.Throwable$WrappedPrintStream:println:748]: 	at jdk.nashorn.internal.scripts.Script$Recompilation$7571$201151AA$\^eval\_.onUpdate(<eval>:4843)
[22:05:02] [Server thread/INFO]: [java.lang.Throwable$WrappedPrintStream:println:748]: 	at jdk.nashorn.internal.runtime.ScriptFunctionData.invoke(ScriptFunctionData.java:640)
[22:05:02] [Server thread/INFO]: [java.lang.Throwable$WrappedPrintStream:println:748]: 	at jdk.nashorn.internal.runtime.ScriptFunction.invoke(ScriptFunction.java:229)
[22:05:02] [Server thread/INFO]: [java.lang.Throwable$WrappedPrintStream:println:748]: 	at jdk.nashorn.internal.runtime.ScriptRuntime.apply(ScriptRuntime.java:387)
[22:05:02] [Server thread/INFO]: [java.lang.Throwable$WrappedPrintStream:println:748]: 	at jdk.nashorn.api.scripting.ScriptObjectMirror.callMember(ScriptObjectMirror.java:192)
[22:05:02] [Server thread/INFO]: [java.lang.Throwable$WrappedPrintStream:println:748]: 	at jdk.nashorn.api.scripting.NashornScriptEngine.invokeImpl(NashornScriptEngine.java:381)
[22:05:02] [Server thread/INFO]: [java.lang.Throwable$WrappedPrintStream:println:748]: 	... 23 more
[22:05:02] [Server thread/INFO]: [java.lang.Throwable$WrappedPrintStream:println:748]: java.lang.RuntimeException: Script exec error : onUpdate
[22:05:02] [Server thread/INFO]: [java.lang.Throwable$WrappedPrintStream:println:748]: 	at jp.ngt.ngtlib.io.ScriptUtil.doScriptFunction(ScriptUtil.java:60)
[22:05:02] [Server thread/INFO]: [java.lang.Throwable$WrappedPrintStream:println:748]: 	at jp.ngt.ngtlib.io.ScriptUtil.doScriptIgnoreError(ScriptUtil.java:66)
[22:05:02] [Server thread/INFO]: [java.lang.Throwable$WrappedPrintStream:println:748]: 	at jp.ngt.rtm.modelpack.ScriptExecuter.callMethod(ScriptExecuter.java:24)
[22:05:02] [Server thread/INFO]: [java.lang.Throwable$WrappedPrintStream:println:748]: 	at jp.ngt.rtm.modelpack.ScriptExecuter.execScript(ScriptExecuter.java:36)
[22:05:02] [Server thread/INFO]: [java.lang.Throwable$WrappedPrintStream:println:748]: 	at jp.ngt.rtm.modelpack.ScriptExecuter.execScript(ScriptExecuter.java:30)
[22:05:02] [Server thread/INFO]: [java.lang.Throwable$WrappedPrintStream:println:748]: 	at jp.ngt.rtm.entity.vehicle.EntityVehicleBase.onVehicleUpdate(EntityVehicleBase.java:203)
[22:05:02] [Server thread/INFO]: [java.lang.Throwable$WrappedPrintStream:println:748]: 	at jp.ngt.rtm.entity.vehicle.EntityVehicle.onVehicleUpdate(EntityVehicle.java:66)
[22:05:02] [Server thread/INFO]: [java.lang.Throwable$WrappedPrintStream:println:748]: 	at jp.ngt.rtm.entity.vehicle.EntityVehicleBase.func_70071_h_(EntityVehicleBase.java:168)
[22:05:02] [Server thread/INFO]: [java.lang.Throwable$WrappedPrintStream:println:748]: 	at net.minecraft.entity.Entity.func_70098_U(Entity.java:1579)
[22:05:02] [Server thread/INFO]: [java.lang.Throwable$WrappedPrintStream:println:748]: 	at net.minecraft.world.World.func_72866_a(World.java:2066)
[22:05:02] [Server thread/INFO]: [java.lang.Throwable$WrappedPrintStream:println:748]: 	at net.minecraft.world.WorldServer.func_72866_a(WorldServer.java:648)
[22:05:02] [Server thread/INFO]: [java.lang.Throwable$WrappedPrintStream:println:748]: 	at net.minecraft.world.World.func_72870_g(World.java:2034)
[22:05:02] [Server thread/INFO]: [java.lang.Throwable$WrappedPrintStream:println:748]: 	at net.minecraft.world.World.func_72866_a(World.java:2129)
[22:05:02] [Server thread/INFO]: [java.lang.Throwable$WrappedPrintStream:println:748]: 	at net.minecraft.world.WorldServer.func_72866_a(WorldServer.java:648)
[22:05:02] [Server thread/INFO]: [java.lang.Throwable$WrappedPrintStream:println:748]: 	at net.minecraft.world.World.func_72870_g(World.java:2034)
[22:05:02] [Server thread/INFO]: [java.lang.Throwable$WrappedPrintStream:println:748]: 	at net.minecraft.world.World.func_72939_s(World.java:1887)
[22:05:02] [Server thread/INFO]: [java.lang.Throwable$WrappedPrintStream:println:748]: 	at net.minecraft.world.WorldServer.func_72939_s(WorldServer.java:489)
[22:05:02] [Server thread/INFO]: [java.lang.Throwable$WrappedPrintStream:println:748]: 	at net.minecraft.server.MinecraftServer.func_71190_q(MinecraftServer.java:636)
[22:05:02] [Server thread/INFO]: [java.lang.Throwable$WrappedPrintStream:println:748]: 	at net.minecraft.server.MinecraftServer.func_71217_p(MinecraftServer.java:547)
[22:05:02] [Server thread/INFO]: [java.lang.Throwable$WrappedPrintStream:println:748]: 	at net.minecraft.server.integrated.IntegratedServer.func_71217_p(IntegratedServer.java:111)
[22:05:02] [Server thread/INFO]: [java.lang.Throwable$WrappedPrintStream:println:748]: 	at net.minecraft.server.MinecraftServer.run(MinecraftServer.java:427)
[22:05:02] [Server thread/INFO]: [java.lang.Throwable$WrappedPrintStream:println:748]: 	at net.minecraft.server.MinecraftServer$2.run(MinecraftServer.java:685)
[22:05:02] [Server thread/INFO]: [java.lang.Throwable$WrappedPrintStream:println:748]: Caused by: javax.script.ScriptException: TypeError: jp.kaiz.kaizpatch.rtm.rail.TileEntityLargeRailSectionCore@3eea27f5 has no such function "getWorldObj" in <eval> at line number 4573
[22:05:02] [Server thread/INFO]: [java.lang.Throwable$WrappedPrintStream:println:748]: 	at jdk.nashorn.api.scripting.NashornScriptEngine.throwAsScriptException(NashornScriptEngine.java:455)
[22:05:02] [Server thread/INFO]: [java.lang.Throwable$WrappedPrintStream:println:748]: 	at jdk.nashorn.api.scripting.NashornScriptEngine.invokeImpl(NashornScriptEngine.java:387)
[22:05:02] [Server thread/INFO]: [java.lang.Throwable$WrappedPrintStream:println:748]: 	at jdk.nashorn.api.scripting.NashornScriptEngine.invokeFunction(NashornScriptEngine.java:187)
[22:05:02] [Server thread/INFO]: [java.lang.Throwable$WrappedPrintStream:println:748]: 	at jp.ngt.ngtlib.io.ScriptUtil.doScriptFunction(ScriptUtil.java:58)
[22:05:02] [Server thread/INFO]: [java.lang.Throwable$WrappedPrintStream:println:748]: 	... 21 more
[22:05:02] [Server thread/INFO]: [java.lang.Throwable$WrappedPrintStream:println:748]: Caused by: <eval>:4573 TypeError: jp.kaiz.kaizpatch.rtm.rail.TileEntityLargeRailSectionCore@3eea27f5 has no such function "getWorldObj"
[22:05:02] [Server thread/INFO]: [java.lang.Throwable$WrappedPrintStream:println:748]: 	at jdk.nashorn.internal.runtime.ECMAErrors.error(ECMAErrors.java:57)
[22:05:02] [Server thread/INFO]: [java.lang.Throwable$WrappedPrintStream:println:748]: 	at jdk.nashorn.internal.runtime.ECMAErrors.typeError(ECMAErrors.java:213)
[22:05:02] [Server thread/INFO]: [java.lang.Throwable$WrappedPrintStream:println:748]: 	at jdk.nashorn.internal.runtime.ECMAErrors.typeError(ECMAErrors.java:185)
[22:05:02] [Server thread/INFO]: [java.lang.Throwable$WrappedPrintStream:println:748]: 	at jdk.nashorn.internal.runtime.ECMAErrors.typeError(ECMAErrors.java:172)
[22:05:02] [Server thread/INFO]: [java.lang.Throwable$WrappedPrintStream:println:748]: 	at jdk.nashorn.internal.runtime.linker.NashornBottomLinker.linkBean(NashornBottomLinker.java:103)
[22:05:02] [Server thread/INFO]: [java.lang.Throwable$WrappedPrintStream:println:748]: 	at jdk.nashorn.internal.runtime.linker.NashornBottomLinker.getGuardedInvocation(NashornBottomLinker.java:71)
[22:05:02] [Server thread/INFO]: [java.lang.Throwable$WrappedPrintStream:println:748]: 	at jdk.internal.dynalink.support.CompositeGuardingDynamicLinker.getGuardedInvocation(CompositeGuardingDynamicLinker.java:124)
[22:05:02] [Server thread/INFO]: [java.lang.Throwable$WrappedPrintStream:println:748]: 	at jdk.internal.dynalink.support.LinkerServicesImpl.getGuardedInvocation(LinkerServicesImpl.java:149)
[22:05:02] [Server thread/INFO]: [java.lang.Throwable$WrappedPrintStream:println:748]: 	at jdk.internal.dynalink.DynamicLinker.relink(DynamicLinker.java:233)
[22:05:02] [Server thread/INFO]: [java.lang.Throwable$WrappedPrintStream:println:748]: 	at jdk.nashorn.internal.scripts.Script$Recompilation$7614$188583AAAAAAAA$\^eval\_.RTMX_loadCompatTarget_kaizpatch_scripts_superrailbuilderx_RailPositionCompat_1suqebq$L:4466$RailPositionCompat$moveSectionedRailPosition(<eval>:4573)
[22:05:02] [Server thread/INFO]: [java.lang.Throwable$WrappedPrintStream:println:748]: 	at jdk.nashorn.internal.scripts.Script$Recompilation$7610$187411AAAAAAAA$\^eval\_.RTMX_loadCompatTarget_kaizpatch_scripts_superrailbuilderx_RailPositionCompat_1suqebq$L:4466$RailPositionCompat$moveRailPosition(<eval>:4537)
[22:05:02] [Server thread/INFO]: [java.lang.Throwable$WrappedPrintStream:println:748]: 	at jdk.nashorn.internal.scripts.Script$Recompilation$7607$200380AA$\^eval\_.applyRequest(<eval>:4807)
[22:05:02] [Server thread/INFO]: [java.lang.Throwable$WrappedPrintStream:println:748]: 	at jdk.nashorn.internal.scripts.Script$Recompilation$7571$201151AA$\^eval\_.onUpdate(<eval>:4843)
[22:05:02] [Server thread/INFO]: [java.lang.Throwable$WrappedPrintStream:println:748]: 	at jdk.nashorn.internal.runtime.ScriptFunctionData.invoke(ScriptFunctionData.java:640)
[22:05:02] [Server thread/INFO]: [java.lang.Throwable$WrappedPrintStream:println:748]: 	at jdk.nashorn.internal.runtime.ScriptFunction.invoke(ScriptFunction.java:229)
[22:05:02] [Server thread/INFO]: [java.lang.Throwable$WrappedPrintStream:println:748]: 	at jdk.nashorn.internal.runtime.ScriptRuntime.apply(ScriptRuntime.java:387)
[22:05:02] [Server thread/INFO]: [java.lang.Throwable$WrappedPrintStream:println:748]: 	at jdk.nashorn.api.scripting.ScriptObjectMirror.callMember(ScriptObjectMirror.java:192)
[22:05:02] [Server thread/INFO]: [java.lang.Throwable$WrappedPrintStream:println:748]: 	at jdk.nashorn.api.scripting.NashornScriptEngine.invokeImpl(NashornScriptEngine.java:381)
[22:05:02] [Server thread/INFO]: [java.lang.Throwable$WrappedPrintStream:println:748]: 	... 23 more
[22:05:02] [Server thread/INFO]: [java.lang.Throwable$WrappedPrintStream:println:748]: java.lang.RuntimeException: Script exec error : onUpdate
[22:05:02] [Server thread/INFO]: [java.lang.Throwable$WrappedPrintStream:println:748]: 	at jp.ngt.ngtlib.io.ScriptUtil.doScriptFunction(ScriptUtil.java:60)
[22:05:02] [Server thread/INFO]: [java.lang.Throwable$WrappedPrintStream:println:748]: 	at jp.ngt.ngtlib.io.ScriptUtil.doScriptIgnoreError(ScriptUtil.java:66)
[22:05:02] [Server thread/INFO]: [java.lang.Throwable$WrappedPrintStream:println:748]: 	at jp.ngt.rtm.modelpack.ScriptExecuter.callMethod(ScriptExecuter.java:24)
[22:05:02] [Server thread/INFO]: [java.lang.Throwable$WrappedPrintStream:println:748]: 	at jp.ngt.rtm.modelpack.ScriptExecuter.execScript(ScriptExecuter.java:36)
[22:05:02] [Server thread/INFO]: [java.lang.Throwable$WrappedPrintStream:println:748]: 	at jp.ngt.rtm.modelpack.ScriptExecuter.execScript(ScriptExecuter.java:30)
[22:05:02] [Server thread/INFO]: [java.lang.Throwable$WrappedPrintStream:println:748]: 	at jp.ngt.rtm.entity.vehicle.EntityVehicleBase.onVehicleUpdate(EntityVehicleBase.java:203)
[22:05:02] [Server thread/INFO]: [java.lang.Throwable$WrappedPrintStream:println:748]: 	at jp.ngt.rtm.entity.vehicle.EntityVehicle.onVehicleUpdate(EntityVehicle.java:66)
[22:05:02] [Server thread/INFO]: [java.lang.Throwable$WrappedPrintStream:println:748]: 	at jp.ngt.rtm.entity.vehicle.EntityVehicleBase.func_70071_h_(EntityVehicleBase.java:168)
[22:05:02] [Server thread/INFO]: [java.lang.Throwable$WrappedPrintStream:println:748]: 	at net.minecraft.entity.Entity.func_70098_U(Entity.java:1579)
[22:05:02] [Server thread/INFO]: [java.lang.Throwable$WrappedPrintStream:println:748]: 	at net.minecraft.world.World.func_72866_a(World.java:2066)
[22:05:02] [Server thread/INFO]: [java.lang.Throwable$WrappedPrintStream:println:748]: 	at net.minecraft.world.WorldServer.func_72866_a(WorldServer.java:648)
[22:05:02] [Server thread/INFO]: [java.lang.Throwable$WrappedPrintStream:println:748]: 	at net.minecraft.world.World.func_72870_g(World.java:2034)
[22:05:02] [Server thread/INFO]: [java.lang.Throwable$WrappedPrintStream:println:748]: 	at net.minecraft.world.World.func_72866_a(World.java:2129)
[22:05:02] [Server thread/INFO]: [java.lang.Throwable$WrappedPrintStream:println:748]: 	at net.minecraft.world.WorldServer.func_72866_a(WorldServer.java:648)
[22:05:02] [Server thread/INFO]: [java.lang.Throwable$WrappedPrintStream:println:748]: 	at net.minecraft.world.World.func_72870_g(World.java:2034)
[22:05:02] [Server thread/INFO]: [java.lang.Throwable$WrappedPrintStream:println:748]: 	at net.minecraft.world.World.func_72939_s(World.java:1887)
[22:05:02] [Server thread/INFO]: [java.lang.Throwable$WrappedPrintStream:println:748]: 	at net.minecraft.world.WorldServer.func_72939_s(WorldServer.java:489)
[22:05:02] [Server thread/INFO]: [java.lang.Throwable$WrappedPrintStream:println:748]: 	at net.minecraft.server.MinecraftServer.func_71190_q(MinecraftServer.java:636)
[22:05:02] [Server thread/INFO]: [java.lang.Throwable$WrappedPrintStream:println:748]: 	at net.minecraft.server.MinecraftServer.func_71217_p(MinecraftServer.java:547)
[22:05:02] [Server thread/INFO]: [java.lang.Throwable$WrappedPrintStream:println:748]: 	at net.minecraft.server.integrated.IntegratedServer.func_71217_p(IntegratedServer.java:111)
[22:05:02] [Server thread/INFO]: [java.lang.Throwable$WrappedPrintStream:println:748]: 	at net.minecraft.server.MinecraftServer.run(MinecraftServer.java:427)
[22:05:02] [Server thread/INFO]: [java.lang.Throwable$WrappedPrintStream:println:748]: 	at net.minecraft.server.MinecraftServer$2.run(MinecraftServer.java:685)
[22:05:02] [Server thread/INFO]: [java.lang.Throwable$WrappedPrintStream:println:748]: Caused by: javax.script.ScriptException: TypeError: jp.kaiz.kaizpatch.rtm.rail.TileEntityLargeRailSectionCore@3eea27f5 has no such function "getWorldObj" in <eval> at line number 4573
[22:05:02] [Server thread/INFO]: [java.lang.Throwable$WrappedPrintStream:println:748]: 	at jdk.nashorn.api.scripting.NashornScriptEngine.throwAsScriptException(NashornScriptEngine.java:455)
[22:05:02] [Server thread/INFO]: [java.lang.Throwable$WrappedPrintStream:println:748]: 	at jdk.nashorn.api.scripting.NashornScriptEngine.invokeImpl(NashornScriptEngine.java:387)
[22:05:02] [Server thread/INFO]: [java.lang.Throwable$WrappedPrintStream:println:748]: 	at jdk.nashorn.api.scripting.NashornScriptEngine.invokeFunction(NashornScriptEngine.java:187)
[22:05:02] [Server thread/INFO]: [java.lang.Throwable$WrappedPrintStream:println:748]: 	at jp.ngt.ngtlib.io.ScriptUtil.doScriptFunction(ScriptUtil.java:58)
[22:05:02] [Server thread/INFO]: [java.lang.Throwable$WrappedPrintStream:println:748]: 	... 21 more
[22:05:02] [Server thread/INFO]: [java.lang.Throwable$WrappedPrintStream:println:748]: Caused by: <eval>:4573 TypeError: jp.kaiz.kaizpatch.rtm.rail.TileEntityLargeRailSectionCore@3eea27f5 has no such function "getWorldObj"
[22:05:02] [Server thread/INFO]: [java.lang.Throwable$WrappedPrintStream:println:748]: 	at jdk.nashorn.internal.runtime.ECMAErrors.error(ECMAErrors.java:57)
[22:05:02] [Server thread/INFO]: [java.lang.Throwable$WrappedPrintStream:println:748]: 	at jdk.nashorn.internal.runtime.ECMAErrors.typeError(ECMAErrors.java:213)
[22:05:02] [Server thread/INFO]: [java.lang.Throwable$WrappedPrintStream:println:748]: 	at jdk.nashorn.internal.runtime.ECMAErrors.typeError(ECMAErrors.java:185)
[22:05:02] [Server thread/INFO]: [java.lang.Throwable$WrappedPrintStream:println:748]: 	at jdk.nashorn.internal.runtime.ECMAErrors.typeError(ECMAErrors.java:172)
[22:05:02] [Server thread/INFO]: [java.lang.Throwable$WrappedPrintStream:println:748]: 	at jdk.nashorn.internal.runtime.linker.NashornBottomLinker.linkBean(NashornBottomLinker.java:103)
[22:05:02] [Server thread/INFO]: [java.lang.Throwable$WrappedPrintStream:println:748]: 	at jdk.nashorn.internal.runtime.linker.NashornBottomLinker.getGuardedInvocation(NashornBottomLinker.java:71)
[22:05:02] [Server thread/INFO]: [java.lang.Throwable$WrappedPrintStream:println:748]: 	at jdk.internal.dynalink.support.CompositeGuardingDynamicLinker.getGuardedInvocation(CompositeGuardingDynamicLinker.java:124)
[22:05:02] [Server thread/INFO]: [java.lang.Throwable$WrappedPrintStream:println:748]: 	at jdk.internal.dynalink.support.LinkerServicesImpl.getGuardedInvocation(LinkerServicesImpl.java:149)
[22:05:02] [Server thread/INFO]: [java.lang.Throwable$WrappedPrintStream:println:748]: 	at jdk.internal.dynalink.DynamicLinker.relink(DynamicLinker.java:233)
[22:05:02] [Server thread/INFO]: [java.lang.Throwable$WrappedPrintStream:println:748]: 	at jdk.nashorn.internal.scripts.Script$Recompilation$7614$188583AAAAAAAA$\^eval\_.RTMX_loadCompatTarget_kaizpatch_scripts_superrailbuilderx_RailPositionCompat_1suqebq$L:4466$RailPositionCompat$moveSectionedRailPosition(<eval>:4573)
[22:05:02] [Server thread/INFO]: [java.lang.Throwable$WrappedPrintStream:println:748]: 	at jdk.nashorn.internal.scripts.Script$Recompilation$7610$187411AAAAAAAA$\^eval\_.RTMX_loadCompatTarget_kaizpatch_scripts_superrailbuilderx_RailPositionCompat_1suqebq$L:4466$RailPositionCompat$moveRailPosition(<eval>:4537)
[22:05:02] [Server thread/INFO]: [java.lang.Throwable$WrappedPrintStream:println:748]: 	at jdk.nashorn.internal.scripts.Script$Recompilation$7607$200380AA$\^eval\_.applyRequest(<eval>:4807)
[22:05:02] [Server thread/INFO]: [java.lang.Throwable$WrappedPrintStream:println:748]: 	at jdk.nashorn.internal.scripts.Script$Recompilation$7571$201151AA$\^eval\_.onUpdate(<eval>:4843)
[22:05:02] [Server thread/INFO]: [java.lang.Throwable$WrappedPrintStream:println:748]: 	at jdk.nashorn.internal.runtime.ScriptFunctionData.invoke(ScriptFunctionData.java:640)
[22:05:02] [Server thread/INFO]: [java.lang.Throwable$WrappedPrintStream:println:748]: 	at jdk.nashorn.internal.runtime.ScriptFunction.invoke(ScriptFunction.java:229)
[22:05:02] [Server thread/INFO]: [java.lang.Throwable$WrappedPrintStream:println:748]: 	at jdk.nashorn.internal.runtime.ScriptRuntime.apply(ScriptRuntime.java:387)
[22:05:02] [Server thread/INFO]: [java.lang.Throwable$WrappedPrintStream:println:748]: 	at jdk.nashorn.api.scripting.ScriptObjectMirror.callMember(ScriptObjectMirror.java:192)
[22:05:02] [Server thread/INFO]: [java.lang.Throwable$WrappedPrintStream:println:748]: 	at jdk.nashorn.api.scripting.NashornScriptEngine.invokeImpl(NashornScriptEngine.java:381)
[22:05:02] [Server thread/INFO]: [java.lang.Throwable$WrappedPrintStream:println:748]: 	... 23 more
[22:05:02] [Server thread/INFO]: [java.lang.Throwable$WrappedPrintStream:println:748]: java.lang.RuntimeException: Script exec error : onUpdate
[22:05:02] [Server thread/INFO]: [java.lang.Throwable$WrappedPrintStream:println:748]: 	at jp.ngt.ngtlib.io.ScriptUtil.doScriptFunction(ScriptUtil.java:60)
[22:05:02] [Server thread/INFO]: [java.lang.Throwable$WrappedPrintStream:println:748]: 	at jp.ngt.ngtlib.io.ScriptUtil.doScriptIgnoreError(ScriptUtil.java:66)
[22:05:02] [Server thread/INFO]: [java.lang.Throwable$WrappedPrintStream:println:748]: 	at jp.ngt.rtm.modelpack.ScriptExecuter.callMethod(ScriptExecuter.java:24)
[22:05:02] [Server thread/INFO]: [java.lang.Throwable$WrappedPrintStream:println:748]: 	at jp.ngt.rtm.modelpack.ScriptExecuter.execScript(ScriptExecuter.java:36)
[22:05:02] [Server thread/INFO]: [java.lang.Throwable$WrappedPrintStream:println:748]: 	at jp.ngt.rtm.modelpack.ScriptExecuter.execScript(ScriptExecuter.java:30)
[22:05:02] [Server thread/INFO]: [java.lang.Throwable$WrappedPrintStream:println:748]: 	at jp.ngt.rtm.entity.vehicle.EntityVehicleBase.onVehicleUpdate(EntityVehicleBase.java:203)
[22:05:02] [Server thread/INFO]: [java.lang.Throwable$WrappedPrintStream:println:748]: 	at jp.ngt.rtm.entity.vehicle.EntityVehicle.onVehicleUpdate(EntityVehicle.java:66)
[22:05:02] [Server thread/INFO]: [java.lang.Throwable$WrappedPrintStream:println:748]: 	at jp.ngt.rtm.entity.vehicle.EntityVehicleBase.func_70071_h_(EntityVehicleBase.java:168)
[22:05:02] [Server thread/INFO]: [java.lang.Throwable$WrappedPrintStream:println:748]: 	at net.minecraft.entity.Entity.func_70098_U(Entity.java:1579)
[22:05:02] [Server thread/INFO]: [java.lang.Throwable$WrappedPrintStream:println:748]: 	at net.minecraft.world.World.func_72866_a(World.java:2066)
[22:05:02] [Server thread/INFO]: [java.lang.Throwable$WrappedPrintStream:println:748]: 	at net.minecraft.world.WorldServer.func_72866_a(WorldServer.java:648)
[22:05:02] [Server thread/INFO]: [java.lang.Throwable$WrappedPrintStream:println:748]: 	at net.minecraft.world.World.func_72870_g(World.java:2034)
[22:05:02] [Server thread/INFO]: [java.lang.Throwable$WrappedPrintStream:println:748]: 	at net.minecraft.world.World.func_72866_a(World.java:2129)
[22:05:02] [Server thread/INFO]: [java.lang.Throwable$WrappedPrintStream:println:748]: 	at net.minecraft.world.WorldServer.func_72866_a(WorldServer.java:648)
[22:05:02] [Server thread/INFO]: [java.lang.Throwable$WrappedPrintStream:println:748]: 	at net.minecraft.world.World.func_72870_g(World.java:2034)
[22:05:02] [Server thread/INFO]: [java.lang.Throwable$WrappedPrintStream:println:748]: 	at net.minecraft.world.World.func_72939_s(World.java:1887)
[22:05:02] [Server thread/INFO]: [java.lang.Throwable$WrappedPrintStream:println:748]: 	at net.minecraft.world.WorldServer.func_72939_s(WorldServer.java:489)
[22:05:02] [Server thread/INFO]: [java.lang.Throwable$WrappedPrintStream:println:748]: 	at net.minecraft.server.MinecraftServer.func_71190_q(MinecraftServer.java:636)
[22:05:02] [Server thread/INFO]: [java.lang.Throwable$WrappedPrintStream:println:748]: 	at net.minecraft.server.MinecraftServer.func_71217_p(MinecraftServer.java:547)
[22:05:02] [Server thread/INFO]: [java.lang.Throwable$WrappedPrintStream:println:748]: 	at net.minecraft.server.integrated.IntegratedServer.func_71217_p(IntegratedServer.java:111)
[22:05:02] [Server thread/INFO]: [java.lang.Throwable$WrappedPrintStream:println:748]: 	at net.minecraft.server.MinecraftServer.run(MinecraftServer.java:427)
[22:05:02] [Server thread/INFO]: [java.lang.Throwable$WrappedPrintStream:println:748]: 	at net.minecraft.server.MinecraftServer$2.run(MinecraftServer.java:685)
[22:05:02] [Server thread/INFO]: [java.lang.Throwable$WrappedPrintStream:println:748]: Caused by: javax.script.ScriptException: TypeError: jp.kaiz.kaizpatch.rtm.rail.TileEntityLargeRailSectionCore@3eea27f5 has no such function "getWorldObj" in <eval> at line number 4573
[22:05:02] [Server thread/INFO]: [java.lang.Throwable$WrappedPrintStream:println:748]: 	at jdk.nashorn.api.scripting.NashornScriptEngine.throwAsScriptException(NashornScriptEngine.java:455)
[22:05:02] [Server thread/INFO]: [java.lang.Throwable$WrappedPrintStream:println:748]: 	at jdk.nashorn.api.scripting.NashornScriptEngine.invokeImpl(NashornScriptEngine.java:387)
[22:05:02] [Server thread/INFO]: [java.lang.Throwable$WrappedPrintStream:println:748]: 	at jdk.nashorn.api.scripting.NashornScriptEngine.invokeFunction(NashornScriptEngine.java:187)
[22:05:02] [Server thread/INFO]: [java.lang.Throwable$WrappedPrintStream:println:748]: 	at jp.ngt.ngtlib.io.ScriptUtil.doScriptFunction(ScriptUtil.java:58)
[22:05:02] [Server thread/INFO]: [java.lang.Throwable$WrappedPrintStream:println:748]: 	... 21 more
[22:05:02] [Server thread/INFO]: [java.lang.Throwable$WrappedPrintStream:println:748]: Caused by: <eval>:4573 TypeError: jp.kaiz.kaizpatch.rtm.rail.TileEntityLargeRailSectionCore@3eea27f5 has no such function "getWorldObj"
[22:05:02] [Server thread/INFO]: [java.lang.Throwable$WrappedPrintStream:println:748]: 	at jdk.nashorn.internal.runtime.ECMAErrors.error(ECMAErrors.java:57)
[22:05:02] [Server thread/INFO]: [java.lang.Throwable$WrappedPrintStream:println:748]: 	at jdk.nashorn.internal.runtime.ECMAErrors.typeError(ECMAErrors.java:213)
[22:05:02] [Server thread/INFO]: [java.lang.Throwable$WrappedPrintStream:println:748]: 	at jdk.nashorn.internal.runtime.ECMAErrors.typeError(ECMAErrors.java:185)
[22:05:02] [Server thread/INFO]: [java.lang.Throwable$WrappedPrintStream:println:748]: 	at jdk.nashorn.internal.runtime.ECMAErrors.typeError(ECMAErrors.java:172)
[22:05:02] [Server thread/INFO]: [java.lang.Throwable$WrappedPrintStream:println:748]: 	at jdk.nashorn.internal.runtime.linker.NashornBottomLinker.linkBean(NashornBottomLinker.java:103)
[22:05:02] [Server thread/INFO]: [java.lang.Throwable$WrappedPrintStream:println:748]: 	at jdk.nashorn.internal.runtime.linker.NashornBottomLinker.getGuardedInvocation(NashornBottomLinker.java:71)
[22:05:02] [Server thread/INFO]: [java.lang.Throwable$WrappedPrintStream:println:748]: 	at jdk.internal.dynalink.support.CompositeGuardingDynamicLinker.getGuardedInvocation(CompositeGuardingDynamicLinker.java:124)
[22:05:02] [Server thread/INFO]: [java.lang.Throwable$WrappedPrintStream:println:748]: 	at jdk.internal.dynalink.support.LinkerServicesImpl.getGuardedInvocation(LinkerServicesImpl.java:149)
[22:05:02] [Server thread/INFO]: [java.lang.Throwable$WrappedPrintStream:println:748]: 	at jdk.internal.dynalink.DynamicLinker.relink(DynamicLinker.java:233)
[22:05:02] [Server thread/INFO]: [java.lang.Throwable$WrappedPrintStream:println:748]: 	at jdk.nashorn.internal.scripts.Script$Recompilation$7614$188583AAAAAAAA$\^eval\_.RTMX_loadCompatTarget_kaizpatch_scripts_superrailbuilderx_RailPositionCompat_1suqebq$L:4466$RailPositionCompat$moveSectionedRailPosition(<eval>:4573)
[22:05:02] [Server thread/INFO]: [java.lang.Throwable$WrappedPrintStream:println:748]: 	at jdk.nashorn.internal.scripts.Script$Recompilation$7610$187411AAAAAAAA$\^eval\_.RTMX_loadCompatTarget_kaizpatch_scripts_superrailbuilderx_RailPositionCompat_1suqebq$L:4466$RailPositionCompat$moveRailPosition(<eval>:4537)
[22:05:02] [Server thread/INFO]: [java.lang.Throwable$WrappedPrintStream:println:748]: 	at jdk.nashorn.internal.scripts.Script$Recompilation$7607$200380AA$\^eval\_.applyRequest(<eval>:4807)
[22:05:02] [Server thread/INFO]: [java.lang.Throwable$WrappedPrintStream:println:748]: 	at jdk.nashorn.internal.scripts.Script$Recompilation$7571$201151AA$\^eval\_.onUpdate(<eval>:4843)
[22:05:02] [Server thread/INFO]: [java.lang.Throwable$WrappedPrintStream:println:748]: 	at jdk.nashorn.internal.runtime.ScriptFunctionData.invoke(ScriptFunctionData.java:640)
[22:05:02] [Server thread/INFO]: [java.lang.Throwable$WrappedPrintStream:println:748]: 	at jdk.nashorn.internal.runtime.ScriptFunction.invoke(ScriptFunction.java:229)
[22:05:02] [Server thread/INFO]: [java.lang.Throwable$WrappedPrintStream:println:748]: 	at jdk.nashorn.internal.runtime.ScriptRuntime.apply(ScriptRuntime.java:387)
[22:05:02] [Server thread/INFO]: [java.lang.Throwable$WrappedPrintStream:println:748]: 	at jdk.nashorn.api.scripting.ScriptObjectMirror.callMember(ScriptObjectMirror.java:192)
[22:05:02] [Server thread/INFO]: [java.lang.Throwable$WrappedPrintStream:println:748]: 	at jdk.nashorn.api.scripting.NashornScriptEngine.invokeImpl(NashornScriptEngine.java:381)
[22:05:02] [Server thread/INFO]: [java.lang.Throwable$WrappedPrintStream:println:748]: 	... 23 more
[22:05:02] [Server thread/INFO]: [java.lang.Throwable$WrappedPrintStream:println:748]: java.lang.RuntimeException: Script exec error : onUpdate
[22:05:02] [Server thread/INFO]: [java.lang.Throwable$WrappedPrintStream:println:748]: 	at jp.ngt.ngtlib.io.ScriptUtil.doScriptFunction(ScriptUtil.java:60)
[22:05:02] [Server thread/INFO]: [java.lang.Throwable$WrappedPrintStream:println:748]: 	at jp.ngt.ngtlib.io.ScriptUtil.doScriptIgnoreError(ScriptUtil.java:66)
[22:05:02] [Server thread/INFO]: [java.lang.Throwable$WrappedPrintStream:println:748]: 	at jp.ngt.rtm.modelpack.ScriptExecuter.callMethod(ScriptExecuter.java:24)
[22:05:02] [Server thread/INFO]: [java.lang.Throwable$WrappedPrintStream:println:748]: 	at jp.ngt.rtm.modelpack.ScriptExecuter.execScript(ScriptExecuter.java:36)
[22:05:02] [Server thread/INFO]: [java.lang.Throwable$WrappedPrintStream:println:748]: 	at jp.ngt.rtm.modelpack.ScriptExecuter.execScript(ScriptExecuter.java:30)
[22:05:02] [Server thread/INFO]: [java.lang.Throwable$WrappedPrintStream:println:748]: 	at jp.ngt.rtm.entity.vehicle.EntityVehicleBase.onVehicleUpdate(EntityVehicleBase.java:203)
[22:05:02] [Server thread/INFO]: [java.lang.Throwable$WrappedPrintStream:println:748]: 	at jp.ngt.rtm.entity.vehicle.EntityVehicle.onVehicleUpdate(EntityVehicle.java:66)
[22:05:02] [Server thread/INFO]: [java.lang.Throwable$WrappedPrintStream:println:748]: 	at jp.ngt.rtm.entity.vehicle.EntityVehicleBase.func_70071_h_(EntityVehicleBase.java:168)
[22:05:02] [Server thread/INFO]: [java.lang.Throwable$WrappedPrintStream:println:748]: 	at net.minecraft.entity.Entity.func_70098_U(Entity.java:1579)
[22:05:02] [Server thread/INFO]: [java.lang.Throwable$WrappedPrintStream:println:748]: 	at net.minecraft.world.World.func_72866_a(World.java:2066)
[22:05:02] [Server thread/INFO]: [java.lang.Throwable$WrappedPrintStream:println:748]: 	at net.minecraft.world.WorldServer.func_72866_a(WorldServer.java:648)
[22:05:02] [Server thread/INFO]: [java.lang.Throwable$WrappedPrintStream:println:748]: 	at net.minecraft.world.World.func_72870_g(World.java:2034)
[22:05:02] [Server thread/INFO]: [java.lang.Throwable$WrappedPrintStream:println:748]: 	at net.minecraft.world.World.func_72866_a(World.java:2129)
[22:05:02] [Server thread/INFO]: [java.lang.Throwable$WrappedPrintStream:println:748]: 	at net.minecraft.world.WorldServer.func_72866_a(WorldServer.java:648)
[22:05:02] [Server thread/INFO]: [java.lang.Throwable$WrappedPrintStream:println:748]: 	at net.minecraft.world.World.func_72870_g(World.java:2034)
[22:05:02] [Server thread/INFO]: [java.lang.Throwable$WrappedPrintStream:println:748]: 	at net.minecraft.world.World.func_72939_s(World.java:1887)
[22:05:02] [Server thread/INFO]: [java.lang.Throwable$WrappedPrintStream:println:748]: 	at net.minecraft.world.WorldServer.func_72939_s(WorldServer.java:489)
[22:05:02] [Server thread/INFO]: [java.lang.Throwable$WrappedPrintStream:println:748]: 	at net.minecraft.server.MinecraftServer.func_71190_q(MinecraftServer.java:636)
[22:05:02] [Server thread/INFO]: [java.lang.Throwable$WrappedPrintStream:println:748]: 	at net.minecraft.server.MinecraftServer.func_71217_p(MinecraftServer.java:547)
[22:05:02] [Server thread/INFO]: [java.lang.Throwable$WrappedPrintStream:println:748]: 	at net.minecraft.server.integrated.IntegratedServer.func_71217_p(IntegratedServer.java:111)
[22:05:02] [Server thread/INFO]: [java.lang.Throwable$WrappedPrintStream:println:748]: 	at net.minecraft.server.MinecraftServer.run(MinecraftServer.java:427)
[22:05:02] [Server thread/INFO]: [java.lang.Throwable$WrappedPrintStream:println:748]: 	at net.minecraft.server.MinecraftServer$2.run(MinecraftServer.java:685)
[22:05:02] [Server thread/INFO]: [java.lang.Throwable$WrappedPrintStream:println:748]: Caused by: javax.script.ScriptException: TypeError: jp.kaiz.kaizpatch.rtm.rail.TileEntityLargeRailSectionCore@3eea27f5 has no such function "getWorldObj" in <eval> at line number 4573
[22:05:02] [Server thread/INFO]: [java.lang.Throwable$WrappedPrintStream:println:748]: 	at jdk.nashorn.api.scripting.NashornScriptEngine.throwAsScriptException(NashornScriptEngine.java:455)
[22:05:02] [Server thread/INFO]: [java.lang.Throwable$WrappedPrintStream:println:748]: 	at jdk.nashorn.api.scripting.NashornScriptEngine.invokeImpl(NashornScriptEngine.java:387)
[22:05:02] [Server thread/INFO]: [java.lang.Throwable$WrappedPrintStream:println:748]: 	at jdk.nashorn.api.scripting.NashornScriptEngine.invokeFunction(NashornScriptEngine.java:187)
[22:05:02] [Server thread/INFO]: [java.lang.Throwable$WrappedPrintStream:println:748]: 	at jp.ngt.ngtlib.io.ScriptUtil.doScriptFunction(ScriptUtil.java:58)
[22:05:02] [Server thread/INFO]: [java.lang.Throwable$WrappedPrintStream:println:748]: 	... 21 more
[22:05:02] [Server thread/INFO]: [java.lang.Throwable$WrappedPrintStream:println:748]: Caused by: <eval>:4573 TypeError: jp.kaiz.kaizpatch.rtm.rail.TileEntityLargeRailSectionCore@3eea27f5 has no such function "getWorldObj"
[22:05:02] [Server thread/INFO]: [java.lang.Throwable$WrappedPrintStream:println:748]: 	at jdk.nashorn.internal.runtime.ECMAErrors.error(ECMAErrors.java:57)
[22:05:02] [Server thread/INFO]: [java.lang.Throwable$WrappedPrintStream:println:748]: 	at jdk.nashorn.internal.runtime.ECMAErrors.typeError(ECMAErrors.java:213)
[22:05:02] [Server thread/INFO]: [java.lang.Throwable$WrappedPrintStream:println:748]: 	at jdk.nashorn.internal.runtime.ECMAErrors.typeError(ECMAErrors.java:185)
[22:05:02] [Server thread/INFO]: [java.lang.Throwable$WrappedPrintStream:println:748]: 	at jdk.nashorn.internal.runtime.ECMAErrors.typeError(ECMAErrors.java:172)
[22:05:02] [Server thread/INFO]: [java.lang.Throwable$WrappedPrintStream:println:748]: 	at jdk.nashorn.internal.runtime.linker.NashornBottomLinker.linkBean(NashornBottomLinker.java:103)
[22:05:02] [Server thread/INFO]: [java.lang.Throwable$WrappedPrintStream:println:748]: 	at jdk.nashorn.internal.runtime.linker.NashornBottomLinker.getGuardedInvocation(NashornBottomLinker.java:71)
[22:05:02] [Server thread/INFO]: [java.lang.Throwable$WrappedPrintStream:println:748]: 	at jdk.internal.dynalink.support.CompositeGuardingDynamicLinker.getGuardedInvocation(CompositeGuardingDynamicLinker.java:124)
[22:05:02] [Server thread/INFO]: [java.lang.Throwable$WrappedPrintStream:println:748]: 	at jdk.internal.dynalink.support.LinkerServicesImpl.getGuardedInvocation(LinkerServicesImpl.java:149)
[22:05:02] [Server thread/INFO]: [java.lang.Throwable$WrappedPrintStream:println:748]: 	at jdk.internal.dynalink.DynamicLinker.relink(DynamicLinker.java:233)
[22:05:02] [Server thread/INFO]: [java.lang.Throwable$WrappedPrintStream:println:748]: 	at jdk.nashorn.internal.scripts.Script$Recompilation$7614$188583AAAAAAAA$\^eval\_.RTMX_loadCompatTarget_kaizpatch_scripts_superrailbuilderx_RailPositionCompat_1suqebq$L:4466$RailPositionCompat$moveSectionedRailPosition(<eval>:4573)
[22:05:02] [Server thread/INFO]: [java.lang.Throwable$WrappedPrintStream:println:748]: 	at jdk.nashorn.internal.scripts.Script$Recompilation$7610$187411AAAAAAAA$\^eval\_.RTMX_loadCompatTarget_kaizpatch_scripts_superrailbuilderx_RailPositionCompat_1suqebq$L:4466$RailPositionCompat$moveRailPosition(<eval>:4537)
[22:05:02] [Server thread/INFO]: [java.lang.Throwable$WrappedPrintStream:println:748]: 	at jdk.nashorn.internal.scripts.Script$Recompilation$7607$200380AA$\^eval\_.applyRequest(<eval>:4807)
[22:05:02] [Server thread/INFO]: [java.lang.Throwable$WrappedPrintStream:println:748]: 	at jdk.nashorn.internal.scripts.Script$Recompilation$7571$201151AA$\^eval\_.onUpdate(<eval>:4843)
[22:05:02] [Server thread/INFO]: [java.lang.Throwable$WrappedPrintStream:println:748]: 	at jdk.nashorn.internal.runtime.ScriptFunctionData.invoke(ScriptFunctionData.java:640)
[22:05:02] [Server thread/INFO]: [java.lang.Throwable$WrappedPrintStream:println:748]: 	at jdk.nashorn.internal.runtime.ScriptFunction.invoke(ScriptFunction.java:229)
[22:05:02] [Server thread/INFO]: [java.lang.Throwable$WrappedPrintStream:println:748]: 	at jdk.nashorn.internal.runtime.ScriptRuntime.apply(ScriptRuntime.java:387)
[22:05:02] [Server thread/INFO]: [java.lang.Throwable$WrappedPrintStream:println:748]: 	at jdk.nashorn.api.scripting.ScriptObjectMirror.callMember(ScriptObjectMirror.java:192)
[22:05:02] [Server thread/INFO]: [java.lang.Throwable$WrappedPrintStream:println:748]: 	at jdk.nashorn.api.scripting.NashornScriptEngine.invokeImpl(NashornScriptEngine.java:381)
[22:05:02] [Server thread/INFO]: [java.lang.Throwable$WrappedPrintStream:println:748]: 	... 23 more
[22:05:02] [Server thread/INFO]: [java.lang.Throwable$WrappedPrintStream:println:748]: java.lang.RuntimeException: Script exec error : onUpdate
[22:05:02] [Server thread/INFO]: [java.lang.Throwable$WrappedPrintStream:println:748]: 	at jp.ngt.ngtlib.io.ScriptUtil.doScriptFunction(ScriptUtil.java:60)
[22:05:02] [Server thread/INFO]: [java.lang.Throwable$WrappedPrintStream:println:748]: 	at jp.ngt.ngtlib.io.ScriptUtil.doScriptIgnoreError(ScriptUtil.java:66)
[22:05:02] [Server thread/INFO]: [java.lang.Throwable$WrappedPrintStream:println:748]: 	at jp.ngt.rtm.modelpack.ScriptExecuter.callMethod(ScriptExecuter.java:24)
[22:05:02] [Server thread/INFO]: [java.lang.Throwable$WrappedPrintStream:println:748]: 	at jp.ngt.rtm.modelpack.ScriptExecuter.execScript(ScriptExecuter.java:36)
[22:05:02] [Server thread/INFO]: [java.lang.Throwable$WrappedPrintStream:println:748]: 	at jp.ngt.rtm.modelpack.ScriptExecuter.execScript(ScriptExecuter.java:30)
[22:05:02] [Server thread/INFO]: [java.lang.Throwable$WrappedPrintStream:println:748]: 	at jp.ngt.rtm.entity.vehicle.EntityVehicleBase.onVehicleUpdate(EntityVehicleBase.java:203)
[22:05:02] [Server thread/INFO]: [java.lang.Throwable$WrappedPrintStream:println:748]: 	at jp.ngt.rtm.entity.vehicle.EntityVehicle.onVehicleUpdate(EntityVehicle.java:66)
[22:05:02] [Server thread/INFO]: [java.lang.Throwable$WrappedPrintStream:println:748]: 	at jp.ngt.rtm.entity.vehicle.EntityVehicleBase.func_70071_h_(EntityVehicleBase.java:168)
[22:05:02] [Server thread/INFO]: [java.lang.Throwable$WrappedPrintStream:println:748]: 	at net.minecraft.entity.Entity.func_70098_U(Entity.java:1579)
[22:05:02] [Server thread/INFO]: [java.lang.Throwable$WrappedPrintStream:println:748]: 	at net.minecraft.world.World.func_72866_a(World.java:2066)
[22:05:02] [Server thread/INFO]: [java.lang.Throwable$WrappedPrintStream:println:748]: 	at net.minecraft.world.WorldServer.func_72866_a(WorldServer.java:648)
[22:05:02] [Server thread/INFO]: [java.lang.Throwable$WrappedPrintStream:println:748]: 	at net.minecraft.world.World.func_72870_g(World.java:2034)
[22:05:02] [Server thread/INFO]: [java.lang.Throwable$WrappedPrintStream:println:748]: 	at net.minecraft.world.World.func_72866_a(World.java:2129)
[22:05:02] [Server thread/INFO]: [java.lang.Throwable$WrappedPrintStream:println:748]: 	at net.minecraft.world.WorldServer.func_72866_a(WorldServer.java:648)
[22:05:02] [Server thread/INFO]: [java.lang.Throwable$WrappedPrintStream:println:748]: 	at net.minecraft.world.World.func_72870_g(World.java:2034)
[22:05:02] [Server thread/INFO]: [java.lang.Throwable$WrappedPrintStream:println:748]: 	at net.minecraft.world.World.func_72939_s(World.java:1887)
[22:05:02] [Server thread/INFO]: [java.lang.Throwable$WrappedPrintStream:println:748]: 	at net.minecraft.world.WorldServer.func_72939_s(WorldServer.java:489)
[22:05:02] [Server thread/INFO]: [java.lang.Throwable$WrappedPrintStream:println:748]: 	at net.minecraft.server.MinecraftServer.func_71190_q(MinecraftServer.java:636)
[22:05:02] [Server thread/INFO]: [java.lang.Throwable$WrappedPrintStream:println:748]: 	at net.minecraft.server.MinecraftServer.func_71217_p(MinecraftServer.java:547)
[22:05:02] [Server thread/INFO]: [java.lang.Throwable$WrappedPrintStream:println:748]: 	at net.minecraft.server.integrated.IntegratedServer.func_71217_p(IntegratedServer.java:111)
[22:05:02] [Server thread/INFO]: [java.lang.Throwable$WrappedPrintStream:println:748]: 	at net.minecraft.server.MinecraftServer.run(MinecraftServer.java:427)
[22:05:02] [Server thread/INFO]: [java.lang.Throwable$WrappedPrintStream:println:748]: 	at net.minecraft.server.MinecraftServer$2.run(MinecraftServer.java:685)
[22:05:02] [Server thread/INFO]: [java.lang.Throwable$WrappedPrintStream:println:748]: Caused by: javax.script.ScriptException: TypeError: jp.kaiz.kaizpatch.rtm.rail.TileEntityLargeRailSectionCore@3eea27f5 has no such function "getWorldObj" in <eval> at line number 4573
[22:05:02] [Server thread/INFO]: [java.lang.Throwable$WrappedPrintStream:println:748]: 	at jdk.nashorn.api.scripting.NashornScriptEngine.throwAsScriptException(NashornScriptEngine.java:455)
[22:05:02] [Server thread/INFO]: [java.lang.Throwable$WrappedPrintStream:println:748]: 	at jdk.nashorn.api.scripting.NashornScriptEngine.invokeImpl(NashornScriptEngine.java:387)
[22:05:02] [Server thread/INFO]: [java.lang.Throwable$WrappedPrintStream:println:748]: 	at jdk.nashorn.api.scripting.NashornScriptEngine.invokeFunction(NashornScriptEngine.java:187)
[22:05:02] [Server thread/INFO]: [java.lang.Throwable$WrappedPrintStream:println:748]: 	at jp.ngt.ngtlib.io.ScriptUtil.doScriptFunction(ScriptUtil.java:58)
[22:05:02] [Server thread/INFO]: [java.lang.Throwable$WrappedPrintStream:println:748]: 	... 21 more
[22:05:02] [Server thread/INFO]: [java.lang.Throwable$WrappedPrintStream:println:748]: Caused by: <eval>:4573 TypeError: jp.kaiz.kaizpatch.rtm.rail.TileEntityLargeRailSectionCore@3eea27f5 has no such function "getWorldObj"
[22:05:02] [Server thread/INFO]: [java.lang.Throwable$WrappedPrintStream:println:748]: 	at jdk.nashorn.internal.runtime.ECMAErrors.error(ECMAErrors.java:57)
[22:05:02] [Server thread/INFO]: [java.lang.Throwable$WrappedPrintStream:println:748]: 	at jdk.nashorn.internal.runtime.ECMAErrors.typeError(ECMAErrors.java:213)
[22:05:02] [Server thread/INFO]: [java.lang.Throwable$WrappedPrintStream:println:748]: 	at jdk.nashorn.internal.runtime.ECMAErrors.typeError(ECMAErrors.java:185)
[22:05:02] [Server thread/INFO]: [java.lang.Throwable$WrappedPrintStream:println:748]: 	at jdk.nashorn.internal.runtime.ECMAErrors.typeError(ECMAErrors.java:172)
[22:05:02] [Server thread/INFO]: [java.lang.Throwable$WrappedPrintStream:println:748]: 	at jdk.nashorn.internal.runtime.linker.NashornBottomLinker.linkBean(NashornBottomLinker.java:103)
[22:05:02] [Server thread/INFO]: [java.lang.Throwable$WrappedPrintStream:println:748]: 	at jdk.nashorn.internal.runtime.linker.NashornBottomLinker.getGuardedInvocation(NashornBottomLinker.java:71)
[22:05:02] [Server thread/INFO]: [java.lang.Throwable$WrappedPrintStream:println:748]: 	at jdk.internal.dynalink.support.CompositeGuardingDynamicLinker.getGuardedInvocation(CompositeGuardingDynamicLinker.java:124)
[22:05:02] [Server thread/INFO]: [java.lang.Throwable$WrappedPrintStream:println:748]: 	at jdk.internal.dynalink.support.LinkerServicesImpl.getGuardedInvocation(LinkerServicesImpl.java:149)
[22:05:02] [Server thread/INFO]: [java.lang.Throwable$WrappedPrintStream:println:748]: 	at jdk.internal.dynalink.DynamicLinker.relink(DynamicLinker.java:233)
[22:05:02] [Server thread/INFO]: [java.lang.Throwable$WrappedPrintStream:println:748]: 	at jdk.nashorn.internal.scripts.Script$Recompilation$7614$188583AAAAAAAA$\^eval\_.RTMX_loadCompatTarget_kaizpatch_scripts_superrailbuilderx_RailPositionCompat_1suqebq$L:4466$RailPositionCompat$moveSectionedRailPosition(<eval>:4573)
[22:05:02] [Server thread/INFO]: [java.lang.Throwable$WrappedPrintStream:println:748]: 	at jdk.nashorn.internal.scripts.Script$Recompilation$7610$187411AAAAAAAA$\^eval\_.RTMX_loadCompatTarget_kaizpatch_scripts_superrailbuilderx_RailPositionCompat_1suqebq$L:4466$RailPositionCompat$moveRailPosition(<eval>:4537)
[22:05:02] [Server thread/INFO]: [java.lang.Throwable$WrappedPrintStream:println:748]: 	at jdk.nashorn.internal.scripts.Script$Recompilation$7607$200380AA$\^eval\_.applyRequest(<eval>:4807)
[22:05:02] [Server thread/INFO]: [java.lang.Throwable$WrappedPrintStream:println:748]: 	at jdk.nashorn.internal.scripts.Script$Recompilation$7571$201151AA$\^eval\_.onUpdate(<eval>:4843)
[22:05:02] [Server thread/INFO]: [java.lang.Throwable$WrappedPrintStream:println:748]: 	at jdk.nashorn.internal.runtime.ScriptFunctionData.invoke(ScriptFunctionData.java:640)
[22:05:02] [Server thread/INFO]: [java.lang.Throwable$WrappedPrintStream:println:748]: 	at jdk.nashorn.internal.runtime.ScriptFunction.invoke(ScriptFunction.java:229)
[22:05:02] [Server thread/INFO]: [java.lang.Throwable$WrappedPrintStream:println:748]: 	at jdk.nashorn.internal.runtime.ScriptRuntime.apply(ScriptRuntime.java:387)
[22:05:02] [Server thread/INFO]: [java.lang.Throwable$WrappedPrintStream:println:748]: 	at jdk.nashorn.api.scripting.ScriptObjectMirror.callMember(ScriptObjectMirror.java:192)
[22:05:02] [Server thread/INFO]: [java.lang.Throwable$WrappedPrintStream:println:748]: 	at jdk.nashorn.api.scripting.NashornScriptEngine.invokeImpl(NashornScriptEngine.java:381)
[22:05:02] [Server thread/INFO]: [java.lang.Throwable$WrappedPrintStream:println:748]: 	... 23 more
[22:05:02] [Server thread/INFO]: [java.lang.Throwable$WrappedPrintStream:println:748]: java.lang.RuntimeException: Script exec error : onUpdate
[22:05:02] [Server thread/INFO]: [java.lang.Throwable$WrappedPrintStream:println:748]: 	at jp.ngt.ngtlib.io.ScriptUtil.doScriptFunction(ScriptUtil.java:60)
[22:05:02] [Server thread/INFO]: [java.lang.Throwable$WrappedPrintStream:println:748]: 	at jp.ngt.ngtlib.io.ScriptUtil.doScriptIgnoreError(ScriptUtil.java:66)
[22:05:02] [Server thread/INFO]: [java.lang.Throwable$WrappedPrintStream:println:748]: 	at jp.ngt.rtm.modelpack.ScriptExecuter.callMethod(ScriptExecuter.java:24)
[22:05:02] [Server thread/INFO]: [java.lang.Throwable$WrappedPrintStream:println:748]: 	at jp.ngt.rtm.modelpack.ScriptExecuter.execScript(ScriptExecuter.java:36)
[22:05:02] [Server thread/INFO]: [java.lang.Throwable$WrappedPrintStream:println:748]: 	at jp.ngt.rtm.modelpack.ScriptExecuter.execScript(ScriptExecuter.java:30)
[22:05:02] [Server thread/INFO]: [java.lang.Throwable$WrappedPrintStream:println:748]: 	at jp.ngt.rtm.entity.vehicle.EntityVehicleBase.onVehicleUpdate(EntityVehicleBase.java:203)
[22:05:02] [Server thread/INFO]: [java.lang.Throwable$WrappedPrintStream:println:748]: 	at jp.ngt.rtm.entity.vehicle.EntityVehicle.onVehicleUpdate(EntityVehicle.java:66)
[22:05:02] [Server thread/INFO]: [java.lang.Throwable$WrappedPrintStream:println:748]: 	at jp.ngt.rtm.entity.vehicle.EntityVehicleBase.func_70071_h_(EntityVehicleBase.java:168)
[22:05:02] [Server thread/INFO]: [java.lang.Throwable$WrappedPrintStream:println:748]: 	at net.minecraft.entity.Entity.func_70098_U(Entity.java:1579)
[22:05:02] [Server thread/INFO]: [java.lang.Throwable$WrappedPrintStream:println:748]: 	at net.minecraft.world.World.func_72866_a(World.java:2066)
[22:05:02] [Server thread/INFO]: [java.lang.Throwable$WrappedPrintStream:println:748]: 	at net.minecraft.world.WorldServer.func_72866_a(WorldServer.java:648)
[22:05:02] [Server thread/INFO]: [java.lang.Throwable$WrappedPrintStream:println:748]: 	at net.minecraft.world.World.func_72870_g(World.java:2034)
[22:05:02] [Server thread/INFO]: [java.lang.Throwable$WrappedPrintStream:println:748]: 	at net.minecraft.world.World.func_72866_a(World.java:2129)
[22:05:02] [Server thread/INFO]: [java.lang.Throwable$WrappedPrintStream:println:748]: 	at net.minecraft.world.WorldServer.func_72866_a(WorldServer.java:648)
[22:05:02] [Server thread/INFO]: [java.lang.Throwable$WrappedPrintStream:println:748]: 	at net.minecraft.world.World.func_72870_g(World.java:2034)
[22:05:02] [Server thread/INFO]: [java.lang.Throwable$WrappedPrintStream:println:748]: 	at net.minecraft.world.World.func_72939_s(World.java:1887)
[22:05:02] [Server thread/INFO]: [java.lang.Throwable$WrappedPrintStream:println:748]: 	at net.minecraft.world.WorldServer.func_72939_s(WorldServer.java:489)
[22:05:02] [Server thread/INFO]: [java.lang.Throwable$WrappedPrintStream:println:748]: 	at net.minecraft.server.MinecraftServer.func_71190_q(MinecraftServer.java:636)
[22:05:02] [Server thread/INFO]: [java.lang.Throwable$WrappedPrintStream:println:748]: 	at net.minecraft.server.MinecraftServer.func_71217_p(MinecraftServer.java:547)
[22:05:02] [Server thread/INFO]: [java.lang.Throwable$WrappedPrintStream:println:748]: 	at net.minecraft.server.integrated.IntegratedServer.func_71217_p(IntegratedServer.java:111)
[22:05:02] [Server thread/INFO]: [java.lang.Throwable$WrappedPrintStream:println:748]: 	at net.minecraft.server.MinecraftServer.run(MinecraftServer.java:427)
[22:05:02] [Server thread/INFO]: [java.lang.Throwable$WrappedPrintStream:println:748]: 	at net.minecraft.server.MinecraftServer$2.run(MinecraftServer.java:685)
[22:05:02] [Server thread/INFO]: [java.lang.Throwable$WrappedPrintStream:println:748]: Caused by: javax.script.ScriptException: TypeError: jp.kaiz.kaizpatch.rtm.rail.TileEntityLargeRailSectionCore@3eea27f5 has no such function "getWorldObj" in <eval> at line number 4573
[22:05:02] [Server thread/INFO]: [java.lang.Throwable$WrappedPrintStream:println:748]: 	at jdk.nashorn.api.scripting.NashornScriptEngine.throwAsScriptException(NashornScriptEngine.java:455)
[22:05:02] [Server thread/INFO]: [java.lang.Throwable$WrappedPrintStream:println:748]: 	at jdk.nashorn.api.scripting.NashornScriptEngine.invokeImpl(NashornScriptEngine.java:387)
[22:05:02] [Server thread/INFO]: [java.lang.Throwable$WrappedPrintStream:println:748]: 	at jdk.nashorn.api.scripting.NashornScriptEngine.invokeFunction(NashornScriptEngine.java:187)
[22:05:02] [Server thread/INFO]: [java.lang.Throwable$WrappedPrintStream:println:748]: 	at jp.ngt.ngtlib.io.ScriptUtil.doScriptFunction(ScriptUtil.java:58)
[22:05:02] [Server thread/INFO]: [java.lang.Throwable$WrappedPrintStream:println:748]: 	... 21 more
[22:05:02] [Server thread/INFO]: [java.lang.Throwable$WrappedPrintStream:println:748]: Caused by: <eval>:4573 TypeError: jp.kaiz.kaizpatch.rtm.rail.TileEntityLargeRailSectionCore@3eea27f5 has no such function "getWorldObj"
[22:05:02] [Server thread/INFO]: [java.lang.Throwable$WrappedPrintStream:println:748]: 	at jdk.nashorn.internal.runtime.ECMAErrors.error(ECMAErrors.java:57)
[22:05:02] [Server thread/INFO]: [java.lang.Throwable$WrappedPrintStream:println:748]: 	at jdk.nashorn.internal.runtime.ECMAErrors.typeError(ECMAErrors.java:213)
[22:05:02] [Server thread/INFO]: [java.lang.Throwable$WrappedPrintStream:println:748]: 	at jdk.nashorn.internal.runtime.ECMAErrors.typeError(ECMAErrors.java:185)
[22:05:02] [Server thread/INFO]: [java.lang.Throwable$WrappedPrintStream:println:748]: 	at jdk.nashorn.internal.runtime.ECMAErrors.typeError(ECMAErrors.java:172)
[22:05:02] [Server thread/INFO]: [java.lang.Throwable$WrappedPrintStream:println:748]: 	at jdk.nashorn.internal.runtime.linker.NashornBottomLinker.linkBean(NashornBottomLinker.java:103)
[22:05:02] [Server thread/INFO]: [java.lang.Throwable$WrappedPrintStream:println:748]: 	at jdk.nashorn.internal.runtime.linker.NashornBottomLinker.getGuardedInvocation(NashornBottomLinker.java:71)
[22:05:02] [Server thread/INFO]: [java.lang.Throwable$WrappedPrintStream:println:748]: 	at jdk.internal.dynalink.support.CompositeGuardingDynamicLinker.getGuardedInvocation(CompositeGuardingDynamicLinker.java:124)
[22:05:02] [Server thread/INFO]: [java.lang.Throwable$WrappedPrintStream:println:748]: 	at jdk.internal.dynalink.support.LinkerServicesImpl.getGuardedInvocation(LinkerServicesImpl.java:149)
[22:05:02] [Server thread/INFO]: [java.lang.Throwable$WrappedPrintStream:println:748]: 	at jdk.internal.dynalink.DynamicLinker.relink(DynamicLinker.java:233)
[22:05:02] [Server thread/INFO]: [java.lang.Throwable$WrappedPrintStream:println:748]: 	at jdk.nashorn.internal.scripts.Script$Recompilation$7614$188583AAAAAAAA$\^eval\_.RTMX_loadCompatTarget_kaizpatch_scripts_superrailbuilderx_RailPositionCompat_1suqebq$L:4466$RailPositionCompat$moveSectionedRailPosition(<eval>:4573)
[22:05:02] [Server thread/INFO]: [java.lang.Throwable$WrappedPrintStream:println:748]: 	at jdk.nashorn.internal.scripts.Script$Recompilation$7610$187411AAAAAAAA$\^eval\_.RTMX_loadCompatTarget_kaizpatch_scripts_superrailbuilderx_RailPositionCompat_1suqebq$L:4466$RailPositionCompat$moveRailPosition(<eval>:4537)
[22:05:02] [Server thread/INFO]: [java.lang.Throwable$WrappedPrintStream:println:748]: 	at jdk.nashorn.internal.scripts.Script$Recompilation$7607$200380AA$\^eval\_.applyRequest(<eval>:4807)
[22:05:02] [Server thread/INFO]: [java.lang.Throwable$WrappedPrintStream:println:748]: 	at jdk.nashorn.internal.scripts.Script$Recompilation$7571$201151AA$\^eval\_.onUpdate(<eval>:4843)
[22:05:02] [Server thread/INFO]: [java.lang.Throwable$WrappedPrintStream:println:748]: 	at jdk.nashorn.internal.runtime.ScriptFunctionData.invoke(ScriptFunctionData.java:640)
[22:05:02] [Server thread/INFO]: [java.lang.Throwable$WrappedPrintStream:println:748]: 	at jdk.nashorn.internal.runtime.ScriptFunction.invoke(ScriptFunction.java:229)
[22:05:02] [Server thread/INFO]: [java.lang.Throwable$WrappedPrintStream:println:748]: 	at jdk.nashorn.internal.runtime.ScriptRuntime.apply(ScriptRuntime.java:387)
[22:05:02] [Server thread/INFO]: [java.lang.Throwable$WrappedPrintStream:println:748]: 	at jdk.nashorn.api.scripting.ScriptObjectMirror.callMember(ScriptObjectMirror.java:192)
[22:05:02] [Server thread/INFO]: [java.lang.Throwable$WrappedPrintStream:println:748]: 	at jdk.nashorn.api.scripting.NashornScriptEngine.invokeImpl(NashornScriptEngine.java:381)
[22:05:02] [Server thread/INFO]: [java.lang.Throwable$WrappedPrintStream:println:748]: 	... 23 more
[22:05:02] [Server thread/INFO]: [java.lang.Throwable$WrappedPrintStream:println:748]: java.lang.RuntimeException: Script exec error : onUpdate
[22:05:02] [Server thread/INFO]: [java.lang.Throwable$WrappedPrintStream:println:748]: 	at jp.ngt.ngtlib.io.ScriptUtil.doScriptFunction(ScriptUtil.java:60)
[22:05:02] [Server thread/INFO]: [java.lang.Throwable$WrappedPrintStream:println:748]: 	at jp.ngt.ngtlib.io.ScriptUtil.doScriptIgnoreError(ScriptUtil.java:66)
[22:05:02] [Server thread/INFO]: [java.lang.Throwable$WrappedPrintStream:println:748]: 	at jp.ngt.rtm.modelpack.ScriptExecuter.callMethod(ScriptExecuter.java:24)
[22:05:02] [Server thread/INFO]: [java.lang.Throwable$WrappedPrintStream:println:748]: 	at jp.ngt.rtm.modelpack.ScriptExecuter.execScript(ScriptExecuter.java:36)
[22:05:02] [Server thread/INFO]: [java.lang.Throwable$WrappedPrintStream:println:748]: 	at jp.ngt.rtm.modelpack.ScriptExecuter.execScript(ScriptExecuter.java:30)
[22:05:02] [Server thread/INFO]: [java.lang.Throwable$WrappedPrintStream:println:748]: 	at jp.ngt.rtm.entity.vehicle.EntityVehicleBase.onVehicleUpdate(EntityVehicleBase.java:203)
[22:05:02] [Server thread/INFO]: [java.lang.Throwable$WrappedPrintStream:println:748]: 	at jp.ngt.rtm.entity.vehicle.EntityVehicle.onVehicleUpdate(EntityVehicle.java:66)
[22:05:02] [Server thread/INFO]: [java.lang.Throwable$WrappedPrintStream:println:748]: 	at jp.ngt.rtm.entity.vehicle.EntityVehicleBase.func_70071_h_(EntityVehicleBase.java:168)
[22:05:02] [Server thread/INFO]: [java.lang.Throwable$WrappedPrintStream:println:748]: 	at net.minecraft.entity.Entity.func_70098_U(Entity.java:1579)
[22:05:02] [Server thread/INFO]: [java.lang.Throwable$WrappedPrintStream:println:748]: 	at net.minecraft.world.World.func_72866_a(World.java:2066)
[22:05:02] [Server thread/INFO]: [java.lang.Throwable$WrappedPrintStream:println:748]: 	at net.minecraft.world.WorldServer.func_72866_a(WorldServer.java:648)
[22:05:02] [Server thread/INFO]: [java.lang.Throwable$WrappedPrintStream:println:748]: 	at net.minecraft.world.World.func_72870_g(World.java:2034)
[22:05:02] [Server thread/INFO]: [java.lang.Throwable$WrappedPrintStream:println:748]: 	at net.minecraft.world.World.func_72866_a(World.java:2129)
[22:05:02] [Server thread/INFO]: [java.lang.Throwable$WrappedPrintStream:println:748]: 	at net.minecraft.world.WorldServer.func_72866_a(WorldServer.java:648)
[22:05:02] [Server thread/INFO]: [java.lang.Throwable$WrappedPrintStream:println:748]: 	at net.minecraft.world.World.func_72870_g(World.java:2034)
[22:05:02] [Server thread/INFO]: [java.lang.Throwable$WrappedPrintStream:println:748]: 	at net.minecraft.world.World.func_72939_s(World.java:1887)
[22:05:02] [Server thread/INFO]: [java.lang.Throwable$WrappedPrintStream:println:748]: 	at net.minecraft.world.WorldServer.func_72939_s(WorldServer.java:489)
[22:05:02] [Server thread/INFO]: [java.lang.Throwable$WrappedPrintStream:println:748]: 	at net.minecraft.server.MinecraftServer.func_71190_q(MinecraftServer.java:636)
[22:05:02] [Server thread/INFO]: [java.lang.Throwable$WrappedPrintStream:println:748]: 	at net.minecraft.server.MinecraftServer.func_71217_p(MinecraftServer.java:547)
[22:05:02] [Server thread/INFO]: [java.lang.Throwable$WrappedPrintStream:println:748]: 	at net.minecraft.server.integrated.IntegratedServer.func_71217_p(IntegratedServer.java:111)
[22:05:02] [Server thread/INFO]: [java.lang.Throwable$WrappedPrintStream:println:748]: 	at net.minecraft.server.MinecraftServer.run(MinecraftServer.java:427)
[22:05:02] [Server thread/INFO]: [java.lang.Throwable$WrappedPrintStream:println:748]: 	at net.minecraft.server.MinecraftServer$2.run(MinecraftServer.java:685)
[22:05:02] [Server thread/INFO]: [java.lang.Throwable$WrappedPrintStream:println:748]: Caused by: javax.script.ScriptException: TypeError: jp.kaiz.kaizpatch.rtm.rail.TileEntityLargeRailSectionCore@3eea27f5 has no such function "getWorldObj" in <eval> at line number 4573
[22:05:02] [Server thread/INFO]: [java.lang.Throwable$WrappedPrintStream:println:748]: 	at jdk.nashorn.api.scripting.NashornScriptEngine.throwAsScriptException(NashornScriptEngine.java:455)
[22:05:02] [Server thread/INFO]: [java.lang.Throwable$WrappedPrintStream:println:748]: 	at jdk.nashorn.api.scripting.NashornScriptEngine.invokeImpl(NashornScriptEngine.java:387)
[22:05:02] [Server thread/INFO]: [java.lang.Throwable$WrappedPrintStream:println:748]: 	at jdk.nashorn.api.scripting.NashornScriptEngine.invokeFunction(NashornScriptEngine.java:187)
[22:05:02] [Server thread/INFO]: [java.lang.Throwable$WrappedPrintStream:println:748]: 	at jp.ngt.ngtlib.io.ScriptUtil.doScriptFunction(ScriptUtil.java:58)
[22:05:02] [Server thread/INFO]: [java.lang.Throwable$WrappedPrintStream:println:748]: 	... 21 more
[22:05:02] [Server thread/INFO]: [java.lang.Throwable$WrappedPrintStream:println:748]: Caused by: <eval>:4573 TypeError: jp.kaiz.kaizpatch.rtm.rail.TileEntityLargeRailSectionCore@3eea27f5 has no such function "getWorldObj"
[22:05:02] [Server thread/INFO]: [java.lang.Throwable$WrappedPrintStream:println:748]: 	at jdk.nashorn.internal.runtime.ECMAErrors.error(ECMAErrors.java:57)
[22:05:02] [Server thread/INFO]: [java.lang.Throwable$WrappedPrintStream:println:748]: 	at jdk.nashorn.internal.runtime.ECMAErrors.typeError(ECMAErrors.java:213)
[22:05:02] [Server thread/INFO]: [java.lang.Throwable$WrappedPrintStream:println:748]: 	at jdk.nashorn.internal.runtime.ECMAErrors.typeError(ECMAErrors.java:185)
[22:05:02] [Server thread/INFO]: [java.lang.Throwable$WrappedPrintStream:println:748]: 	at jdk.nashorn.internal.runtime.ECMAErrors.typeError(ECMAErrors.java:172)
[22:05:02] [Server thread/INFO]: [java.lang.Throwable$WrappedPrintStream:println:748]: 	at jdk.nashorn.internal.runtime.linker.NashornBottomLinker.linkBean(NashornBottomLinker.java:103)
[22:05:02] [Server thread/INFO]: [java.lang.Throwable$WrappedPrintStream:println:748]: 	at jdk.nashorn.internal.runtime.linker.NashornBottomLinker.getGuardedInvocation(NashornBottomLinker.java:71)
[22:05:02] [Server thread/INFO]: [java.lang.Throwable$WrappedPrintStream:println:748]: 	at jdk.internal.dynalink.support.CompositeGuardingDynamicLinker.getGuardedInvocation(CompositeGuardingDynamicLinker.java:124)
[22:05:02] [Server thread/INFO]: [java.lang.Throwable$WrappedPrintStream:println:748]: 	at jdk.internal.dynalink.support.LinkerServicesImpl.getGuardedInvocation(LinkerServicesImpl.java:149)
[22:05:02] [Server thread/INFO]: [java.lang.Throwable$WrappedPrintStream:println:748]: 	at jdk.internal.dynalink.DynamicLinker.relink(DynamicLinker.java:233)
[22:05:02] [Server thread/INFO]: [java.lang.Throwable$WrappedPrintStream:println:748]: 	at jdk.nashorn.internal.scripts.Script$Recompilation$7614$188583AAAAAAAA$\^eval\_.RTMX_loadCompatTarget_kaizpatch_scripts_superrailbuilderx_RailPositionCompat_1suqebq$L:4466$RailPositionCompat$moveSectionedRailPosition(<eval>:4573)
[22:05:02] [Server thread/INFO]: [java.lang.Throwable$WrappedPrintStream:println:748]: 	at jdk.nashorn.internal.scripts.Script$Recompilation$7610$187411AAAAAAAA$\^eval\_.RTMX_loadCompatTarget_kaizpatch_scripts_superrailbuilderx_RailPositionCompat_1suqebq$L:4466$RailPositionCompat$moveRailPosition(<eval>:4537)
[22:05:02] [Server thread/INFO]: [java.lang.Throwable$WrappedPrintStream:println:748]: 	at jdk.nashorn.internal.scripts.Script$Recompilation$7607$200380AA$\^eval\_.applyRequest(<eval>:4807)
[22:05:02] [Server thread/INFO]: [java.lang.Throwable$WrappedPrintStream:println:748]: 	at jdk.nashorn.internal.scripts.Script$Recompilation$7571$201151AA$\^eval\_.onUpdate(<eval>:4843)
[22:05:02] [Server thread/INFO]: [java.lang.Throwable$WrappedPrintStream:println:748]: 	at jdk.nashorn.internal.runtime.ScriptFunctionData.invoke(ScriptFunctionData.java:640)
[22:05:02] [Server thread/INFO]: [java.lang.Throwable$WrappedPrintStream:println:748]: 	at jdk.nashorn.internal.runtime.ScriptFunction.invoke(ScriptFunction.java:229)
[22:05:02] [Server thread/INFO]: [java.lang.Throwable$WrappedPrintStream:println:748]: 	at jdk.nashorn.internal.runtime.ScriptRuntime.apply(ScriptRuntime.java:387)
[22:05:02] [Server thread/INFO]: [java.lang.Throwable$WrappedPrintStream:println:748]: 	at jdk.nashorn.api.scripting.ScriptObjectMirror.callMember(ScriptObjectMirror.java:192)
[22:05:02] [Server thread/INFO]: [java.lang.Throwable$WrappedPrintStream:println:748]: 	at jdk.nashorn.api.scripting.NashornScriptEngine.invokeImpl(NashornScriptEngine.java:381)
[22:05:02] [Server thread/INFO]: [java.lang.Throwable$WrappedPrintStream:println:748]: 	... 23 more
[22:05:02] [Server thread/INFO]: [java.lang.Throwable$WrappedPrintStream:println:748]: java.lang.RuntimeException: Script exec error : onUpdate
[22:05:02] [Server thread/INFO]: [java.lang.Throwable$WrappedPrintStream:println:748]: 	at jp.ngt.ngtlib.io.ScriptUtil.doScriptFunction(ScriptUtil.java:60)
[22:05:02] [Server thread/INFO]: [java.lang.Throwable$WrappedPrintStream:println:748]: 	at jp.ngt.ngtlib.io.ScriptUtil.doScriptIgnoreError(ScriptUtil.java:66)
[22:05:02] [Server thread/INFO]: [java.lang.Throwable$WrappedPrintStream:println:748]: 	at jp.ngt.rtm.modelpack.ScriptExecuter.callMethod(ScriptExecuter.java:24)
[22:05:02] [Server thread/INFO]: [java.lang.Throwable$WrappedPrintStream:println:748]: 	at jp.ngt.rtm.modelpack.ScriptExecuter.execScript(ScriptExecuter.java:36)
[22:05:02] [Server thread/INFO]: [java.lang.Throwable$WrappedPrintStream:println:748]: 	at jp.ngt.rtm.modelpack.ScriptExecuter.execScript(ScriptExecuter.java:30)
[22:05:02] [Server thread/INFO]: [java.lang.Throwable$WrappedPrintStream:println:748]: 	at jp.ngt.rtm.entity.vehicle.EntityVehicleBase.onVehicleUpdate(EntityVehicleBase.java:203)
[22:05:02] [Server thread/INFO]: [java.lang.Throwable$WrappedPrintStream:println:748]: 	at jp.ngt.rtm.entity.vehicle.EntityVehicle.onVehicleUpdate(EntityVehicle.java:66)
[22:05:02] [Server thread/INFO]: [java.lang.Throwable$WrappedPrintStream:println:748]: 	at jp.ngt.rtm.entity.vehicle.EntityVehicleBase.func_70071_h_(EntityVehicleBase.java:168)
[22:05:02] [Server thread/INFO]: [java.lang.Throwable$WrappedPrintStream:println:748]: 	at net.minecraft.entity.Entity.func_70098_U(Entity.java:1579)
[22:05:02] [Server thread/INFO]: [java.lang.Throwable$WrappedPrintStream:println:748]: 	at net.minecraft.world.World.func_72866_a(World.java:2066)
[22:05:02] [Server thread/INFO]: [java.lang.Throwable$WrappedPrintStream:println:748]: 	at net.minecraft.world.WorldServer.func_72866_a(WorldServer.java:648)
[22:05:02] [Server thread/INFO]: [java.lang.Throwable$WrappedPrintStream:println:748]: 	at net.minecraft.world.World.func_72870_g(World.java:2034)
[22:05:02] [Server thread/INFO]: [java.lang.Throwable$WrappedPrintStream:println:748]: 	at net.minecraft.world.World.func_72866_a(World.java:2129)
[22:05:02] [Server thread/INFO]: [java.lang.Throwable$WrappedPrintStream:println:748]: 	at net.minecraft.world.WorldServer.func_72866_a(WorldServer.java:648)
[22:05:02] [Server thread/INFO]: [java.lang.Throwable$WrappedPrintStream:println:748]: 	at net.minecraft.world.World.func_72870_g(World.java:2034)
[22:05:02] [Server thread/INFO]: [java.lang.Throwable$WrappedPrintStream:println:748]: 	at net.minecraft.world.World.func_72939_s(World.java:1887)
[22:05:02] [Server thread/INFO]: [java.lang.Throwable$WrappedPrintStream:println:748]: 	at net.minecraft.world.WorldServer.func_72939_s(WorldServer.java:489)
[22:05:02] [Server thread/INFO]: [java.lang.Throwable$WrappedPrintStream:println:748]: 	at net.minecraft.server.MinecraftServer.func_71190_q(MinecraftServer.java:636)
[22:05:02] [Server thread/INFO]: [java.lang.Throwable$WrappedPrintStream:println:748]: 	at net.minecraft.server.MinecraftServer.func_71217_p(MinecraftServer.java:547)
[22:05:02] [Server thread/INFO]: [java.lang.Throwable$WrappedPrintStream:println:748]: 	at net.minecraft.server.integrated.IntegratedServer.func_71217_p(IntegratedServer.java:111)
[22:05:02] [Server thread/INFO]: [java.lang.Throwable$WrappedPrintStream:println:748]: 	at net.minecraft.server.MinecraftServer.run(MinecraftServer.java:427)
[22:05:02] [Server thread/INFO]: [java.lang.Throwable$WrappedPrintStream:println:748]: 	at net.minecraft.server.MinecraftServer$2.run(MinecraftServer.java:685)
[22:05:02] [Server thread/INFO]: [java.lang.Throwable$WrappedPrintStream:println:748]: Caused by: javax.script.ScriptException: TypeError: jp.kaiz.kaizpatch.rtm.rail.TileEntityLargeRailSectionCore@3eea27f5 has no such function "getWorldObj" in <eval> at line number 4573
[22:05:02] [Server thread/INFO]: [java.lang.Throwable$WrappedPrintStream:println:748]: 	at jdk.nashorn.api.scripting.NashornScriptEngine.throwAsScriptException(NashornScriptEngine.java:455)
[22:05:02] [Server thread/INFO]: [java.lang.Throwable$WrappedPrintStream:println:748]: 	at jdk.nashorn.api.scripting.NashornScriptEngine.invokeImpl(NashornScriptEngine.java:387)
[22:05:02] [Server thread/INFO]: [java.lang.Throwable$WrappedPrintStream:println:748]: 	at jdk.nashorn.api.scripting.NashornScriptEngine.invokeFunction(NashornScriptEngine.java:187)
[22:05:02] [Server thread/INFO]: [java.lang.Throwable$WrappedPrintStream:println:748]: 	at jp.ngt.ngtlib.io.ScriptUtil.doScriptFunction(ScriptUtil.java:58)
[22:05:02] [Server thread/INFO]: [java.lang.Throwable$WrappedPrintStream:println:748]: 	... 21 more
[22:05:02] [Server thread/INFO]: [java.lang.Throwable$WrappedPrintStream:println:748]: Caused by: <eval>:4573 TypeError: jp.kaiz.kaizpatch.rtm.rail.TileEntityLargeRailSectionCore@3eea27f5 has no such function "getWorldObj"
[22:05:02] [Server thread/INFO]: [java.lang.Throwable$WrappedPrintStream:println:748]: 	at jdk.nashorn.internal.runtime.ECMAErrors.error(ECMAErrors.java:57)
[22:05:02] [Server thread/INFO]: [java.lang.Throwable$WrappedPrintStream:println:748]: 	at jdk.nashorn.internal.runtime.ECMAErrors.typeError(ECMAErrors.java:213)
[22:05:02] [Server thread/INFO]: [java.lang.Throwable$WrappedPrintStream:println:748]: 	at jdk.nashorn.internal.runtime.ECMAErrors.typeError(ECMAErrors.java:185)
[22:05:02] [Server thread/INFO]: [java.lang.Throwable$WrappedPrintStream:println:748]: 	at jdk.nashorn.internal.runtime.ECMAErrors.typeError(ECMAErrors.java:172)
[22:05:02] [Server thread/INFO]: [java.lang.Throwable$WrappedPrintStream:println:748]: 	at jdk.nashorn.internal.runtime.linker.NashornBottomLinker.linkBean(NashornBottomLinker.java:103)
[22:05:02] [Server thread/INFO]: [java.lang.Throwable$WrappedPrintStream:println:748]: 	at jdk.nashorn.internal.runtime.linker.NashornBottomLinker.getGuardedInvocation(NashornBottomLinker.java:71)
[22:05:02] [Server thread/INFO]: [java.lang.Throwable$WrappedPrintStream:println:748]: 	at jdk.internal.dynalink.support.CompositeGuardingDynamicLinker.getGuardedInvocation(CompositeGuardingDynamicLinker.java:124)
[22:05:02] [Server thread/INFO]: [java.lang.Throwable$WrappedPrintStream:println:748]: 	at jdk.internal.dynalink.support.LinkerServicesImpl.getGuardedInvocation(LinkerServicesImpl.java:149)
[22:05:02] [Server thread/INFO]: [java.lang.Throwable$WrappedPrintStream:println:748]: 	at jdk.internal.dynalink.DynamicLinker.relink(DynamicLinker.java:233)
[22:05:02] [Server thread/INFO]: [java.lang.Throwable$WrappedPrintStream:println:748]: 	at jdk.nashorn.internal.scripts.Script$Recompilation$7614$188583AAAAAAAA$\^eval\_.RTMX_loadCompatTarget_kaizpatch_scripts_superrailbuilderx_RailPositionCompat_1suqebq$L:4466$RailPositionCompat$moveSectionedRailPosition(<eval>:4573)
[22:05:02] [Server thread/INFO]: [java.lang.Throwable$WrappedPrintStream:println:748]: 	at jdk.nashorn.internal.scripts.Script$Recompilation$7610$187411AAAAAAAA$\^eval\_.RTMX_loadCompatTarget_kaizpatch_scripts_superrailbuilderx_RailPositionCompat_1suqebq$L:4466$RailPositionCompat$moveRailPosition(<eval>:4537)
[22:05:02] [Server thread/INFO]: [java.lang.Throwable$WrappedPrintStream:println:748]: 	at jdk.nashorn.internal.scripts.Script$Recompilation$7607$200380AA$\^eval\_.applyRequest(<eval>:4807)
[22:05:02] [Server thread/INFO]: [java.lang.Throwable$WrappedPrintStream:println:748]: 	at jdk.nashorn.internal.scripts.Script$Recompilation$7571$201151AA$\^eval\_.onUpdate(<eval>:4843)
[22:05:02] [Server thread/INFO]: [java.lang.Throwable$WrappedPrintStream:println:748]: 	at jdk.nashorn.internal.runtime.ScriptFunctionData.invoke(ScriptFunctionData.java:640)
[22:05:02] [Server thread/INFO]: [java.lang.Throwable$WrappedPrintStream:println:748]: 	at jdk.nashorn.internal.runtime.ScriptFunction.invoke(ScriptFunction.java:229)
[22:05:02] [Server thread/INFO]: [java.lang.Throwable$WrappedPrintStream:println:748]: 	at jdk.nashorn.internal.runtime.ScriptRuntime.apply(ScriptRuntime.java:387)
[22:05:02] [Server thread/INFO]: [java.lang.Throwable$WrappedPrintStream:println:748]: 	at jdk.nashorn.api.scripting.ScriptObjectMirror.callMember(ScriptObjectMirror.java:192)
[22:05:02] [Server thread/INFO]: [java.lang.Throwable$WrappedPrintStream:println:748]: 	at jdk.nashorn.api.scripting.NashornScriptEngine.invokeImpl(NashornScriptEngine.java:381)
[22:05:02] [Server thread/INFO]: [java.lang.Throwable$WrappedPrintStream:println:748]: 	... 23 more
[22:05:02] [Server thread/INFO]: [java.lang.Throwable$WrappedPrintStream:println:748]: java.lang.RuntimeException: Script exec error : onUpdate
[22:05:02] [Server thread/INFO]: [java.lang.Throwable$WrappedPrintStream:println:748]: 	at jp.ngt.ngtlib.io.ScriptUtil.doScriptFunction(ScriptUtil.java:60)
[22:05:02] [Server thread/INFO]: [java.lang.Throwable$WrappedPrintStream:println:748]: 	at jp.ngt.ngtlib.io.ScriptUtil.doScriptIgnoreError(ScriptUtil.java:66)
[22:05:02] [Server thread/INFO]: [java.lang.Throwable$WrappedPrintStream:println:748]: 	at jp.ngt.rtm.modelpack.ScriptExecuter.callMethod(ScriptExecuter.java:24)
[22:05:02] [Server thread/INFO]: [java.lang.Throwable$WrappedPrintStream:println:748]: 	at jp.ngt.rtm.modelpack.ScriptExecuter.execScript(ScriptExecuter.java:36)
[22:05:02] [Server thread/INFO]: [java.lang.Throwable$WrappedPrintStream:println:748]: 	at jp.ngt.rtm.modelpack.ScriptExecuter.execScript(ScriptExecuter.java:30)
[22:05:02] [Server thread/INFO]: [java.lang.Throwable$WrappedPrintStream:println:748]: 	at jp.ngt.rtm.entity.vehicle.EntityVehicleBase.onVehicleUpdate(EntityVehicleBase.java:203)
[22:05:02] [Server thread/INFO]: [java.lang.Throwable$WrappedPrintStream:println:748]: 	at jp.ngt.rtm.entity.vehicle.EntityVehicle.onVehicleUpdate(EntityVehicle.java:66)
[22:05:02] [Server thread/INFO]: [java.lang.Throwable$WrappedPrintStream:println:748]: 	at jp.ngt.rtm.entity.vehicle.EntityVehicleBase.func_70071_h_(EntityVehicleBase.java:168)
[22:05:02] [Server thread/INFO]: [java.lang.Throwable$WrappedPrintStream:println:748]: 	at net.minecraft.entity.Entity.func_70098_U(Entity.java:1579)
[22:05:02] [Server thread/INFO]: [java.lang.Throwable$WrappedPrintStream:println:748]: 	at net.minecraft.world.World.func_72866_a(World.java:2066)
[22:05:02] [Server thread/INFO]: [java.lang.Throwable$WrappedPrintStream:println:748]: 	at net.minecraft.world.WorldServer.func_72866_a(WorldServer.java:648)
[22:05:02] [Server thread/INFO]: [java.lang.Throwable$WrappedPrintStream:println:748]: 	at net.minecraft.world.World.func_72870_g(World.java:2034)
[22:05:02] [Server thread/INFO]: [java.lang.Throwable$WrappedPrintStream:println:748]: 	at net.minecraft.world.World.func_72866_a(World.java:2129)
[22:05:02] [Server thread/INFO]: [java.lang.Throwable$WrappedPrintStream:println:748]: 	at net.minecraft.world.WorldServer.func_72866_a(WorldServer.java:648)
[22:05:02] [Server thread/INFO]: [java.lang.Throwable$WrappedPrintStream:println:748]: 	at net.minecraft.world.World.func_72870_g(World.java:2034)
[22:05:02] [Server thread/INFO]: [java.lang.Throwable$WrappedPrintStream:println:748]: 	at net.minecraft.world.World.func_72939_s(World.java:1887)
[22:05:02] [Server thread/INFO]: [java.lang.Throwable$WrappedPrintStream:println:748]: 	at net.minecraft.world.WorldServer.func_72939_s(WorldServer.java:489)
[22:05:02] [Server thread/INFO]: [java.lang.Throwable$WrappedPrintStream:println:748]: 	at net.minecraft.server.MinecraftServer.func_71190_q(MinecraftServer.java:636)
[22:05:02] [Server thread/INFO]: [java.lang.Throwable$WrappedPrintStream:println:748]: 	at net.minecraft.server.MinecraftServer.func_71217_p(MinecraftServer.java:547)
[22:05:02] [Server thread/INFO]: [java.lang.Throwable$WrappedPrintStream:println:748]: 	at net.minecraft.server.integrated.IntegratedServer.func_71217_p(IntegratedServer.java:111)
[22:05:02] [Server thread/INFO]: [java.lang.Throwable$WrappedPrintStream:println:748]: 	at net.minecraft.server.MinecraftServer.run(MinecraftServer.java:427)
[22:05:02] [Server thread/INFO]: [java.lang.Throwable$WrappedPrintStream:println:748]: 	at net.minecraft.server.MinecraftServer$2.run(MinecraftServer.java:685)
[22:05:02] [Server thread/INFO]: [java.lang.Throwable$WrappedPrintStream:println:748]: Caused by: javax.script.ScriptException: TypeError: jp.kaiz.kaizpatch.rtm.rail.TileEntityLargeRailSectionCore@3eea27f5 has no such function "getWorldObj" in <eval> at line number 4573
[22:05:02] [Server thread/INFO]: [java.lang.Throwable$WrappedPrintStream:println:748]: 	at jdk.nashorn.api.scripting.NashornScriptEngine.throwAsScriptException(NashornScriptEngine.java:455)
[22:05:02] [Server thread/INFO]: [java.lang.Throwable$WrappedPrintStream:println:748]: 	at jdk.nashorn.api.scripting.NashornScriptEngine.invokeImpl(NashornScriptEngine.java:387)
[22:05:02] [Server thread/INFO]: [java.lang.Throwable$WrappedPrintStream:println:748]: 	at jdk.nashorn.api.scripting.NashornScriptEngine.invokeFunction(NashornScriptEngine.java:187)
[22:05:02] [Server thread/INFO]: [java.lang.Throwable$WrappedPrintStream:println:748]: 	at jp.ngt.ngtlib.io.ScriptUtil.doScriptFunction(ScriptUtil.java:58)
[22:05:02] [Server thread/INFO]: [java.lang.Throwable$WrappedPrintStream:println:748]: 	... 21 more
[22:05:02] [Server thread/INFO]: [java.lang.Throwable$WrappedPrintStream:println:748]: Caused by: <eval>:4573 TypeError: jp.kaiz.kaizpatch.rtm.rail.TileEntityLargeRailSectionCore@3eea27f5 has no such function "getWorldObj"
[22:05:02] [Server thread/INFO]: [java.lang.Throwable$WrappedPrintStream:println:748]: 	at jdk.nashorn.internal.runtime.ECMAErrors.error(ECMAErrors.java:57)
[22:05:02] [Server thread/INFO]: [java.lang.Throwable$WrappedPrintStream:println:748]: 	at jdk.nashorn.internal.runtime.ECMAErrors.typeError(ECMAErrors.java:213)
[22:05:02] [Server thread/INFO]: [java.lang.Throwable$WrappedPrintStream:println:748]: 	at jdk.nashorn.internal.runtime.ECMAErrors.typeError(ECMAErrors.java:185)
[22:05:02] [Server thread/INFO]: [java.lang.Throwable$WrappedPrintStream:println:748]: 	at jdk.nashorn.internal.runtime.ECMAErrors.typeError(ECMAErrors.java:172)
[22:05:02] [Server thread/INFO]: [java.lang.Throwable$WrappedPrintStream:println:748]: 	at jdk.nashorn.internal.runtime.linker.NashornBottomLinker.linkBean(NashornBottomLinker.java:103)
[22:05:02] [Server thread/INFO]: [java.lang.Throwable$WrappedPrintStream:println:748]: 	at jdk.nashorn.internal.runtime.linker.NashornBottomLinker.getGuardedInvocation(NashornBottomLinker.java:71)
[22:05:02] [Server thread/INFO]: [java.lang.Throwable$WrappedPrintStream:println:748]: 	at jdk.internal.dynalink.support.CompositeGuardingDynamicLinker.getGuardedInvocation(CompositeGuardingDynamicLinker.java:124)
[22:05:02] [Server thread/INFO]: [java.lang.Throwable$WrappedPrintStream:println:748]: 	at jdk.internal.dynalink.support.LinkerServicesImpl.getGuardedInvocation(LinkerServicesImpl.java:149)
[22:05:02] [Server thread/INFO]: [java.lang.Throwable$WrappedPrintStream:println:748]: 	at jdk.internal.dynalink.DynamicLinker.relink(DynamicLinker.java:233)
[22:05:02] [Server thread/INFO]: [java.lang.Throwable$WrappedPrintStream:println:748]: 	at jdk.nashorn.internal.scripts.Script$Recompilation$7614$188583AAAAAAAA$\^eval\_.RTMX_loadCompatTarget_kaizpatch_scripts_superrailbuilderx_RailPositionCompat_1suqebq$L:4466$RailPositionCompat$moveSectionedRailPosition(<eval>:4573)
[22:05:02] [Server thread/INFO]: [java.lang.Throwable$WrappedPrintStream:println:748]: 	at jdk.nashorn.internal.scripts.Script$Recompilation$7610$187411AAAAAAAA$\^eval\_.RTMX_loadCompatTarget_kaizpatch_scripts_superrailbuilderx_RailPositionCompat_1suqebq$L:4466$RailPositionCompat$moveRailPosition(<eval>:4537)
[22:05:02] [Server thread/INFO]: [java.lang.Throwable$WrappedPrintStream:println:748]: 	at jdk.nashorn.internal.scripts.Script$Recompilation$7607$200380AA$\^eval\_.applyRequest(<eval>:4807)
[22:05:02] [Server thread/INFO]: [java.lang.Throwable$WrappedPrintStream:println:748]: 	at jdk.nashorn.internal.scripts.Script$Recompilation$7571$201151AA$\^eval\_.onUpdate(<eval>:4843)
[22:05:02] [Server thread/INFO]: [java.lang.Throwable$WrappedPrintStream:println:748]: 	at jdk.nashorn.internal.runtime.ScriptFunctionData.invoke(ScriptFunctionData.java:640)
[22:05:02] [Server thread/INFO]: [java.lang.Throwable$WrappedPrintStream:println:748]: 	at jdk.nashorn.internal.runtime.ScriptFunction.invoke(ScriptFunction.java:229)
[22:05:02] [Server thread/INFO]: [java.lang.Throwable$WrappedPrintStream:println:748]: 	at jdk.nashorn.internal.runtime.ScriptRuntime.apply(ScriptRuntime.java:387)
[22:05:02] [Server thread/INFO]: [java.lang.Throwable$WrappedPrintStream:println:748]: 	at jdk.nashorn.api.scripting.ScriptObjectMirror.callMember(ScriptObjectMirror.java:192)
[22:05:02] [Server thread/INFO]: [java.lang.Throwable$WrappedPrintStream:println:748]: 	at jdk.nashorn.api.scripting.NashornScriptEngine.invokeImpl(NashornScriptEngine.java:381)
[22:05:02] [Server thread/INFO]: [java.lang.Throwable$WrappedPrintStream:println:748]: 	... 23 more
[22:05:02] [Server thread/INFO]: [java.lang.Throwable$WrappedPrintStream:println:748]: java.lang.RuntimeException: Script exec error : onUpdate
[22:05:02] [Server thread/INFO]: [java.lang.Throwable$WrappedPrintStream:println:748]: 	at jp.ngt.ngtlib.io.ScriptUtil.doScriptFunction(ScriptUtil.java:60)
[22:05:02] [Server thread/INFO]: [java.lang.Throwable$WrappedPrintStream:println:748]: 	at jp.ngt.ngtlib.io.ScriptUtil.doScriptIgnoreError(ScriptUtil.java:66)
[22:05:02] [Server thread/INFO]: [java.lang.Throwable$WrappedPrintStream:println:748]: 	at jp.ngt.rtm.modelpack.ScriptExecuter.callMethod(ScriptExecuter.java:24)
[22:05:02] [Server thread/INFO]: [java.lang.Throwable$WrappedPrintStream:println:748]: 	at jp.ngt.rtm.modelpack.ScriptExecuter.execScript(ScriptExecuter.java:36)
[22:05:02] [Server thread/INFO]: [java.lang.Throwable$WrappedPrintStream:println:748]: 	at jp.ngt.rtm.modelpack.ScriptExecuter.execScript(ScriptExecuter.java:30)
[22:05:02] [Server thread/INFO]: [java.lang.Throwable$WrappedPrintStream:println:748]: 	at jp.ngt.rtm.entity.vehicle.EntityVehicleBase.onVehicleUpdate(EntityVehicleBase.java:203)
[22:05:02] [Server thread/INFO]: [java.lang.Throwable$WrappedPrintStream:println:748]: 	at jp.ngt.rtm.entity.vehicle.EntityVehicle.onVehicleUpdate(EntityVehicle.java:66)
[22:05:02] [Server thread/INFO]: [java.lang.Throwable$WrappedPrintStream:println:748]: 	at jp.ngt.rtm.entity.vehicle.EntityVehicleBase.func_70071_h_(EntityVehicleBase.java:168)
[22:05:02] [Server thread/INFO]: [java.lang.Throwable$WrappedPrintStream:println:748]: 	at net.minecraft.entity.Entity.func_70098_U(Entity.java:1579)
[22:05:02] [Server thread/INFO]: [java.lang.Throwable$WrappedPrintStream:println:748]: 	at net.minecraft.world.World.func_72866_a(World.java:2066)
[22:05:02] [Server thread/INFO]: [java.lang.Throwable$WrappedPrintStream:println:748]: 	at net.minecraft.world.WorldServer.func_72866_a(WorldServer.java:648)
[22:05:02] [Server thread/INFO]: [java.lang.Throwable$WrappedPrintStream:println:748]: 	at net.minecraft.world.World.func_72870_g(World.java:2034)
[22:05:02] [Server thread/INFO]: [java.lang.Throwable$WrappedPrintStream:println:748]: 	at net.minecraft.world.World.func_72866_a(World.java:2129)
[22:05:02] [Server thread/INFO]: [java.lang.Throwable$WrappedPrintStream:println:748]: 	at net.minecraft.world.WorldServer.func_72866_a(WorldServer.java:648)
[22:05:02] [Server thread/INFO]: [java.lang.Throwable$WrappedPrintStream:println:748]: 	at net.minecraft.world.World.func_72870_g(World.java:2034)
[22:05:02] [Server thread/INFO]: [java.lang.Throwable$WrappedPrintStream:println:748]: 	at net.minecraft.world.World.func_72939_s(World.java:1887)
[22:05:02] [Server thread/INFO]: [java.lang.Throwable$WrappedPrintStream:println:748]: 	at net.minecraft.world.WorldServer.func_72939_s(WorldServer.java:489)
[22:05:02] [Server thread/INFO]: [java.lang.Throwable$WrappedPrintStream:println:748]: 	at net.minecraft.server.MinecraftServer.func_71190_q(MinecraftServer.java:636)
[22:05:02] [Server thread/INFO]: [java.lang.Throwable$WrappedPrintStream:println:748]: 	at net.minecraft.server.MinecraftServer.func_71217_p(MinecraftServer.java:547)
[22:05:02] [Server thread/INFO]: [java.lang.Throwable$WrappedPrintStream:println:748]: 	at net.minecraft.server.integrated.IntegratedServer.func_71217_p(IntegratedServer.java:111)
[22:05:02] [Server thread/INFO]: [java.lang.Throwable$WrappedPrintStream:println:748]: 	at net.minecraft.server.MinecraftServer.run(MinecraftServer.java:427)
[22:05:02] [Server thread/INFO]: [java.lang.Throwable$WrappedPrintStream:println:748]: 	at net.minecraft.server.MinecraftServer$2.run(MinecraftServer.java:685)
[22:05:02] [Server thread/INFO]: [java.lang.Throwable$WrappedPrintStream:println:748]: Caused by: javax.script.ScriptException: TypeError: jp.kaiz.kaizpatch.rtm.rail.TileEntityLargeRailSectionCore@3eea27f5 has no such function "getWorldObj" in <eval> at line number 4573
[22:05:02] [Server thread/INFO]: [java.lang.Throwable$WrappedPrintStream:println:748]: 	at jdk.nashorn.api.scripting.NashornScriptEngine.throwAsScriptException(NashornScriptEngine.java:455)
[22:05:02] [Server thread/INFO]: [java.lang.Throwable$WrappedPrintStream:println:748]: 	at jdk.nashorn.api.scripting.NashornScriptEngine.invokeImpl(NashornScriptEngine.java:387)
[22:05:02] [Server thread/INFO]: [java.lang.Throwable$WrappedPrintStream:println:748]: 	at jdk.nashorn.api.scripting.NashornScriptEngine.invokeFunction(NashornScriptEngine.java:187)
[22:05:02] [Server thread/INFO]: [java.lang.Throwable$WrappedPrintStream:println:748]: 	at jp.ngt.ngtlib.io.ScriptUtil.doScriptFunction(ScriptUtil.java:58)
[22:05:02] [Server thread/INFO]: [java.lang.Throwable$WrappedPrintStream:println:748]: 	... 21 more
[22:05:02] [Server thread/INFO]: [java.lang.Throwable$WrappedPrintStream:println:748]: Caused by: <eval>:4573 TypeError: jp.kaiz.kaizpatch.rtm.rail.TileEntityLargeRailSectionCore@3eea27f5 has no such function "getWorldObj"
[22:05:02] [Server thread/INFO]: [java.lang.Throwable$WrappedPrintStream:println:748]: 	at jdk.nashorn.internal.runtime.ECMAErrors.error(ECMAErrors.java:57)
[22:05:02] [Server thread/INFO]: [java.lang.Throwable$WrappedPrintStream:println:748]: 	at jdk.nashorn.internal.runtime.ECMAErrors.typeError(ECMAErrors.java:213)
[22:05:02] [Server thread/INFO]: [java.lang.Throwable$WrappedPrintStream:println:748]: 	at jdk.nashorn.internal.runtime.ECMAErrors.typeError(ECMAErrors.java:185)
[22:05:02] [Server thread/INFO]: [java.lang.Throwable$WrappedPrintStream:println:748]: 	at jdk.nashorn.internal.runtime.ECMAErrors.typeError(ECMAErrors.java:172)
[22:05:02] [Server thread/INFO]: [java.lang.Throwable$WrappedPrintStream:println:748]: 	at jdk.nashorn.internal.runtime.linker.NashornBottomLinker.linkBean(NashornBottomLinker.java:103)
[22:05:02] [Server thread/INFO]: [java.lang.Throwable$WrappedPrintStream:println:748]: 	at jdk.nashorn.internal.runtime.linker.NashornBottomLinker.getGuardedInvocation(NashornBottomLinker.java:71)
[22:05:02] [Server thread/INFO]: [java.lang.Throwable$WrappedPrintStream:println:748]: 	at jdk.internal.dynalink.support.CompositeGuardingDynamicLinker.getGuardedInvocation(CompositeGuardingDynamicLinker.java:124)
[22:05:02] [Server thread/INFO]: [java.lang.Throwable$WrappedPrintStream:println:748]: 	at jdk.internal.dynalink.support.LinkerServicesImpl.getGuardedInvocation(LinkerServicesImpl.java:149)
[22:05:02] [Server thread/INFO]: [java.lang.Throwable$WrappedPrintStream:println:748]: 	at jdk.internal.dynalink.DynamicLinker.relink(DynamicLinker.java:233)
[22:05:02] [Server thread/INFO]: [java.lang.Throwable$WrappedPrintStream:println:748]: 	at jdk.nashorn.internal.scripts.Script$Recompilation$7614$188583AAAAAAAA$\^eval\_.RTMX_loadCompatTarget_kaizpatch_scripts_superrailbuilderx_RailPositionCompat_1suqebq$L:4466$RailPositionCompat$moveSectionedRailPosition(<eval>:4573)
[22:05:02] [Server thread/INFO]: [java.lang.Throwable$WrappedPrintStream:println:748]: 	at jdk.nashorn.internal.scripts.Script$Recompilation$7610$187411AAAAAAAA$\^eval\_.RTMX_loadCompatTarget_kaizpatch_scripts_superrailbuilderx_RailPositionCompat_1suqebq$L:4466$RailPositionCompat$moveRailPosition(<eval>:4537)
[22:05:02] [Server thread/INFO]: [java.lang.Throwable$WrappedPrintStream:println:748]: 	at jdk.nashorn.internal.scripts.Script$Recompilation$7607$200380AA$\^eval\_.applyRequest(<eval>:4807)
[22:05:02] [Server thread/INFO]: [java.lang.Throwable$WrappedPrintStream:println:748]: 	at jdk.nashorn.internal.scripts.Script$Recompilation$7571$201151AA$\^eval\_.onUpdate(<eval>:4843)
[22:05:02] [Server thread/INFO]: [java.lang.Throwable$WrappedPrintStream:println:748]: 	at jdk.nashorn.internal.runtime.ScriptFunctionData.invoke(ScriptFunctionData.java:640)
[22:05:02] [Server thread/INFO]: [java.lang.Throwable$WrappedPrintStream:println:748]: 	at jdk.nashorn.internal.runtime.ScriptFunction.invoke(ScriptFunction.java:229)
[22:05:02] [Server thread/INFO]: [java.lang.Throwable$WrappedPrintStream:println:748]: 	at jdk.nashorn.internal.runtime.ScriptRuntime.apply(ScriptRuntime.java:387)
[22:05:02] [Server thread/INFO]: [java.lang.Throwable$WrappedPrintStream:println:748]: 	at jdk.nashorn.api.scripting.ScriptObjectMirror.callMember(ScriptObjectMirror.java:192)
[22:05:02] [Server thread/INFO]: [java.lang.Throwable$WrappedPrintStream:println:748]: 	at jdk.nashorn.api.scripting.NashornScriptEngine.invokeImpl(NashornScriptEngine.java:381)
[22:05:02] [Server thread/INFO]: [java.lang.Throwable$WrappedPrintStream:println:748]: 	... 23 more
[22:05:02] [Server thread/INFO]: [java.lang.Throwable$WrappedPrintStream:println:748]: java.lang.RuntimeException: Script exec error : onUpdate
[22:05:03] [Server thread/INFO]: [java.lang.Throwable$WrappedPrintStream:println:748]: 	at jp.ngt.ngtlib.io.ScriptUtil.doScriptFunction(ScriptUtil.java:60)
[22:05:03] [Server thread/INFO]: [java.lang.Throwable$WrappedPrintStream:println:748]: 	at jp.ngt.ngtlib.io.ScriptUtil.doScriptIgnoreError(ScriptUtil.java:66)
[22:05:03] [Server thread/INFO]: [java.lang.Throwable$WrappedPrintStream:println:748]: 	at jp.ngt.rtm.modelpack.ScriptExecuter.callMethod(ScriptExecuter.java:24)
[22:05:03] [Server thread/INFO]: [java.lang.Throwable$WrappedPrintStream:println:748]: 	at jp.ngt.rtm.modelpack.ScriptExecuter.execScript(ScriptExecuter.java:36)
[22:05:03] [Server thread/INFO]: [java.lang.Throwable$WrappedPrintStream:println:748]: 	at jp.ngt.rtm.modelpack.ScriptExecuter.execScript(ScriptExecuter.java:30)
[22:05:03] [Server thread/INFO]: [java.lang.Throwable$WrappedPrintStream:println:748]: 	at jp.ngt.rtm.entity.vehicle.EntityVehicleBase.onVehicleUpdate(EntityVehicleBase.java:203)
[22:05:03] [Server thread/INFO]: [java.lang.Throwable$WrappedPrintStream:println:748]: 	at jp.ngt.rtm.entity.vehicle.EntityVehicle.onVehicleUpdate(EntityVehicle.java:66)
[22:05:03] [Server thread/INFO]: [java.lang.Throwable$WrappedPrintStream:println:748]: 	at jp.ngt.rtm.entity.vehicle.EntityVehicleBase.func_70071_h_(EntityVehicleBase.java:168)
[22:05:03] [Server thread/INFO]: [java.lang.Throwable$WrappedPrintStream:println:748]: 	at net.minecraft.entity.Entity.func_70098_U(Entity.java:1579)
[22:05:03] [Server thread/INFO]: [java.lang.Throwable$WrappedPrintStream:println:748]: 	at net.minecraft.world.World.func_72866_a(World.java:2066)
[22:05:03] [Server thread/INFO]: [java.lang.Throwable$WrappedPrintStream:println:748]: 	at net.minecraft.world.WorldServer.func_72866_a(WorldServer.java:648)
[22:05:03] [Server thread/INFO]: [java.lang.Throwable$WrappedPrintStream:println:748]: 	at net.minecraft.world.World.func_72870_g(World.java:2034)
[22:05:03] [Server thread/INFO]: [java.lang.Throwable$WrappedPrintStream:println:748]: 	at net.minecraft.world.World.func_72866_a(World.java:2129)
[22:05:03] [Server thread/INFO]: [java.lang.Throwable$WrappedPrintStream:println:748]: 	at net.minecraft.world.WorldServer.func_72866_a(WorldServer.java:648)
[22:05:03] [Server thread/INFO]: [java.lang.Throwable$WrappedPrintStream:println:748]: 	at net.minecraft.world.World.func_72870_g(World.java:2034)
[22:05:03] [Server thread/INFO]: [java.lang.Throwable$WrappedPrintStream:println:748]: 	at net.minecraft.world.World.func_72939_s(World.java:1887)
[22:05:03] [Server thread/INFO]: [java.lang.Throwable$WrappedPrintStream:println:748]: 	at net.minecraft.world.WorldServer.func_72939_s(WorldServer.java:489)
[22:05:03] [Server thread/INFO]: [java.lang.Throwable$WrappedPrintStream:println:748]: 	at net.minecraft.server.MinecraftServer.func_71190_q(MinecraftServer.java:636)
[22:05:03] [Server thread/INFO]: [java.lang.Throwable$WrappedPrintStream:println:748]: 	at net.minecraft.server.MinecraftServer.func_71217_p(MinecraftServer.java:547)
[22:05:03] [Server thread/INFO]: [java.lang.Throwable$WrappedPrintStream:println:748]: 	at net.minecraft.server.integrated.IntegratedServer.func_71217_p(IntegratedServer.java:111)
[22:05:03] [Server thread/INFO]: [java.lang.Throwable$WrappedPrintStream:println:748]: 	at net.minecraft.server.MinecraftServer.run(MinecraftServer.java:427)
[22:05:03] [Server thread/INFO]: [java.lang.Throwable$WrappedPrintStream:println:748]: 	at net.minecraft.server.MinecraftServer$2.run(MinecraftServer.java:685)
[22:05:03] [Server thread/INFO]: [java.lang.Throwable$WrappedPrintStream:println:748]: Caused by: javax.script.ScriptException: TypeError: jp.kaiz.kaizpatch.rtm.rail.TileEntityLargeRailSectionCore@3eea27f5 has no such function "getWorldObj" in <eval> at line number 4573
[22:05:03] [Server thread/INFO]: [java.lang.Throwable$WrappedPrintStream:println:748]: 	at jdk.nashorn.api.scripting.NashornScriptEngine.throwAsScriptException(NashornScriptEngine.java:455)
[22:05:03] [Server thread/INFO]: [java.lang.Throwable$WrappedPrintStream:println:748]: 	at jdk.nashorn.api.scripting.NashornScriptEngine.invokeImpl(NashornScriptEngine.java:387)
[22:05:03] [Server thread/INFO]: [java.lang.Throwable$WrappedPrintStream:println:748]: 	at jdk.nashorn.api.scripting.NashornScriptEngine.invokeFunction(NashornScriptEngine.java:187)
[22:05:03] [Server thread/INFO]: [java.lang.Throwable$WrappedPrintStream:println:748]: 	at jp.ngt.ngtlib.io.ScriptUtil.doScriptFunction(ScriptUtil.java:58)
[22:05:03] [Server thread/INFO]: [java.lang.Throwable$WrappedPrintStream:println:748]: 	... 21 more
[22:05:03] [Server thread/INFO]: [java.lang.Throwable$WrappedPrintStream:println:748]: Caused by: <eval>:4573 TypeError: jp.kaiz.kaizpatch.rtm.rail.TileEntityLargeRailSectionCore@3eea27f5 has no such function "getWorldObj"
[22:05:03] [Server thread/INFO]: [java.lang.Throwable$WrappedPrintStream:println:748]: 	at jdk.nashorn.internal.runtime.ECMAErrors.error(ECMAErrors.java:57)
[22:05:03] [Server thread/INFO]: [java.lang.Throwable$WrappedPrintStream:println:748]: 	at jdk.nashorn.internal.runtime.ECMAErrors.typeError(ECMAErrors.java:213)
[22:05:03] [Server thread/INFO]: [java.lang.Throwable$WrappedPrintStream:println:748]: 	at jdk.nashorn.internal.runtime.ECMAErrors.typeError(ECMAErrors.java:185)
[22:05:03] [Server thread/INFO]: [java.lang.Throwable$WrappedPrintStream:println:748]: 	at jdk.nashorn.internal.runtime.ECMAErrors.typeError(ECMAErrors.java:172)
[22:05:03] [Server thread/INFO]: [java.lang.Throwable$WrappedPrintStream:println:748]: 	at jdk.nashorn.internal.runtime.linker.NashornBottomLinker.linkBean(NashornBottomLinker.java:103)
[22:05:03] [Server thread/INFO]: [java.lang.Throwable$WrappedPrintStream:println:748]: 	at jdk.nashorn.internal.runtime.linker.NashornBottomLinker.getGuardedInvocation(NashornBottomLinker.java:71)
[22:05:03] [Server thread/INFO]: [java.lang.Throwable$WrappedPrintStream:println:748]: 	at jdk.internal.dynalink.support.CompositeGuardingDynamicLinker.getGuardedInvocation(CompositeGuardingDynamicLinker.java:124)
[22:05:03] [Server thread/INFO]: [java.lang.Throwable$WrappedPrintStream:println:748]: 	at jdk.internal.dynalink.support.LinkerServicesImpl.getGuardedInvocation(LinkerServicesImpl.java:149)
[22:05:03] [Server thread/INFO]: [java.lang.Throwable$WrappedPrintStream:println:748]: 	at jdk.internal.dynalink.DynamicLinker.relink(DynamicLinker.java:233)
[22:05:03] [Server thread/INFO]: [java.lang.Throwable$WrappedPrintStream:println:748]: 	at jdk.nashorn.internal.scripts.Script$Recompilation$7614$188583AAAAAAAA$\^eval\_.RTMX_loadCompatTarget_kaizpatch_scripts_superrailbuilderx_RailPositionCompat_1suqebq$L:4466$RailPositionCompat$moveSectionedRailPosition(<eval>:4573)
[22:05:03] [Server thread/INFO]: [java.lang.Throwable$WrappedPrintStream:println:748]: 	at jdk.nashorn.internal.scripts.Script$Recompilation$7610$187411AAAAAAAA$\^eval\_.RTMX_loadCompatTarget_kaizpatch_scripts_superrailbuilderx_RailPositionCompat_1suqebq$L:4466$RailPositionCompat$moveRailPosition(<eval>:4537)
[22:05:03] [Server thread/INFO]: [java.lang.Throwable$WrappedPrintStream:println:748]: 	at jdk.nashorn.internal.scripts.Script$Recompilation$7607$200380AA$\^eval\_.applyRequest(<eval>:4807)
[22:05:03] [Server thread/INFO]: [java.lang.Throwable$WrappedPrintStream:println:748]: 	at jdk.nashorn.internal.scripts.Script$Recompilation$7571$201151AA$\^eval\_.onUpdate(<eval>:4843)
[22:05:03] [Server thread/INFO]: [java.lang.Throwable$WrappedPrintStream:println:748]: 	at jdk.nashorn.internal.runtime.ScriptFunctionData.invoke(ScriptFunctionData.java:640)
[22:05:03] [Server thread/INFO]: [java.lang.Throwable$WrappedPrintStream:println:748]: 	at jdk.nashorn.internal.runtime.ScriptFunction.invoke(ScriptFunction.java:229)
[22:05:03] [Server thread/INFO]: [java.lang.Throwable$WrappedPrintStream:println:748]: 	at jdk.nashorn.internal.runtime.ScriptRuntime.apply(ScriptRuntime.java:387)
[22:05:03] [Server thread/INFO]: [java.lang.Throwable$WrappedPrintStream:println:748]: 	at jdk.nashorn.api.scripting.ScriptObjectMirror.callMember(ScriptObjectMirror.java:192)
[22:05:03] [Server thread/INFO]: [java.lang.Throwable$WrappedPrintStream:println:748]: 	at jdk.nashorn.api.scripting.NashornScriptEngine.invokeImpl(NashornScriptEngine.java:381)
[22:05:03] [Server thread/INFO]: [java.lang.Throwable$WrappedPrintStream:println:748]: 	... 23 more
[22:05:03] [Server thread/INFO]: [java.lang.Throwable$WrappedPrintStream:println:748]: java.lang.RuntimeException: Script exec error : onUpdate
[22:05:03] [Server thread/INFO]: [java.lang.Throwable$WrappedPrintStream:println:748]: 	at jp.ngt.ngtlib.io.ScriptUtil.doScriptFunction(ScriptUtil.java:60)
[22:05:03] [Server thread/INFO]: [java.lang.Throwable$WrappedPrintStream:println:748]: 	at jp.ngt.ngtlib.io.ScriptUtil.doScriptIgnoreError(ScriptUtil.java:66)
[22:05:03] [Server thread/INFO]: [java.lang.Throwable$WrappedPrintStream:println:748]: 	at jp.ngt.rtm.modelpack.ScriptExecuter.callMethod(ScriptExecuter.java:24)
[22:05:03] [Server thread/INFO]: [java.lang.Throwable$WrappedPrintStream:println:748]: 	at jp.ngt.rtm.modelpack.ScriptExecuter.execScript(ScriptExecuter.java:36)
[22:05:03] [Server thread/INFO]: [java.lang.Throwable$WrappedPrintStream:println:748]: 	at jp.ngt.rtm.modelpack.ScriptExecuter.execScript(ScriptExecuter.java:30)
[22:05:03] [Server thread/INFO]: [java.lang.Throwable$WrappedPrintStream:println:748]: 	at jp.ngt.rtm.entity.vehicle.EntityVehicleBase.onVehicleUpdate(EntityVehicleBase.java:203)
[22:05:03] [Server thread/INFO]: [java.lang.Throwable$WrappedPrintStream:println:748]: 	at jp.ngt.rtm.entity.vehicle.EntityVehicle.onVehicleUpdate(EntityVehicle.java:66)
[22:05:03] [Server thread/INFO]: [java.lang.Throwable$WrappedPrintStream:println:748]: 	at jp.ngt.rtm.entity.vehicle.EntityVehicleBase.func_70071_h_(EntityVehicleBase.java:168)
[22:05:03] [Server thread/INFO]: [java.lang.Throwable$WrappedPrintStream:println:748]: 	at net.minecraft.entity.Entity.func_70098_U(Entity.java:1579)
[22:05:03] [Server thread/INFO]: [java.lang.Throwable$WrappedPrintStream:println:748]: 	at net.minecraft.world.World.func_72866_a(World.java:2066)
[22:05:03] [Server thread/INFO]: [java.lang.Throwable$WrappedPrintStream:println:748]: 	at net.minecraft.world.WorldServer.func_72866_a(WorldServer.java:648)
[22:05:03] [Server thread/INFO]: [java.lang.Throwable$WrappedPrintStream:println:748]: 	at net.minecraft.world.World.func_72870_g(World.java:2034)
[22:05:03] [Server thread/INFO]: [java.lang.Throwable$WrappedPrintStream:println:748]: 	at net.minecraft.world.World.func_72866_a(World.java:2129)
[22:05:03] [Server thread/INFO]: [java.lang.Throwable$WrappedPrintStream:println:748]: 	at net.minecraft.world.WorldServer.func_72866_a(WorldServer.java:648)
[22:05:03] [Server thread/INFO]: [java.lang.Throwable$WrappedPrintStream:println:748]: 	at net.minecraft.world.World.func_72870_g(World.java:2034)
[22:05:03] [Server thread/INFO]: [java.lang.Throwable$WrappedPrintStream:println:748]: 	at net.minecraft.world.World.func_72939_s(World.java:1887)
[22:05:03] [Server thread/INFO]: [java.lang.Throwable$WrappedPrintStream:println:748]: 	at net.minecraft.world.WorldServer.func_72939_s(WorldServer.java:489)
[22:05:03] [Server thread/INFO]: [java.lang.Throwable$WrappedPrintStream:println:748]: 	at net.minecraft.server.MinecraftServer.func_71190_q(MinecraftServer.java:636)
[22:05:03] [Server thread/INFO]: [java.lang.Throwable$WrappedPrintStream:println:748]: 	at net.minecraft.server.MinecraftServer.func_71217_p(MinecraftServer.java:547)
[22:05:03] [Server thread/INFO]: [java.lang.Throwable$WrappedPrintStream:println:748]: 	at net.minecraft.server.integrated.IntegratedServer.func_71217_p(IntegratedServer.java:111)
[22:05:03] [Server thread/INFO]: [java.lang.Throwable$WrappedPrintStream:println:748]: 	at net.minecraft.server.MinecraftServer.run(MinecraftServer.java:427)
[22:05:03] [Server thread/INFO]: [java.lang.Throwable$WrappedPrintStream:println:748]: 	at net.minecraft.server.MinecraftServer$2.run(MinecraftServer.java:685)
[22:05:03] [Server thread/INFO]: [java.lang.Throwable$WrappedPrintStream:println:748]: Caused by: javax.script.ScriptException: TypeError: jp.kaiz.kaizpatch.rtm.rail.TileEntityLargeRailSectionCore@3eea27f5 has no such function "getWorldObj" in <eval> at line number 4573
[22:05:03] [Server thread/INFO]: [java.lang.Throwable$WrappedPrintStream:println:748]: 	at jdk.nashorn.api.scripting.NashornScriptEngine.throwAsScriptException(NashornScriptEngine.java:455)
[22:05:03] [Server thread/INFO]: [java.lang.Throwable$WrappedPrintStream:println:748]: 	at jdk.nashorn.api.scripting.NashornScriptEngine.invokeImpl(NashornScriptEngine.java:387)
[22:05:03] [Server thread/INFO]: [java.lang.Throwable$WrappedPrintStream:println:748]: 	at jdk.nashorn.api.scripting.NashornScriptEngine.invokeFunction(NashornScriptEngine.java:187)
[22:05:03] [Server thread/INFO]: [java.lang.Throwable$WrappedPrintStream:println:748]: 	at jp.ngt.ngtlib.io.ScriptUtil.doScriptFunction(ScriptUtil.java:58)
[22:05:03] [Server thread/INFO]: [java.lang.Throwable$WrappedPrintStream:println:748]: 	... 21 more
[22:05:03] [Server thread/INFO]: [java.lang.Throwable$WrappedPrintStream:println:748]: Caused by: <eval>:4573 TypeError: jp.kaiz.kaizpatch.rtm.rail.TileEntityLargeRailSectionCore@3eea27f5 has no such function "getWorldObj"
[22:05:03] [Server thread/INFO]: [java.lang.Throwable$WrappedPrintStream:println:748]: 	at jdk.nashorn.internal.runtime.ECMAErrors.error(ECMAErrors.java:57)
[22:05:03] [Server thread/INFO]: [java.lang.Throwable$WrappedPrintStream:println:748]: 	at jdk.nashorn.internal.runtime.ECMAErrors.typeError(ECMAErrors.java:213)
[22:05:03] [Server thread/INFO]: [java.lang.Throwable$WrappedPrintStream:println:748]: 	at jdk.nashorn.internal.runtime.ECMAErrors.typeError(ECMAErrors.java:185)
[22:05:03] [Server thread/INFO]: [java.lang.Throwable$WrappedPrintStream:println:748]: 	at jdk.nashorn.internal.runtime.ECMAErrors.typeError(ECMAErrors.java:172)
[22:05:03] [Server thread/INFO]: [java.lang.Throwable$WrappedPrintStream:println:748]: 	at jdk.nashorn.internal.runtime.linker.NashornBottomLinker.linkBean(NashornBottomLinker.java:103)
[22:05:03] [Server thread/INFO]: [java.lang.Throwable$WrappedPrintStream:println:748]: 	at jdk.nashorn.internal.runtime.linker.NashornBottomLinker.getGuardedInvocation(NashornBottomLinker.java:71)
[22:05:03] [Server thread/INFO]: [java.lang.Throwable$WrappedPrintStream:println:748]: 	at jdk.internal.dynalink.support.CompositeGuardingDynamicLinker.getGuardedInvocation(CompositeGuardingDynamicLinker.java:124)
[22:05:03] [Server thread/INFO]: [java.lang.Throwable$WrappedPrintStream:println:748]: 	at jdk.internal.dynalink.support.LinkerServicesImpl.getGuardedInvocation(LinkerServicesImpl.java:149)
[22:05:03] [Server thread/INFO]: [java.lang.Throwable$WrappedPrintStream:println:748]: 	at jdk.internal.dynalink.DynamicLinker.relink(DynamicLinker.java:233)
[22:05:03] [Server thread/INFO]: [java.lang.Throwable$WrappedPrintStream:println:748]: 	at jdk.nashorn.internal.scripts.Script$Recompilation$7614$188583AAAAAAAA$\^eval\_.RTMX_loadCompatTarget_kaizpatch_scripts_superrailbuilderx_RailPositionCompat_1suqebq$L:4466$RailPositionCompat$moveSectionedRailPosition(<eval>:4573)
[22:05:03] [Server thread/INFO]: [java.lang.Throwable$WrappedPrintStream:println:748]: 	at jdk.nashorn.internal.scripts.Script$Recompilation$7610$187411AAAAAAAA$\^eval\_.RTMX_loadCompatTarget_kaizpatch_scripts_superrailbuilderx_RailPositionCompat_1suqebq$L:4466$RailPositionCompat$moveRailPosition(<eval>:4537)
[22:05:03] [Server thread/INFO]: [java.lang.Throwable$WrappedPrintStream:println:748]: 	at jdk.nashorn.internal.scripts.Script$Recompilation$7607$200380AA$\^eval\_.applyRequest(<eval>:4807)
[22:05:03] [Server thread/INFO]: [java.lang.Throwable$WrappedPrintStream:println:748]: 	at jdk.nashorn.internal.scripts.Script$Recompilation$7571$201151AA$\^eval\_.onUpdate(<eval>:4843)
[22:05:03] [Server thread/INFO]: [java.lang.Throwable$WrappedPrintStream:println:748]: 	at jdk.nashorn.internal.runtime.ScriptFunctionData.invoke(ScriptFunctionData.java:640)
[22:05:03] [Server thread/INFO]: [java.lang.Throwable$WrappedPrintStream:println:748]: 	at jdk.nashorn.internal.runtime.ScriptFunction.invoke(ScriptFunction.java:229)
[22:05:03] [Server thread/INFO]: [java.lang.Throwable$WrappedPrintStream:println:748]: 	at jdk.nashorn.internal.runtime.ScriptRuntime.apply(ScriptRuntime.java:387)
[22:05:03] [Server thread/INFO]: [java.lang.Throwable$WrappedPrintStream:println:748]: 	at jdk.nashorn.api.scripting.ScriptObjectMirror.callMember(ScriptObjectMirror.java:192)
[22:05:03] [Server thread/INFO]: [java.lang.Throwable$WrappedPrintStream:println:748]: 	at jdk.nashorn.api.scripting.NashornScriptEngine.invokeImpl(NashornScriptEngine.java:381)
[22:05:03] [Server thread/INFO]: [java.lang.Throwable$WrappedPrintStream:println:748]: 	... 23 more
[22:05:03] [Server thread/INFO]: [java.lang.Throwable$WrappedPrintStream:println:748]: java.lang.RuntimeException: Script exec error : onUpdate
[22:05:03] [Server thread/INFO]: [java.lang.Throwable$WrappedPrintStream:println:748]: 	at jp.ngt.ngtlib.io.ScriptUtil.doScriptFunction(ScriptUtil.java:60)
[22:05:03] [Server thread/INFO]: [java.lang.Throwable$WrappedPrintStream:println:748]: 	at jp.ngt.ngtlib.io.ScriptUtil.doScriptIgnoreError(ScriptUtil.java:66)
[22:05:03] [Server thread/INFO]: [java.lang.Throwable$WrappedPrintStream:println:748]: 	at jp.ngt.rtm.modelpack.ScriptExecuter.callMethod(ScriptExecuter.java:24)
[22:05:03] [Server thread/INFO]: [java.lang.Throwable$WrappedPrintStream:println:748]: 	at jp.ngt.rtm.modelpack.ScriptExecuter.execScript(ScriptExecuter.java:36)
[22:05:03] [Server thread/INFO]: [java.lang.Throwable$WrappedPrintStream:println:748]: 	at jp.ngt.rtm.modelpack.ScriptExecuter.execScript(ScriptExecuter.java:30)
[22:05:03] [Server thread/INFO]: [java.lang.Throwable$WrappedPrintStream:println:748]: 	at jp.ngt.rtm.entity.vehicle.EntityVehicleBase.onVehicleUpdate(EntityVehicleBase.java:203)
[22:05:03] [Server thread/INFO]: [java.lang.Throwable$WrappedPrintStream:println:748]: 	at jp.ngt.rtm.entity.vehicle.EntityVehicle.onVehicleUpdate(EntityVehicle.java:66)
[22:05:03] [Server thread/INFO]: [java.lang.Throwable$WrappedPrintStream:println:748]: 	at jp.ngt.rtm.entity.vehicle.EntityVehicleBase.func_70071_h_(EntityVehicleBase.java:168)
[22:05:03] [Server thread/INFO]: [java.lang.Throwable$WrappedPrintStream:println:748]: 	at net.minecraft.entity.Entity.func_70098_U(Entity.java:1579)
[22:05:03] [Server thread/INFO]: [java.lang.Throwable$WrappedPrintStream:println:748]: 	at net.minecraft.world.World.func_72866_a(World.java:2066)
[22:05:03] [Server thread/INFO]: [java.lang.Throwable$WrappedPrintStream:println:748]: 	at net.minecraft.world.WorldServer.func_72866_a(WorldServer.java:648)
[22:05:03] [Server thread/INFO]: [java.lang.Throwable$WrappedPrintStream:println:748]: 	at net.minecraft.world.World.func_72870_g(World.java:2034)
[22:05:03] [Server thread/INFO]: [java.lang.Throwable$WrappedPrintStream:println:748]: 	at net.minecraft.world.World.func_72866_a(World.java:2129)
[22:05:03] [Server thread/INFO]: [java.lang.Throwable$WrappedPrintStream:println:748]: 	at net.minecraft.world.WorldServer.func_72866_a(WorldServer.java:648)
[22:05:03] [Server thread/INFO]: [java.lang.Throwable$WrappedPrintStream:println:748]: 	at net.minecraft.world.World.func_72870_g(World.java:2034)
[22:05:03] [Server thread/INFO]: [java.lang.Throwable$WrappedPrintStream:println:748]: 	at net.minecraft.world.World.func_72939_s(World.java:1887)
[22:05:03] [Server thread/INFO]: [java.lang.Throwable$WrappedPrintStream:println:748]: 	at net.minecraft.world.WorldServer.func_72939_s(WorldServer.java:489)
[22:05:03] [Server thread/INFO]: [java.lang.Throwable$WrappedPrintStream:println:748]: 	at net.minecraft.server.MinecraftServer.func_71190_q(MinecraftServer.java:636)
[22:05:03] [Server thread/INFO]: [java.lang.Throwable$WrappedPrintStream:println:748]: 	at net.minecraft.server.MinecraftServer.func_71217_p(MinecraftServer.java:547)
[22:05:03] [Server thread/INFO]: [java.lang.Throwable$WrappedPrintStream:println:748]: 	at net.minecraft.server.integrated.IntegratedServer.func_71217_p(IntegratedServer.java:111)
[22:05:03] [Server thread/INFO]: [java.lang.Throwable$WrappedPrintStream:println:748]: 	at net.minecraft.server.MinecraftServer.run(MinecraftServer.java:427)
[22:05:03] [Server thread/INFO]: [java.lang.Throwable$WrappedPrintStream:println:748]: 	at net.minecraft.server.MinecraftServer$2.run(MinecraftServer.java:685)
[22:05:03] [Server thread/INFO]: [java.lang.Throwable$WrappedPrintStream:println:748]: Caused by: javax.script.ScriptException: TypeError: jp.kaiz.kaizpatch.rtm.rail.TileEntityLargeRailSectionCore@3eea27f5 has no such function "getWorldObj" in <eval> at line number 4573
[22:05:03] [Server thread/INFO]: [java.lang.Throwable$WrappedPrintStream:println:748]: 	at jdk.nashorn.api.scripting.NashornScriptEngine.throwAsScriptException(NashornScriptEngine.java:455)
[22:05:03] [Server thread/INFO]: [java.lang.Throwable$WrappedPrintStream:println:748]: 	at jdk.nashorn.api.scripting.NashornScriptEngine.invokeImpl(NashornScriptEngine.java:387)
[22:05:03] [Server thread/INFO]: [java.lang.Throwable$WrappedPrintStream:println:748]: 	at jdk.nashorn.api.scripting.NashornScriptEngine.invokeFunction(NashornScriptEngine.java:187)
[22:05:03] [Server thread/INFO]: [java.lang.Throwable$WrappedPrintStream:println:748]: 	at jp.ngt.ngtlib.io.ScriptUtil.doScriptFunction(ScriptUtil.java:58)
[22:05:03] [Server thread/INFO]: [java.lang.Throwable$WrappedPrintStream:println:748]: 	... 21 more
[22:05:03] [Server thread/INFO]: [java.lang.Throwable$WrappedPrintStream:println:748]: Caused by: <eval>:4573 TypeError: jp.kaiz.kaizpatch.rtm.rail.TileEntityLargeRailSectionCore@3eea27f5 has no such function "getWorldObj"
[22:05:03] [Server thread/INFO]: [java.lang.Throwable$WrappedPrintStream:println:748]: 	at jdk.nashorn.internal.runtime.ECMAErrors.error(ECMAErrors.java:57)
[22:05:03] [Server thread/INFO]: [java.lang.Throwable$WrappedPrintStream:println:748]: 	at jdk.nashorn.internal.runtime.ECMAErrors.typeError(ECMAErrors.java:213)
[22:05:03] [Server thread/INFO]: [java.lang.Throwable$WrappedPrintStream:println:748]: 	at jdk.nashorn.internal.runtime.ECMAErrors.typeError(ECMAErrors.java:185)
[22:05:03] [Server thread/INFO]: [java.lang.Throwable$WrappedPrintStream:println:748]: 	at jdk.nashorn.internal.runtime.ECMAErrors.typeError(ECMAErrors.java:172)
[22:05:03] [Server thread/INFO]: [java.lang.Throwable$WrappedPrintStream:println:748]: 	at jdk.nashorn.internal.runtime.linker.NashornBottomLinker.linkBean(NashornBottomLinker.java:103)
[22:05:03] [Server thread/INFO]: [java.lang.Throwable$WrappedPrintStream:println:748]: 	at jdk.nashorn.internal.runtime.linker.NashornBottomLinker.getGuardedInvocation(NashornBottomLinker.java:71)
[22:05:03] [Server thread/INFO]: [java.lang.Throwable$WrappedPrintStream:println:748]: 	at jdk.internal.dynalink.support.CompositeGuardingDynamicLinker.getGuardedInvocation(CompositeGuardingDynamicLinker.java:124)
[22:05:03] [Server thread/INFO]: [java.lang.Throwable$WrappedPrintStream:println:748]: 	at jdk.internal.dynalink.support.LinkerServicesImpl.getGuardedInvocation(LinkerServicesImpl.java:149)
[22:05:03] [Server thread/INFO]: [java.lang.Throwable$WrappedPrintStream:println:748]: 	at jdk.internal.dynalink.DynamicLinker.relink(DynamicLinker.java:233)
[22:05:03] [Server thread/INFO]: [java.lang.Throwable$WrappedPrintStream:println:748]: 	at jdk.nashorn.internal.scripts.Script$Recompilation$7614$188583AAAAAAAA$\^eval\_.RTMX_loadCompatTarget_kaizpatch_scripts_superrailbuilderx_RailPositionCompat_1suqebq$L:4466$RailPositionCompat$moveSectionedRailPosition(<eval>:4573)
[22:05:03] [Server thread/INFO]: [java.lang.Throwable$WrappedPrintStream:println:748]: 	at jdk.nashorn.internal.scripts.Script$Recompilation$7610$187411AAAAAAAA$\^eval\_.RTMX_loadCompatTarget_kaizpatch_scripts_superrailbuilderx_RailPositionCompat_1suqebq$L:4466$RailPositionCompat$moveRailPosition(<eval>:4537)
[22:05:03] [Server thread/INFO]: [java.lang.Throwable$WrappedPrintStream:println:748]: 	at jdk.nashorn.internal.scripts.Script$Recompilation$7607$200380AA$\^eval\_.applyRequest(<eval>:4807)
[22:05:03] [Server thread/INFO]: [java.lang.Throwable$WrappedPrintStream:println:748]: 	at jdk.nashorn.internal.scripts.Script$Recompilation$7571$201151AA$\^eval\_.onUpdate(<eval>:4843)
[22:05:03] [Server thread/INFO]: [java.lang.Throwable$WrappedPrintStream:println:748]: 	at jdk.nashorn.internal.runtime.ScriptFunctionData.invoke(ScriptFunctionData.java:640)
[22:05:03] [Server thread/INFO]: [java.lang.Throwable$WrappedPrintStream:println:748]: 	at jdk.nashorn.internal.runtime.ScriptFunction.invoke(ScriptFunction.java:229)
[22:05:03] [Server thread/INFO]: [java.lang.Throwable$WrappedPrintStream:println:748]: 	at jdk.nashorn.internal.runtime.ScriptRuntime.apply(ScriptRuntime.java:387)
[22:05:03] [Server thread/INFO]: [java.lang.Throwable$WrappedPrintStream:println:748]: 	at jdk.nashorn.api.scripting.ScriptObjectMirror.callMember(ScriptObjectMirror.java:192)
[22:05:03] [Server thread/INFO]: [java.lang.Throwable$WrappedPrintStream:println:748]: 	at jdk.nashorn.api.scripting.NashornScriptEngine.invokeImpl(NashornScriptEngine.java:381)
[22:05:03] [Server thread/INFO]: [java.lang.Throwable$WrappedPrintStream:println:748]: 	... 23 more
[22:05:03] [Server thread/INFO]: [java.lang.Throwable$WrappedPrintStream:println:748]: java.lang.RuntimeException: Script exec error : onUpdate
[22:05:03] [Server thread/INFO]: [java.lang.Throwable$WrappedPrintStream:println:748]: 	at jp.ngt.ngtlib.io.ScriptUtil.doScriptFunction(ScriptUtil.java:60)
[22:05:03] [Server thread/INFO]: [java.lang.Throwable$WrappedPrintStream:println:748]: 	at jp.ngt.ngtlib.io.ScriptUtil.doScriptIgnoreError(ScriptUtil.java:66)
[22:05:03] [Server thread/INFO]: [java.lang.Throwable$WrappedPrintStream:println:748]: 	at jp.ngt.rtm.modelpack.ScriptExecuter.callMethod(ScriptExecuter.java:24)
[22:05:03] [Server thread/INFO]: [java.lang.Throwable$WrappedPrintStream:println:748]: 	at jp.ngt.rtm.modelpack.ScriptExecuter.execScript(ScriptExecuter.java:36)
[22:05:03] [Server thread/INFO]: [java.lang.Throwable$WrappedPrintStream:println:748]: 	at jp.ngt.rtm.modelpack.ScriptExecuter.execScript(ScriptExecuter.java:30)
[22:05:03] [Server thread/INFO]: [java.lang.Throwable$WrappedPrintStream:println:748]: 	at jp.ngt.rtm.entity.vehicle.EntityVehicleBase.onVehicleUpdate(EntityVehicleBase.java:203)
[22:05:03] [Server thread/INFO]: [java.lang.Throwable$WrappedPrintStream:println:748]: 	at jp.ngt.rtm.entity.vehicle.EntityVehicle.onVehicleUpdate(EntityVehicle.java:66)
[22:05:03] [Server thread/INFO]: [java.lang.Throwable$WrappedPrintStream:println:748]: 	at jp.ngt.rtm.entity.vehicle.EntityVehicleBase.func_70071_h_(EntityVehicleBase.java:168)
[22:05:03] [Server thread/INFO]: [java.lang.Throwable$WrappedPrintStream:println:748]: 	at net.minecraft.entity.Entity.func_70098_U(Entity.java:1579)
[22:05:03] [Server thread/INFO]: [java.lang.Throwable$WrappedPrintStream:println:748]: 	at net.minecraft.world.World.func_72866_a(World.java:2066)
[22:05:03] [Server thread/INFO]: [java.lang.Throwable$WrappedPrintStream:println:748]: 	at net.minecraft.world.WorldServer.func_72866_a(WorldServer.java:648)
[22:05:03] [Server thread/INFO]: [java.lang.Throwable$WrappedPrintStream:println:748]: 	at net.minecraft.world.World.func_72870_g(World.java:2034)
[22:05:03] [Server thread/INFO]: [java.lang.Throwable$WrappedPrintStream:println:748]: 	at net.minecraft.world.World.func_72866_a(World.java:2129)
[22:05:03] [Server thread/INFO]: [java.lang.Throwable$WrappedPrintStream:println:748]: 	at net.minecraft.world.WorldServer.func_72866_a(WorldServer.java:648)
[22:05:03] [Server thread/INFO]: [java.lang.Throwable$WrappedPrintStream:println:748]: 	at net.minecraft.world.World.func_72870_g(World.java:2034)
[22:05:03] [Server thread/INFO]: [java.lang.Throwable$WrappedPrintStream:println:748]: 	at net.minecraft.world.World.func_72939_s(World.java:1887)
[22:05:03] [Server thread/INFO]: [java.lang.Throwable$WrappedPrintStream:println:748]: 	at net.minecraft.world.WorldServer.func_72939_s(WorldServer.java:489)
[22:05:03] [Server thread/INFO]: [java.lang.Throwable$WrappedPrintStream:println:748]: 	at net.minecraft.server.MinecraftServer.func_71190_q(MinecraftServer.java:636)
[22:05:03] [Server thread/INFO]: [java.lang.Throwable$WrappedPrintStream:println:748]: 	at net.minecraft.server.MinecraftServer.func_71217_p(MinecraftServer.java:547)
[22:05:03] [Server thread/INFO]: [java.lang.Throwable$WrappedPrintStream:println:748]: 	at net.minecraft.server.integrated.IntegratedServer.func_71217_p(IntegratedServer.java:111)
[22:05:03] [Server thread/INFO]: [java.lang.Throwable$WrappedPrintStream:println:748]: 	at net.minecraft.server.MinecraftServer.run(MinecraftServer.java:427)
[22:05:03] [Server thread/INFO]: [java.lang.Throwable$WrappedPrintStream:println:748]: 	at net.minecraft.server.MinecraftServer$2.run(MinecraftServer.java:685)
[22:05:03] [Server thread/INFO]: [java.lang.Throwable$WrappedPrintStream:println:748]: Caused by: javax.script.ScriptException: TypeError: jp.kaiz.kaizpatch.rtm.rail.TileEntityLargeRailSectionCore@3eea27f5 has no such function "getWorldObj" in <eval> at line number 4573
[22:05:03] [Server thread/INFO]: [java.lang.Throwable$WrappedPrintStream:println:748]: 	at jdk.nashorn.api.scripting.NashornScriptEngine.throwAsScriptException(NashornScriptEngine.java:455)
[22:05:03] [Server thread/INFO]: [java.lang.Throwable$WrappedPrintStream:println:748]: 	at jdk.nashorn.api.scripting.NashornScriptEngine.invokeImpl(NashornScriptEngine.java:387)
[22:05:03] [Server thread/INFO]: [java.lang.Throwable$WrappedPrintStream:println:748]: 	at jdk.nashorn.api.scripting.NashornScriptEngine.invokeFunction(NashornScriptEngine.java:187)
[22:05:03] [Server thread/INFO]: [java.lang.Throwable$WrappedPrintStream:println:748]: 	at jp.ngt.ngtlib.io.ScriptUtil.doScriptFunction(ScriptUtil.java:58)
[22:05:03] [Server thread/INFO]: [java.lang.Throwable$WrappedPrintStream:println:748]: 	... 21 more
[22:05:03] [Server thread/INFO]: [java.lang.Throwable$WrappedPrintStream:println:748]: Caused by: <eval>:4573 TypeError: jp.kaiz.kaizpatch.rtm.rail.TileEntityLargeRailSectionCore@3eea27f5 has no such function "getWorldObj"
[22:05:03] [Server thread/INFO]: [java.lang.Throwable$WrappedPrintStream:println:748]: 	at jdk.nashorn.internal.runtime.ECMAErrors.error(ECMAErrors.java:57)
[22:05:03] [Server thread/INFO]: [java.lang.Throwable$WrappedPrintStream:println:748]: 	at jdk.nashorn.internal.runtime.ECMAErrors.typeError(ECMAErrors.java:213)
[22:05:03] [Server thread/INFO]: [java.lang.Throwable$WrappedPrintStream:println:748]: 	at jdk.nashorn.internal.runtime.ECMAErrors.typeError(ECMAErrors.java:185)
[22:05:03] [Server thread/INFO]: [java.lang.Throwable$WrappedPrintStream:println:748]: 	at jdk.nashorn.internal.runtime.ECMAErrors.typeError(ECMAErrors.java:172)
[22:05:03] [Server thread/INFO]: [java.lang.Throwable$WrappedPrintStream:println:748]: 	at jdk.nashorn.internal.runtime.linker.NashornBottomLinker.linkBean(NashornBottomLinker.java:103)
[22:05:03] [Server thread/INFO]: [java.lang.Throwable$WrappedPrintStream:println:748]: 	at jdk.nashorn.internal.runtime.linker.NashornBottomLinker.getGuardedInvocation(NashornBottomLinker.java:71)
[22:05:03] [Server thread/INFO]: [java.lang.Throwable$WrappedPrintStream:println:748]: 	at jdk.internal.dynalink.support.CompositeGuardingDynamicLinker.getGuardedInvocation(CompositeGuardingDynamicLinker.java:124)
[22:05:03] [Server thread/INFO]: [java.lang.Throwable$WrappedPrintStream:println:748]: 	at jdk.internal.dynalink.support.LinkerServicesImpl.getGuardedInvocation(LinkerServicesImpl.java:149)
[22:05:03] [Server thread/INFO]: [java.lang.Throwable$WrappedPrintStream:println:748]: 	at jdk.internal.dynalink.DynamicLinker.relink(DynamicLinker.java:233)
[22:05:03] [Server thread/INFO]: [java.lang.Throwable$WrappedPrintStream:println:748]: 	at jdk.nashorn.internal.scripts.Script$Recompilation$7614$188583AAAAAAAA$\^eval\_.RTMX_loadCompatTarget_kaizpatch_scripts_superrailbuilderx_RailPositionCompat_1suqebq$L:4466$RailPositionCompat$moveSectionedRailPosition(<eval>:4573)
[22:05:03] [Server thread/INFO]: [java.lang.Throwable$WrappedPrintStream:println:748]: 	at jdk.nashorn.internal.scripts.Script$Recompilation$7610$187411AAAAAAAA$\^eval\_.RTMX_loadCompatTarget_kaizpatch_scripts_superrailbuilderx_RailPositionCompat_1suqebq$L:4466$RailPositionCompat$moveRailPosition(<eval>:4537)
[22:05:03] [Server thread/INFO]: [java.lang.Throwable$WrappedPrintStream:println:748]: 	at jdk.nashorn.internal.scripts.Script$Recompilation$7607$200380AA$\^eval\_.applyRequest(<eval>:4807)
[22:05:03] [Server thread/INFO]: [java.lang.Throwable$WrappedPrintStream:println:748]: 	at jdk.nashorn.internal.scripts.Script$Recompilation$7571$201151AA$\^eval\_.onUpdate(<eval>:4843)
[22:05:03] [Server thread/INFO]: [java.lang.Throwable$WrappedPrintStream:println:748]: 	at jdk.nashorn.internal.runtime.ScriptFunctionData.invoke(ScriptFunctionData.java:640)
[22:05:03] [Server thread/INFO]: [java.lang.Throwable$WrappedPrintStream:println:748]: 	at jdk.nashorn.internal.runtime.ScriptFunction.invoke(ScriptFunction.java:229)
[22:05:03] [Server thread/INFO]: [java.lang.Throwable$WrappedPrintStream:println:748]: 	at jdk.nashorn.internal.runtime.ScriptRuntime.apply(ScriptRuntime.java:387)
[22:05:03] [Server thread/INFO]: [java.lang.Throwable$WrappedPrintStream:println:748]: 	at jdk.nashorn.api.scripting.ScriptObjectMirror.callMember(ScriptObjectMirror.java:192)
[22:05:03] [Server thread/INFO]: [java.lang.Throwable$WrappedPrintStream:println:748]: 	at jdk.nashorn.api.scripting.NashornScriptEngine.invokeImpl(NashornScriptEngine.java:381)
[22:05:03] [Server thread/INFO]: [java.lang.Throwable$WrappedPrintStream:println:748]: 	... 23 more
[22:05:03] [Server thread/INFO]: [java.lang.Throwable$WrappedPrintStream:println:748]: java.lang.RuntimeException: Script exec error : onUpdate
[22:05:03] [Server thread/INFO]: [java.lang.Throwable$WrappedPrintStream:println:748]: 	at jp.ngt.ngtlib.io.ScriptUtil.doScriptFunction(ScriptUtil.java:60)
[22:05:03] [Server thread/INFO]: [java.lang.Throwable$WrappedPrintStream:println:748]: 	at jp.ngt.ngtlib.io.ScriptUtil.doScriptIgnoreError(ScriptUtil.java:66)
[22:05:03] [Server thread/INFO]: [java.lang.Throwable$WrappedPrintStream:println:748]: 	at jp.ngt.rtm.modelpack.ScriptExecuter.callMethod(ScriptExecuter.java:24)
[22:05:03] [Server thread/INFO]: [java.lang.Throwable$WrappedPrintStream:println:748]: 	at jp.ngt.rtm.modelpack.ScriptExecuter.execScript(ScriptExecuter.java:36)
[22:05:03] [Server thread/INFO]: [java.lang.Throwable$WrappedPrintStream:println:748]: 	at jp.ngt.rtm.modelpack.ScriptExecuter.execScript(ScriptExecuter.java:30)
[22:05:03] [Server thread/INFO]: [java.lang.Throwable$WrappedPrintStream:println:748]: 	at jp.ngt.rtm.entity.vehicle.EntityVehicleBase.onVehicleUpdate(EntityVehicleBase.java:203)
[22:05:03] [Server thread/INFO]: [java.lang.Throwable$WrappedPrintStream:println:748]: 	at jp.ngt.rtm.entity.vehicle.EntityVehicle.onVehicleUpdate(EntityVehicle.java:66)
[22:05:03] [Server thread/INFO]: [java.lang.Throwable$WrappedPrintStream:println:748]: 	at jp.ngt.rtm.entity.vehicle.EntityVehicleBase.func_70071_h_(EntityVehicleBase.java:168)
[22:05:03] [Server thread/INFO]: [java.lang.Throwable$WrappedPrintStream:println:748]: 	at net.minecraft.entity.Entity.func_70098_U(Entity.java:1579)
[22:05:03] [Server thread/INFO]: [java.lang.Throwable$WrappedPrintStream:println:748]: 	at net.minecraft.world.World.func_72866_a(World.java:2066)
[22:05:03] [Server thread/INFO]: [java.lang.Throwable$WrappedPrintStream:println:748]: 	at net.minecraft.world.WorldServer.func_72866_a(WorldServer.java:648)
[22:05:03] [Server thread/INFO]: [java.lang.Throwable$WrappedPrintStream:println:748]: 	at net.minecraft.world.World.func_72870_g(World.java:2034)
[22:05:03] [Server thread/INFO]: [java.lang.Throwable$WrappedPrintStream:println:748]: 	at net.minecraft.world.World.func_72866_a(World.java:2129)
[22:05:03] [Server thread/INFO]: [java.lang.Throwable$WrappedPrintStream:println:748]: 	at net.minecraft.world.WorldServer.func_72866_a(WorldServer.java:648)
[22:05:03] [Server thread/INFO]: [java.lang.Throwable$WrappedPrintStream:println:748]: 	at net.minecraft.world.World.func_72870_g(World.java:2034)
[22:05:03] [Server thread/INFO]: [java.lang.Throwable$WrappedPrintStream:println:748]: 	at net.minecraft.world.World.func_72939_s(World.java:1887)
[22:05:03] [Server thread/INFO]: [java.lang.Throwable$WrappedPrintStream:println:748]: 	at net.minecraft.world.WorldServer.func_72939_s(WorldServer.java:489)
[22:05:03] [Server thread/INFO]: [java.lang.Throwable$WrappedPrintStream:println:748]: 	at net.minecraft.server.MinecraftServer.func_71190_q(MinecraftServer.java:636)
[22:05:03] [Server thread/INFO]: [java.lang.Throwable$WrappedPrintStream:println:748]: 	at net.minecraft.server.MinecraftServer.func_71217_p(MinecraftServer.java:547)
[22:05:03] [Server thread/INFO]: [java.lang.Throwable$WrappedPrintStream:println:748]: 	at net.minecraft.server.integrated.IntegratedServer.func_71217_p(IntegratedServer.java:111)
[22:05:03] [Server thread/INFO]: [java.lang.Throwable$WrappedPrintStream:println:748]: 	at net.minecraft.server.MinecraftServer.run(MinecraftServer.java:427)
[22:05:03] [Server thread/INFO]: [java.lang.Throwable$WrappedPrintStream:println:748]: 	at net.minecraft.server.MinecraftServer$2.run(MinecraftServer.java:685)
[22:05:03] [Server thread/INFO]: [java.lang.Throwable$WrappedPrintStream:println:748]: Caused by: javax.script.ScriptException: TypeError: jp.kaiz.kaizpatch.rtm.rail.TileEntityLargeRailSectionCore@3eea27f5 has no such function "getWorldObj" in <eval> at line number 4573
[22:05:03] [Server thread/INFO]: [java.lang.Throwable$WrappedPrintStream:println:748]: 	at jdk.nashorn.api.scripting.NashornScriptEngine.throwAsScriptException(NashornScriptEngine.java:455)
[22:05:03] [Server thread/INFO]: [java.lang.Throwable$WrappedPrintStream:println:748]: 	at jdk.nashorn.api.scripting.NashornScriptEngine.invokeImpl(NashornScriptEngine.java:387)
[22:05:03] [Server thread/INFO]: [java.lang.Throwable$WrappedPrintStream:println:748]: 	at jdk.nashorn.api.scripting.NashornScriptEngine.invokeFunction(NashornScriptEngine.java:187)
[22:05:03] [Server thread/INFO]: [java.lang.Throwable$WrappedPrintStream:println:748]: 	at jp.ngt.ngtlib.io.ScriptUtil.doScriptFunction(ScriptUtil.java:58)
[22:05:03] [Server thread/INFO]: [java.lang.Throwable$WrappedPrintStream:println:748]: 	... 21 more
[22:05:03] [Server thread/INFO]: [java.lang.Throwable$WrappedPrintStream:println:748]: Caused by: <eval>:4573 TypeError: jp.kaiz.kaizpatch.rtm.rail.TileEntityLargeRailSectionCore@3eea27f5 has no such function "getWorldObj"
[22:05:03] [Server thread/INFO]: [java.lang.Throwable$WrappedPrintStream:println:748]: 	at jdk.nashorn.internal.runtime.ECMAErrors.error(ECMAErrors.java:57)
[22:05:03] [Server thread/INFO]: [java.lang.Throwable$WrappedPrintStream:println:748]: 	at jdk.nashorn.internal.runtime.ECMAErrors.typeError(ECMAErrors.java:213)
[22:05:03] [Server thread/INFO]: [java.lang.Throwable$WrappedPrintStream:println:748]: 	at jdk.nashorn.internal.runtime.ECMAErrors.typeError(ECMAErrors.java:185)
[22:05:03] [Server thread/INFO]: [java.lang.Throwable$WrappedPrintStream:println:748]: 	at jdk.nashorn.internal.runtime.ECMAErrors.typeError(ECMAErrors.java:172)
[22:05:03] [Server thread/INFO]: [java.lang.Throwable$WrappedPrintStream:println:748]: 	at jdk.nashorn.internal.runtime.linker.NashornBottomLinker.linkBean(NashornBottomLinker.java:103)
[22:05:03] [Server thread/INFO]: [java.lang.Throwable$WrappedPrintStream:println:748]: 	at jdk.nashorn.internal.runtime.linker.NashornBottomLinker.getGuardedInvocation(NashornBottomLinker.java:71)
[22:05:03] [Server thread/INFO]: [java.lang.Throwable$WrappedPrintStream:println:748]: 	at jdk.internal.dynalink.support.CompositeGuardingDynamicLinker.getGuardedInvocation(CompositeGuardingDynamicLinker.java:124)
[22:05:03] [Server thread/INFO]: [java.lang.Throwable$WrappedPrintStream:println:748]: 	at jdk.internal.dynalink.support.LinkerServicesImpl.getGuardedInvocation(LinkerServicesImpl.java:149)
[22:05:03] [Server thread/INFO]: [java.lang.Throwable$WrappedPrintStream:println:748]: 	at jdk.internal.dynalink.DynamicLinker.relink(DynamicLinker.java:233)
[22:05:03] [Server thread/INFO]: [java.lang.Throwable$WrappedPrintStream:println:748]: 	at jdk.nashorn.internal.scripts.Script$Recompilation$7614$188583AAAAAAAA$\^eval\_.RTMX_loadCompatTarget_kaizpatch_scripts_superrailbuilderx_RailPositionCompat_1suqebq$L:4466$RailPositionCompat$moveSectionedRailPosition(<eval>:4573)
[22:05:03] [Server thread/INFO]: [java.lang.Throwable$WrappedPrintStream:println:748]: 	at jdk.nashorn.internal.scripts.Script$Recompilation$7610$187411AAAAAAAA$\^eval\_.RTMX_loadCompatTarget_kaizpatch_scripts_superrailbuilderx_RailPositionCompat_1suqebq$L:4466$RailPositionCompat$moveRailPosition(<eval>:4537)
[22:05:03] [Server thread/INFO]: [java.lang.Throwable$WrappedPrintStream:println:748]: 	at jdk.nashorn.internal.scripts.Script$Recompilation$7607$200380AA$\^eval\_.applyRequest(<eval>:4807)
[22:05:03] [Server thread/INFO]: [java.lang.Throwable$WrappedPrintStream:println:748]: 	at jdk.nashorn.internal.scripts.Script$Recompilation$7571$201151AA$\^eval\_.onUpdate(<eval>:4843)
[22:05:03] [Server thread/INFO]: [java.lang.Throwable$WrappedPrintStream:println:748]: 	at jdk.nashorn.internal.runtime.ScriptFunctionData.invoke(ScriptFunctionData.java:640)
[22:05:03] [Server thread/INFO]: [java.lang.Throwable$WrappedPrintStream:println:748]: 	at jdk.nashorn.internal.runtime.ScriptFunction.invoke(ScriptFunction.java:229)
[22:05:03] [Server thread/INFO]: [java.lang.Throwable$WrappedPrintStream:println:748]: 	at jdk.nashorn.internal.runtime.ScriptRuntime.apply(ScriptRuntime.java:387)
[22:05:03] [Server thread/INFO]: [java.lang.Throwable$WrappedPrintStream:println:748]: 	at jdk.nashorn.api.scripting.ScriptObjectMirror.callMember(ScriptObjectMirror.java:192)
[22:05:03] [Server thread/INFO]: [java.lang.Throwable$WrappedPrintStream:println:748]: 	at jdk.nashorn.api.scripting.NashornScriptEngine.invokeImpl(NashornScriptEngine.java:381)
[22:05:03] [Server thread/INFO]: [java.lang.Throwable$WrappedPrintStream:println:748]: 	... 23 more
[22:05:03] [Server thread/INFO]: [java.lang.Throwable$WrappedPrintStream:println:748]: java.lang.RuntimeException: Script exec error : onUpdate
[22:05:03] [Server thread/INFO]: [java.lang.Throwable$WrappedPrintStream:println:748]: 	at jp.ngt.ngtlib.io.ScriptUtil.doScriptFunction(ScriptUtil.java:60)
[22:05:03] [Server thread/INFO]: [java.lang.Throwable$WrappedPrintStream:println:748]: 	at jp.ngt.ngtlib.io.ScriptUtil.doScriptIgnoreError(ScriptUtil.java:66)
[22:05:03] [Server thread/INFO]: [java.lang.Throwable$WrappedPrintStream:println:748]: 	at jp.ngt.rtm.modelpack.ScriptExecuter.callMethod(ScriptExecuter.java:24)
[22:05:03] [Server thread/INFO]: [java.lang.Throwable$WrappedPrintStream:println:748]: 	at jp.ngt.rtm.modelpack.ScriptExecuter.execScript(ScriptExecuter.java:36)
[22:05:03] [Server thread/INFO]: [java.lang.Throwable$WrappedPrintStream:println:748]: 	at jp.ngt.rtm.modelpack.ScriptExecuter.execScript(ScriptExecuter.java:30)
[22:05:03] [Server thread/INFO]: [java.lang.Throwable$WrappedPrintStream:println:748]: 	at jp.ngt.rtm.entity.vehicle.EntityVehicleBase.onVehicleUpdate(EntityVehicleBase.java:203)
[22:05:03] [Server thread/INFO]: [java.lang.Throwable$WrappedPrintStream:println:748]: 	at jp.ngt.rtm.entity.vehicle.EntityVehicle.onVehicleUpdate(EntityVehicle.java:66)
[22:05:03] [Server thread/INFO]: [java.lang.Throwable$WrappedPrintStream:println:748]: 	at jp.ngt.rtm.entity.vehicle.EntityVehicleBase.func_70071_h_(EntityVehicleBase.java:168)
[22:05:03] [Server thread/INFO]: [java.lang.Throwable$WrappedPrintStream:println:748]: 	at net.minecraft.entity.Entity.func_70098_U(Entity.java:1579)
[22:05:03] [Server thread/INFO]: [java.lang.Throwable$WrappedPrintStream:println:748]: 	at net.minecraft.world.World.func_72866_a(World.java:2066)
[22:05:03] [Server thread/INFO]: [java.lang.Throwable$WrappedPrintStream:println:748]: 	at net.minecraft.world.WorldServer.func_72866_a(WorldServer.java:648)
[22:05:03] [Server thread/INFO]: [java.lang.Throwable$WrappedPrintStream:println:748]: 	at net.minecraft.world.World.func_72870_g(World.java:2034)
[22:05:03] [Server thread/INFO]: [java.lang.Throwable$WrappedPrintStream:println:748]: 	at net.minecraft.world.World.func_72866_a(World.java:2129)
[22:05:03] [Server thread/INFO]: [java.lang.Throwable$WrappedPrintStream:println:748]: 	at net.minecraft.world.WorldServer.func_72866_a(WorldServer.java:648)
[22:05:03] [Server thread/INFO]: [java.lang.Throwable$WrappedPrintStream:println:748]: 	at net.minecraft.world.World.func_72870_g(World.java:2034)
[22:05:03] [Server thread/INFO]: [java.lang.Throwable$WrappedPrintStream:println:748]: 	at net.minecraft.world.World.func_72939_s(World.java:1887)
[22:05:03] [Server thread/INFO]: [java.lang.Throwable$WrappedPrintStream:println:748]: 	at net.minecraft.world.WorldServer.func_72939_s(WorldServer.java:489)
[22:05:03] [Server thread/INFO]: [java.lang.Throwable$WrappedPrintStream:println:748]: 	at net.minecraft.server.MinecraftServer.func_71190_q(MinecraftServer.java:636)
[22:05:03] [Server thread/INFO]: [java.lang.Throwable$WrappedPrintStream:println:748]: 	at net.minecraft.server.MinecraftServer.func_71217_p(MinecraftServer.java:547)
[22:05:03] [Server thread/INFO]: [java.lang.Throwable$WrappedPrintStream:println:748]: 	at net.minecraft.server.integrated.IntegratedServer.func_71217_p(IntegratedServer.java:111)
[22:05:03] [Server thread/INFO]: [java.lang.Throwable$WrappedPrintStream:println:748]: 	at net.minecraft.server.MinecraftServer.run(MinecraftServer.java:427)
[22:05:03] [Server thread/INFO]: [java.lang.Throwable$WrappedPrintStream:println:748]: 	at net.minecraft.server.MinecraftServer$2.run(MinecraftServer.java:685)
[22:05:03] [Server thread/INFO]: [java.lang.Throwable$WrappedPrintStream:println:748]: Caused by: javax.script.ScriptException: TypeError: jp.kaiz.kaizpatch.rtm.rail.TileEntityLargeRailSectionCore@3eea27f5 has no such function "getWorldObj" in <eval> at line number 4573
[22:05:03] [Server thread/INFO]: [java.lang.Throwable$WrappedPrintStream:println:748]: 	at jdk.nashorn.api.scripting.NashornScriptEngine.throwAsScriptException(NashornScriptEngine.java:455)
[22:05:03] [Server thread/INFO]: [java.lang.Throwable$WrappedPrintStream:println:748]: 	at jdk.nashorn.api.scripting.NashornScriptEngine.invokeImpl(NashornScriptEngine.java:387)
[22:05:03] [Server thread/INFO]: [java.lang.Throwable$WrappedPrintStream:println:748]: 	at jdk.nashorn.api.scripting.NashornScriptEngine.invokeFunction(NashornScriptEngine.java:187)
[22:05:03] [Server thread/INFO]: [java.lang.Throwable$WrappedPrintStream:println:748]: 	at jp.ngt.ngtlib.io.ScriptUtil.doScriptFunction(ScriptUtil.java:58)
[22:05:03] [Server thread/INFO]: [java.lang.Throwable$WrappedPrintStream:println:748]: 	... 21 more
[22:05:03] [Server thread/INFO]: [java.lang.Throwable$WrappedPrintStream:println:748]: Caused by: <eval>:4573 TypeError: jp.kaiz.kaizpatch.rtm.rail.TileEntityLargeRailSectionCore@3eea27f5 has no such function "getWorldObj"
[22:05:03] [Server thread/INFO]: [java.lang.Throwable$WrappedPrintStream:println:748]: 	at jdk.nashorn.internal.runtime.ECMAErrors.error(ECMAErrors.java:57)
[22:05:03] [Server thread/INFO]: [java.lang.Throwable$WrappedPrintStream:println:748]: 	at jdk.nashorn.internal.runtime.ECMAErrors.typeError(ECMAErrors.java:213)
[22:05:03] [Server thread/INFO]: [java.lang.Throwable$WrappedPrintStream:println:748]: 	at jdk.nashorn.internal.runtime.ECMAErrors.typeError(ECMAErrors.java:185)
[22:05:03] [Server thread/INFO]: [java.lang.Throwable$WrappedPrintStream:println:748]: 	at jdk.nashorn.internal.runtime.ECMAErrors.typeError(ECMAErrors.java:172)
[22:05:03] [Server thread/INFO]: [java.lang.Throwable$WrappedPrintStream:println:748]: 	at jdk.nashorn.internal.runtime.linker.NashornBottomLinker.linkBean(NashornBottomLinker.java:103)
[22:05:03] [Server thread/INFO]: [java.lang.Throwable$WrappedPrintStream:println:748]: 	at jdk.nashorn.internal.runtime.linker.NashornBottomLinker.getGuardedInvocation(NashornBottomLinker.java:71)
[22:05:03] [Server thread/INFO]: [java.lang.Throwable$WrappedPrintStream:println:748]: 	at jdk.internal.dynalink.support.CompositeGuardingDynamicLinker.getGuardedInvocation(CompositeGuardingDynamicLinker.java:124)
[22:05:03] [Server thread/INFO]: [java.lang.Throwable$WrappedPrintStream:println:748]: 	at jdk.internal.dynalink.support.LinkerServicesImpl.getGuardedInvocation(LinkerServicesImpl.java:149)
[22:05:03] [Server thread/INFO]: [java.lang.Throwable$WrappedPrintStream:println:748]: 	at jdk.internal.dynalink.DynamicLinker.relink(DynamicLinker.java:233)
[22:05:03] [Server thread/INFO]: [java.lang.Throwable$WrappedPrintStream:println:748]: 	at jdk.nashorn.internal.scripts.Script$Recompilation$7614$188583AAAAAAAA$\^eval\_.RTMX_loadCompatTarget_kaizpatch_scripts_superrailbuilderx_RailPositionCompat_1suqebq$L:4466$RailPositionCompat$moveSectionedRailPosition(<eval>:4573)
[22:05:03] [Server thread/INFO]: [java.lang.Throwable$WrappedPrintStream:println:748]: 	at jdk.nashorn.internal.scripts.Script$Recompilation$7610$187411AAAAAAAA$\^eval\_.RTMX_loadCompatTarget_kaizpatch_scripts_superrailbuilderx_RailPositionCompat_1suqebq$L:4466$RailPositionCompat$moveRailPosition(<eval>:4537)
[22:05:03] [Server thread/INFO]: [java.lang.Throwable$WrappedPrintStream:println:748]: 	at jdk.nashorn.internal.scripts.Script$Recompilation$7607$200380AA$\^eval\_.applyRequest(<eval>:4807)
[22:05:03] [Server thread/INFO]: [java.lang.Throwable$WrappedPrintStream:println:748]: 	at jdk.nashorn.internal.scripts.Script$Recompilation$7571$201151AA$\^eval\_.onUpdate(<eval>:4843)
[22:05:03] [Server thread/INFO]: [java.lang.Throwable$WrappedPrintStream:println:748]: 	at jdk.nashorn.internal.runtime.ScriptFunctionData.invoke(ScriptFunctionData.java:640)
[22:05:03] [Server thread/INFO]: [java.lang.Throwable$WrappedPrintStream:println:748]: 	at jdk.nashorn.internal.runtime.ScriptFunction.invoke(ScriptFunction.java:229)
[22:05:03] [Server thread/INFO]: [java.lang.Throwable$WrappedPrintStream:println:748]: 	at jdk.nashorn.internal.runtime.ScriptRuntime.apply(ScriptRuntime.java:387)
[22:05:03] [Server thread/INFO]: [java.lang.Throwable$WrappedPrintStream:println:748]: 	at jdk.nashorn.api.scripting.ScriptObjectMirror.callMember(ScriptObjectMirror.java:192)
[22:05:03] [Server thread/INFO]: [java.lang.Throwable$WrappedPrintStream:println:748]: 	at jdk.nashorn.api.scripting.NashornScriptEngine.invokeImpl(NashornScriptEngine.java:381)
[22:05:03] [Server thread/INFO]: [java.lang.Throwable$WrappedPrintStream:println:748]: 	... 23 more
[22:05:03] [Server thread/INFO]: [java.lang.Throwable$WrappedPrintStream:println:748]: java.lang.RuntimeException: Script exec error : onUpdate
[22:05:03] [Server thread/INFO]: [java.lang.Throwable$WrappedPrintStream:println:748]: 	at jp.ngt.ngtlib.io.ScriptUtil.doScriptFunction(ScriptUtil.java:60)
[22:05:03] [Server thread/INFO]: [java.lang.Throwable$WrappedPrintStream:println:748]: 	at jp.ngt.ngtlib.io.ScriptUtil.doScriptIgnoreError(ScriptUtil.java:66)
[22:05:03] [Server thread/INFO]: [java.lang.Throwable$WrappedPrintStream:println:748]: 	at jp.ngt.rtm.modelpack.ScriptExecuter.callMethod(ScriptExecuter.java:24)
[22:05:03] [Server thread/INFO]: [java.lang.Throwable$WrappedPrintStream:println:748]: 	at jp.ngt.rtm.modelpack.ScriptExecuter.execScript(ScriptExecuter.java:36)
[22:05:03] [Server thread/INFO]: [java.lang.Throwable$WrappedPrintStream:println:748]: 	at jp.ngt.rtm.modelpack.ScriptExecuter.execScript(ScriptExecuter.java:30)
[22:05:03] [Server thread/INFO]: [java.lang.Throwable$WrappedPrintStream:println:748]: 	at jp.ngt.rtm.entity.vehicle.EntityVehicleBase.onVehicleUpdate(EntityVehicleBase.java:203)
[22:05:03] [Server thread/INFO]: [java.lang.Throwable$WrappedPrintStream:println:748]: 	at jp.ngt.rtm.entity.vehicle.EntityVehicle.onVehicleUpdate(EntityVehicle.java:66)
[22:05:03] [Server thread/INFO]: [java.lang.Throwable$WrappedPrintStream:println:748]: 	at jp.ngt.rtm.entity.vehicle.EntityVehicleBase.func_70071_h_(EntityVehicleBase.java:168)
[22:05:03] [Server thread/INFO]: [java.lang.Throwable$WrappedPrintStream:println:748]: 	at net.minecraft.entity.Entity.func_70098_U(Entity.java:1579)
[22:05:03] [Server thread/INFO]: [java.lang.Throwable$WrappedPrintStream:println:748]: 	at net.minecraft.world.World.func_72866_a(World.java:2066)
[22:05:03] [Server thread/INFO]: [java.lang.Throwable$WrappedPrintStream:println:748]: 	at net.minecraft.world.WorldServer.func_72866_a(WorldServer.java:648)
[22:05:03] [Server thread/INFO]: [java.lang.Throwable$WrappedPrintStream:println:748]: 	at net.minecraft.world.World.func_72870_g(World.java:2034)
[22:05:03] [Server thread/INFO]: [java.lang.Throwable$WrappedPrintStream:println:748]: 	at net.minecraft.world.World.func_72866_a(World.java:2129)
[22:05:03] [Server thread/INFO]: [java.lang.Throwable$WrappedPrintStream:println:748]: 	at net.minecraft.world.WorldServer.func_72866_a(WorldServer.java:648)
[22:05:03] [Server thread/INFO]: [java.lang.Throwable$WrappedPrintStream:println:748]: 	at net.minecraft.world.World.func_72870_g(World.java:2034)
[22:05:03] [Server thread/INFO]: [java.lang.Throwable$WrappedPrintStream:println:748]: 	at net.minecraft.world.World.func_72939_s(World.java:1887)
[22:05:03] [Server thread/INFO]: [java.lang.Throwable$WrappedPrintStream:println:748]: 	at net.minecraft.world.WorldServer.func_72939_s(WorldServer.java:489)
[22:05:03] [Server thread/INFO]: [java.lang.Throwable$WrappedPrintStream:println:748]: 	at net.minecraft.server.MinecraftServer.func_71190_q(MinecraftServer.java:636)
[22:05:03] [Server thread/INFO]: [java.lang.Throwable$WrappedPrintStream:println:748]: 	at net.minecraft.server.MinecraftServer.func_71217_p(MinecraftServer.java:547)
[22:05:03] [Server thread/INFO]: [java.lang.Throwable$WrappedPrintStream:println:748]: 	at net.minecraft.server.integrated.IntegratedServer.func_71217_p(IntegratedServer.java:111)
[22:05:03] [Server thread/INFO]: [java.lang.Throwable$WrappedPrintStream:println:748]: 	at net.minecraft.server.MinecraftServer.run(MinecraftServer.java:427)
[22:05:03] [Server thread/INFO]: [java.lang.Throwable$WrappedPrintStream:println:748]: 	at net.minecraft.server.MinecraftServer$2.run(MinecraftServer.java:685)
[22:05:03] [Server thread/INFO]: [java.lang.Throwable$WrappedPrintStream:println:748]: Caused by: javax.script.ScriptException: TypeError: jp.kaiz.kaizpatch.rtm.rail.TileEntityLargeRailSectionCore@3eea27f5 has no such function "getWorldObj" in <eval> at line number 4573
[22:05:03] [Server thread/INFO]: [java.lang.Throwable$WrappedPrintStream:println:748]: 	at jdk.nashorn.api.scripting.NashornScriptEngine.throwAsScriptException(NashornScriptEngine.java:455)
[22:05:03] [Server thread/INFO]: [java.lang.Throwable$WrappedPrintStream:println:748]: 	at jdk.nashorn.api.scripting.NashornScriptEngine.invokeImpl(NashornScriptEngine.java:387)
[22:05:03] [Server thread/INFO]: [java.lang.Throwable$WrappedPrintStream:println:748]: 	at jdk.nashorn.api.scripting.NashornScriptEngine.invokeFunction(NashornScriptEngine.java:187)
[22:05:03] [Server thread/INFO]: [java.lang.Throwable$WrappedPrintStream:println:748]: 	at jp.ngt.ngtlib.io.ScriptUtil.doScriptFunction(ScriptUtil.java:58)
[22:05:03] [Server thread/INFO]: [java.lang.Throwable$WrappedPrintStream:println:748]: 	... 21 more
[22:05:03] [Server thread/INFO]: [java.lang.Throwable$WrappedPrintStream:println:748]: Caused by: <eval>:4573 TypeError: jp.kaiz.kaizpatch.rtm.rail.TileEntityLargeRailSectionCore@3eea27f5 has no such function "getWorldObj"
[22:05:03] [Server thread/INFO]: [java.lang.Throwable$WrappedPrintStream:println:748]: 	at jdk.nashorn.internal.runtime.ECMAErrors.error(ECMAErrors.java:57)
[22:05:03] [Server thread/INFO]: [java.lang.Throwable$WrappedPrintStream:println:748]: 	at jdk.nashorn.internal.runtime.ECMAErrors.typeError(ECMAErrors.java:213)
[22:05:03] [Server thread/INFO]: [java.lang.Throwable$WrappedPrintStream:println:748]: 	at jdk.nashorn.internal.runtime.ECMAErrors.typeError(ECMAErrors.java:185)
[22:05:03] [Server thread/INFO]: [java.lang.Throwable$WrappedPrintStream:println:748]: 	at jdk.nashorn.internal.runtime.ECMAErrors.typeError(ECMAErrors.java:172)
[22:05:03] [Server thread/INFO]: [java.lang.Throwable$WrappedPrintStream:println:748]: 	at jdk.nashorn.internal.runtime.linker.NashornBottomLinker.linkBean(NashornBottomLinker.java:103)
[22:05:03] [Server thread/INFO]: [java.lang.Throwable$WrappedPrintStream:println:748]: 	at jdk.nashorn.internal.runtime.linker.NashornBottomLinker.getGuardedInvocation(NashornBottomLinker.java:71)
[22:05:03] [Server thread/INFO]: [java.lang.Throwable$WrappedPrintStream:println:748]: 	at jdk.internal.dynalink.support.CompositeGuardingDynamicLinker.getGuardedInvocation(CompositeGuardingDynamicLinker.java:124)
[22:05:03] [Server thread/INFO]: [java.lang.Throwable$WrappedPrintStream:println:748]: 	at jdk.internal.dynalink.support.LinkerServicesImpl.getGuardedInvocation(LinkerServicesImpl.java:149)
[22:05:03] [Server thread/INFO]: [java.lang.Throwable$WrappedPrintStream:println:748]: 	at jdk.internal.dynalink.DynamicLinker.relink(DynamicLinker.java:233)
[22:05:03] [Server thread/INFO]: [java.lang.Throwable$WrappedPrintStream:println:748]: 	at jdk.nashorn.internal.scripts.Script$Recompilation$7614$188583AAAAAAAA$\^eval\_.RTMX_loadCompatTarget_kaizpatch_scripts_superrailbuilderx_RailPositionCompat_1suqebq$L:4466$RailPositionCompat$moveSectionedRailPosition(<eval>:4573)
[22:05:03] [Server thread/INFO]: [java.lang.Throwable$WrappedPrintStream:println:748]: 	at jdk.nashorn.internal.scripts.Script$Recompilation$7610$187411AAAAAAAA$\^eval\_.RTMX_loadCompatTarget_kaizpatch_scripts_superrailbuilderx_RailPositionCompat_1suqebq$L:4466$RailPositionCompat$moveRailPosition(<eval>:4537)
[22:05:03] [Server thread/INFO]: [java.lang.Throwable$WrappedPrintStream:println:748]: 	at jdk.nashorn.internal.scripts.Script$Recompilation$7607$200380AA$\^eval\_.applyRequest(<eval>:4807)
[22:05:03] [Server thread/INFO]: [java.lang.Throwable$WrappedPrintStream:println:748]: 	at jdk.nashorn.internal.scripts.Script$Recompilation$7571$201151AA$\^eval\_.onUpdate(<eval>:4843)
[22:05:03] [Server thread/INFO]: [java.lang.Throwable$WrappedPrintStream:println:748]: 	at jdk.nashorn.internal.runtime.ScriptFunctionData.invoke(ScriptFunctionData.java:640)
[22:05:03] [Server thread/INFO]: [java.lang.Throwable$WrappedPrintStream:println:748]: 	at jdk.nashorn.internal.runtime.ScriptFunction.invoke(ScriptFunction.java:229)
[22:05:03] [Server thread/INFO]: [java.lang.Throwable$WrappedPrintStream:println:748]: 	at jdk.nashorn.internal.runtime.ScriptRuntime.apply(ScriptRuntime.java:387)
[22:05:03] [Server thread/INFO]: [java.lang.Throwable$WrappedPrintStream:println:748]: 	at jdk.nashorn.api.scripting.ScriptObjectMirror.callMember(ScriptObjectMirror.java:192)
[22:05:03] [Server thread/INFO]: [java.lang.Throwable$WrappedPrintStream:println:748]: 	at jdk.nashorn.api.scripting.NashornScriptEngine.invokeImpl(NashornScriptEngine.java:381)
[22:05:03] [Server thread/INFO]: [java.lang.Throwable$WrappedPrintStream:println:748]: 	... 23 more
[22:05:03] [Server thread/INFO]: [java.lang.Throwable$WrappedPrintStream:println:748]: java.lang.RuntimeException: Script exec error : onUpdate
[22:05:03] [Server thread/INFO]: [java.lang.Throwable$WrappedPrintStream:println:748]: 	at jp.ngt.ngtlib.io.ScriptUtil.doScriptFunction(ScriptUtil.java:60)
[22:05:03] [Server thread/INFO]: [java.lang.Throwable$WrappedPrintStream:println:748]: 	at jp.ngt.ngtlib.io.ScriptUtil.doScriptIgnoreError(ScriptUtil.java:66)
[22:05:03] [Server thread/INFO]: [java.lang.Throwable$WrappedPrintStream:println:748]: 	at jp.ngt.rtm.modelpack.ScriptExecuter.callMethod(ScriptExecuter.java:24)
[22:05:03] [Server thread/INFO]: [java.lang.Throwable$WrappedPrintStream:println:748]: 	at jp.ngt.rtm.modelpack.ScriptExecuter.execScript(ScriptExecuter.java:36)
[22:05:03] [Server thread/INFO]: [java.lang.Throwable$WrappedPrintStream:println:748]: 	at jp.ngt.rtm.modelpack.ScriptExecuter.execScript(ScriptExecuter.java:30)
[22:05:03] [Server thread/INFO]: [java.lang.Throwable$WrappedPrintStream:println:748]: 	at jp.ngt.rtm.entity.vehicle.EntityVehicleBase.onVehicleUpdate(EntityVehicleBase.java:203)
[22:05:03] [Server thread/INFO]: [java.lang.Throwable$WrappedPrintStream:println:748]: 	at jp.ngt.rtm.entity.vehicle.EntityVehicle.onVehicleUpdate(EntityVehicle.java:66)
[22:05:03] [Server thread/INFO]: [java.lang.Throwable$WrappedPrintStream:println:748]: 	at jp.ngt.rtm.entity.vehicle.EntityVehicleBase.func_70071_h_(EntityVehicleBase.java:168)
[22:05:03] [Server thread/INFO]: [java.lang.Throwable$WrappedPrintStream:println:748]: 	at net.minecraft.entity.Entity.func_70098_U(Entity.java:1579)
[22:05:03] [Server thread/INFO]: [java.lang.Throwable$WrappedPrintStream:println:748]: 	at net.minecraft.world.World.func_72866_a(World.java:2066)
[22:05:03] [Server thread/INFO]: [java.lang.Throwable$WrappedPrintStream:println:748]: 	at net.minecraft.world.WorldServer.func_72866_a(WorldServer.java:648)
[22:05:03] [Server thread/INFO]: [java.lang.Throwable$WrappedPrintStream:println:748]: 	at net.minecraft.world.World.func_72870_g(World.java:2034)
[22:05:03] [Server thread/INFO]: [java.lang.Throwable$WrappedPrintStream:println:748]: 	at net.minecraft.world.World.func_72866_a(World.java:2129)
[22:05:03] [Server thread/INFO]: [java.lang.Throwable$WrappedPrintStream:println:748]: 	at net.minecraft.world.WorldServer.func_72866_a(WorldServer.java:648)
[22:05:03] [Server thread/INFO]: [java.lang.Throwable$WrappedPrintStream:println:748]: 	at net.minecraft.world.World.func_72870_g(World.java:2034)
[22:05:03] [Server thread/INFO]: [java.lang.Throwable$WrappedPrintStream:println:748]: 	at net.minecraft.world.World.func_72939_s(World.java:1887)
[22:05:03] [Server thread/INFO]: [java.lang.Throwable$WrappedPrintStream:println:748]: 	at net.minecraft.world.WorldServer.func_72939_s(WorldServer.java:489)
[22:05:03] [Server thread/INFO]: [java.lang.Throwable$WrappedPrintStream:println:748]: 	at net.minecraft.server.MinecraftServer.func_71190_q(MinecraftServer.java:636)
[22:05:03] [Server thread/INFO]: [java.lang.Throwable$WrappedPrintStream:println:748]: 	at net.minecraft.server.MinecraftServer.func_71217_p(MinecraftServer.java:547)
[22:05:03] [Server thread/INFO]: [java.lang.Throwable$WrappedPrintStream:println:748]: 	at net.minecraft.server.integrated.IntegratedServer.func_71217_p(IntegratedServer.java:111)
[22:05:03] [Server thread/INFO]: [java.lang.Throwable$WrappedPrintStream:println:748]: 	at net.minecraft.server.MinecraftServer.run(MinecraftServer.java:427)
[22:05:03] [Server thread/INFO]: [java.lang.Throwable$WrappedPrintStream:println:748]: 	at net.minecraft.server.MinecraftServer$2.run(MinecraftServer.java:685)
[22:05:03] [Server thread/INFO]: [java.lang.Throwable$WrappedPrintStream:println:748]: Caused by: javax.script.ScriptException: TypeError: jp.kaiz.kaizpatch.rtm.rail.TileEntityLargeRailSectionCore@3eea27f5 has no such function "getWorldObj" in <eval> at line number 4573
[22:05:03] [Server thread/INFO]: [java.lang.Throwable$WrappedPrintStream:println:748]: 	at jdk.nashorn.api.scripting.NashornScriptEngine.throwAsScriptException(NashornScriptEngine.java:455)
[22:05:03] [Server thread/INFO]: [java.lang.Throwable$WrappedPrintStream:println:748]: 	at jdk.nashorn.api.scripting.NashornScriptEngine.invokeImpl(NashornScriptEngine.java:387)
[22:05:03] [Server thread/INFO]: [java.lang.Throwable$WrappedPrintStream:println:748]: 	at jdk.nashorn.api.scripting.NashornScriptEngine.invokeFunction(NashornScriptEngine.java:187)
[22:05:03] [Server thread/INFO]: [java.lang.Throwable$WrappedPrintStream:println:748]: 	at jp.ngt.ngtlib.io.ScriptUtil.doScriptFunction(ScriptUtil.java:58)
[22:05:03] [Server thread/INFO]: [java.lang.Throwable$WrappedPrintStream:println:748]: 	... 21 more
[22:05:03] [Server thread/INFO]: [java.lang.Throwable$WrappedPrintStream:println:748]: Caused by: <eval>:4573 TypeError: jp.kaiz.kaizpatch.rtm.rail.TileEntityLargeRailSectionCore@3eea27f5 has no such function "getWorldObj"
[22:05:03] [Server thread/INFO]: [java.lang.Throwable$WrappedPrintStream:println:748]: 	at jdk.nashorn.internal.runtime.ECMAErrors.error(ECMAErrors.java:57)
[22:05:03] [Server thread/INFO]: [java.lang.Throwable$WrappedPrintStream:println:748]: 	at jdk.nashorn.internal.runtime.ECMAErrors.typeError(ECMAErrors.java:213)
[22:05:03] [Server thread/INFO]: [java.lang.Throwable$WrappedPrintStream:println:748]: 	at jdk.nashorn.internal.runtime.ECMAErrors.typeError(ECMAErrors.java:185)
[22:05:03] [Server thread/INFO]: [java.lang.Throwable$WrappedPrintStream:println:748]: 	at jdk.nashorn.internal.runtime.ECMAErrors.typeError(ECMAErrors.java:172)
[22:05:03] [Server thread/INFO]: [java.lang.Throwable$WrappedPrintStream:println:748]: 	at jdk.nashorn.internal.runtime.linker.NashornBottomLinker.linkBean(NashornBottomLinker.java:103)
[22:05:03] [Server thread/INFO]: [java.lang.Throwable$WrappedPrintStream:println:748]: 	at jdk.nashorn.internal.runtime.linker.NashornBottomLinker.getGuardedInvocation(NashornBottomLinker.java:71)
[22:05:03] [Server thread/INFO]: [java.lang.Throwable$WrappedPrintStream:println:748]: 	at jdk.internal.dynalink.support.CompositeGuardingDynamicLinker.getGuardedInvocation(CompositeGuardingDynamicLinker.java:124)
[22:05:03] [Server thread/INFO]: [java.lang.Throwable$WrappedPrintStream:println:748]: 	at jdk.internal.dynalink.support.LinkerServicesImpl.getGuardedInvocation(LinkerServicesImpl.java:149)
[22:05:03] [Server thread/INFO]: [java.lang.Throwable$WrappedPrintStream:println:748]: 	at jdk.internal.dynalink.DynamicLinker.relink(DynamicLinker.java:233)
[22:05:03] [Server thread/INFO]: [java.lang.Throwable$WrappedPrintStream:println:748]: 	at jdk.nashorn.internal.scripts.Script$Recompilation$7614$188583AAAAAAAA$\^eval\_.RTMX_loadCompatTarget_kaizpatch_scripts_superrailbuilderx_RailPositionCompat_1suqebq$L:4466$RailPositionCompat$moveSectionedRailPosition(<eval>:4573)
[22:05:03] [Server thread/INFO]: [java.lang.Throwable$WrappedPrintStream:println:748]: 	at jdk.nashorn.internal.scripts.Script$Recompilation$7610$187411AAAAAAAA$\^eval\_.RTMX_loadCompatTarget_kaizpatch_scripts_superrailbuilderx_RailPositionCompat_1suqebq$L:4466$RailPositionCompat$moveRailPosition(<eval>:4537)
[22:05:03] [Server thread/INFO]: [java.lang.Throwable$WrappedPrintStream:println:748]: 	at jdk.nashorn.internal.scripts.Script$Recompilation$7607$200380AA$\^eval\_.applyRequest(<eval>:4807)
[22:05:03] [Server thread/INFO]: [java.lang.Throwable$WrappedPrintStream:println:748]: 	at jdk.nashorn.internal.scripts.Script$Recompilation$7571$201151AA$\^eval\_.onUpdate(<eval>:4843)
[22:05:03] [Server thread/INFO]: [java.lang.Throwable$WrappedPrintStream:println:748]: 	at jdk.nashorn.internal.runtime.ScriptFunctionData.invoke(ScriptFunctionData.java:640)
[22:05:03] [Server thread/INFO]: [java.lang.Throwable$WrappedPrintStream:println:748]: 	at jdk.nashorn.internal.runtime.ScriptFunction.invoke(ScriptFunction.java:229)
[22:05:03] [Server thread/INFO]: [java.lang.Throwable$WrappedPrintStream:println:748]: 	at jdk.nashorn.internal.runtime.ScriptRuntime.apply(ScriptRuntime.java:387)
[22:05:03] [Server thread/INFO]: [java.lang.Throwable$WrappedPrintStream:println:748]: 	at jdk.nashorn.api.scripting.ScriptObjectMirror.callMember(ScriptObjectMirror.java:192)
[22:05:03] [Server thread/INFO]: [java.lang.Throwable$WrappedPrintStream:println:748]: 	at jdk.nashorn.api.scripting.NashornScriptEngine.invokeImpl(NashornScriptEngine.java:381)
[22:05:03] [Server thread/INFO]: [java.lang.Throwable$WrappedPrintStream:println:748]: 	... 23 more
[22:05:03] [Server thread/INFO]: [java.lang.Throwable$WrappedPrintStream:println:748]: java.lang.RuntimeException: Script exec error : onUpdate
[22:05:03] [Server thread/INFO]: [java.lang.Throwable$WrappedPrintStream:println:748]: 	at jp.ngt.ngtlib.io.ScriptUtil.doScriptFunction(ScriptUtil.java:60)
[22:05:03] [Server thread/INFO]: [java.lang.Throwable$WrappedPrintStream:println:748]: 	at jp.ngt.ngtlib.io.ScriptUtil.doScriptIgnoreError(ScriptUtil.java:66)
[22:05:03] [Server thread/INFO]: [java.lang.Throwable$WrappedPrintStream:println:748]: 	at jp.ngt.rtm.modelpack.ScriptExecuter.callMethod(ScriptExecuter.java:24)
[22:05:03] [Server thread/INFO]: [java.lang.Throwable$WrappedPrintStream:println:748]: 	at jp.ngt.rtm.modelpack.ScriptExecuter.execScript(ScriptExecuter.java:36)
[22:05:03] [Server thread/INFO]: [java.lang.Throwable$WrappedPrintStream:println:748]: 	at jp.ngt.rtm.modelpack.ScriptExecuter.execScript(ScriptExecuter.java:30)
[22:05:03] [Server thread/INFO]: [java.lang.Throwable$WrappedPrintStream:println:748]: 	at jp.ngt.rtm.entity.vehicle.EntityVehicleBase.onVehicleUpdate(EntityVehicleBase.java:203)
[22:05:03] [Server thread/INFO]: [java.lang.Throwable$WrappedPrintStream:println:748]: 	at jp.ngt.rtm.entity.vehicle.EntityVehicle.onVehicleUpdate(EntityVehicle.java:66)
[22:05:03] [Server thread/INFO]: [java.lang.Throwable$WrappedPrintStream:println:748]: 	at jp.ngt.rtm.entity.vehicle.EntityVehicleBase.func_70071_h_(EntityVehicleBase.java:168)
[22:05:03] [Server thread/INFO]: [java.lang.Throwable$WrappedPrintStream:println:748]: 	at net.minecraft.entity.Entity.func_70098_U(Entity.java:1579)
[22:05:03] [Server thread/INFO]: [java.lang.Throwable$WrappedPrintStream:println:748]: 	at net.minecraft.world.World.func_72866_a(World.java:2066)
[22:05:03] [Server thread/INFO]: [java.lang.Throwable$WrappedPrintStream:println:748]: 	at net.minecraft.world.WorldServer.func_72866_a(WorldServer.java:648)
[22:05:03] [Server thread/INFO]: [java.lang.Throwable$WrappedPrintStream:println:748]: 	at net.minecraft.world.World.func_72870_g(World.java:2034)
[22:05:03] [Server thread/INFO]: [java.lang.Throwable$WrappedPrintStream:println:748]: 	at net.minecraft.world.World.func_72866_a(World.java:2129)
[22:05:03] [Server thread/INFO]: [java.lang.Throwable$WrappedPrintStream:println:748]: 	at net.minecraft.world.WorldServer.func_72866_a(WorldServer.java:648)
[22:05:03] [Server thread/INFO]: [java.lang.Throwable$WrappedPrintStream:println:748]: 	at net.minecraft.world.World.func_72870_g(World.java:2034)
[22:05:03] [Server thread/INFO]: [java.lang.Throwable$WrappedPrintStream:println:748]: 	at net.minecraft.world.World.func_72939_s(World.java:1887)
[22:05:03] [Server thread/INFO]: [java.lang.Throwable$WrappedPrintStream:println:748]: 	at net.minecraft.world.WorldServer.func_72939_s(WorldServer.java:489)
[22:05:03] [Server thread/INFO]: [java.lang.Throwable$WrappedPrintStream:println:748]: 	at net.minecraft.server.MinecraftServer.func_71190_q(MinecraftServer.java:636)
[22:05:03] [Server thread/INFO]: [java.lang.Throwable$WrappedPrintStream:println:748]: 	at net.minecraft.server.MinecraftServer.func_71217_p(MinecraftServer.java:547)
[22:05:03] [Server thread/INFO]: [java.lang.Throwable$WrappedPrintStream:println:748]: 	at net.minecraft.server.integrated.IntegratedServer.func_71217_p(IntegratedServer.java:111)
[22:05:03] [Server thread/INFO]: [java.lang.Throwable$WrappedPrintStream:println:748]: 	at net.minecraft.server.MinecraftServer.run(MinecraftServer.java:427)
[22:05:03] [Server thread/INFO]: [java.lang.Throwable$WrappedPrintStream:println:748]: 	at net.minecraft.server.MinecraftServer$2.run(MinecraftServer.java:685)
[22:05:03] [Server thread/INFO]: [java.lang.Throwable$WrappedPrintStream:println:748]: Caused by: javax.script.ScriptException: TypeError: jp.kaiz.kaizpatch.rtm.rail.TileEntityLargeRailSectionCore@3eea27f5 has no such function "getWorldObj" in <eval> at line number 4573
[22:05:03] [Server thread/INFO]: [java.lang.Throwable$WrappedPrintStream:println:748]: 	at jdk.nashorn.api.scripting.NashornScriptEngine.throwAsScriptException(NashornScriptEngine.java:455)
[22:05:03] [Server thread/INFO]: [java.lang.Throwable$WrappedPrintStream:println:748]: 	at jdk.nashorn.api.scripting.NashornScriptEngine.invokeImpl(NashornScriptEngine.java:387)
[22:05:03] [Server thread/INFO]: [java.lang.Throwable$WrappedPrintStream:println:748]: 	at jdk.nashorn.api.scripting.NashornScriptEngine.invokeFunction(NashornScriptEngine.java:187)
[22:05:03] [Server thread/INFO]: [java.lang.Throwable$WrappedPrintStream:println:748]: 	at jp.ngt.ngtlib.io.ScriptUtil.doScriptFunction(ScriptUtil.java:58)
[22:05:03] [Server thread/INFO]: [java.lang.Throwable$WrappedPrintStream:println:748]: 	... 21 more
[22:05:03] [Server thread/INFO]: [java.lang.Throwable$WrappedPrintStream:println:748]: Caused by: <eval>:4573 TypeError: jp.kaiz.kaizpatch.rtm.rail.TileEntityLargeRailSectionCore@3eea27f5 has no such function "getWorldObj"
[22:05:03] [Server thread/INFO]: [java.lang.Throwable$WrappedPrintStream:println:748]: 	at jdk.nashorn.internal.runtime.ECMAErrors.error(ECMAErrors.java:57)
[22:05:03] [Server thread/INFO]: [java.lang.Throwable$WrappedPrintStream:println:748]: 	at jdk.nashorn.internal.runtime.ECMAErrors.typeError(ECMAErrors.java:213)
[22:05:03] [Server thread/INFO]: [java.lang.Throwable$WrappedPrintStream:println:748]: 	at jdk.nashorn.internal.runtime.ECMAErrors.typeError(ECMAErrors.java:185)
[22:05:03] [Server thread/INFO]: [java.lang.Throwable$WrappedPrintStream:println:748]: 	at jdk.nashorn.internal.runtime.ECMAErrors.typeError(ECMAErrors.java:172)
[22:05:03] [Server thread/INFO]: [java.lang.Throwable$WrappedPrintStream:println:748]: 	at jdk.nashorn.internal.runtime.linker.NashornBottomLinker.linkBean(NashornBottomLinker.java:103)
[22:05:03] [Server thread/INFO]: [java.lang.Throwable$WrappedPrintStream:println:748]: 	at jdk.nashorn.internal.runtime.linker.NashornBottomLinker.getGuardedInvocation(NashornBottomLinker.java:71)
[22:05:03] [Server thread/INFO]: [java.lang.Throwable$WrappedPrintStream:println:748]: 	at jdk.internal.dynalink.support.CompositeGuardingDynamicLinker.getGuardedInvocation(CompositeGuardingDynamicLinker.java:124)
[22:05:03] [Server thread/INFO]: [java.lang.Throwable$WrappedPrintStream:println:748]: 	at jdk.internal.dynalink.support.LinkerServicesImpl.getGuardedInvocation(LinkerServicesImpl.java:149)
[22:05:03] [Server thread/INFO]: [java.lang.Throwable$WrappedPrintStream:println:748]: 	at jdk.internal.dynalink.DynamicLinker.relink(DynamicLinker.java:233)
[22:05:03] [Server thread/INFO]: [java.lang.Throwable$WrappedPrintStream:println:748]: 	at jdk.nashorn.internal.scripts.Script$Recompilation$7614$188583AAAAAAAA$\^eval\_.RTMX_loadCompatTarget_kaizpatch_scripts_superrailbuilderx_RailPositionCompat_1suqebq$L:4466$RailPositionCompat$moveSectionedRailPosition(<eval>:4573)
[22:05:03] [Server thread/INFO]: [java.lang.Throwable$WrappedPrintStream:println:748]: 	at jdk.nashorn.internal.scripts.Script$Recompilation$7610$187411AAAAAAAA$\^eval\_.RTMX_loadCompatTarget_kaizpatch_scripts_superrailbuilderx_RailPositionCompat_1suqebq$L:4466$RailPositionCompat$moveRailPosition(<eval>:4537)
[22:05:03] [Server thread/INFO]: [java.lang.Throwable$WrappedPrintStream:println:748]: 	at jdk.nashorn.internal.scripts.Script$Recompilation$7607$200380AA$\^eval\_.applyRequest(<eval>:4807)
[22:05:03] [Server thread/INFO]: [java.lang.Throwable$WrappedPrintStream:println:748]: 	at jdk.nashorn.internal.scripts.Script$Recompilation$7571$201151AA$\^eval\_.onUpdate(<eval>:4843)
[22:05:03] [Server thread/INFO]: [java.lang.Throwable$WrappedPrintStream:println:748]: 	at jdk.nashorn.internal.runtime.ScriptFunctionData.invoke(ScriptFunctionData.java:640)
[22:05:03] [Server thread/INFO]: [java.lang.Throwable$WrappedPrintStream:println:748]: 	at jdk.nashorn.internal.runtime.ScriptFunction.invoke(ScriptFunction.java:229)
[22:05:03] [Server thread/INFO]: [java.lang.Throwable$WrappedPrintStream:println:748]: 	at jdk.nashorn.internal.runtime.ScriptRuntime.apply(ScriptRuntime.java:387)
[22:05:03] [Server thread/INFO]: [java.lang.Throwable$WrappedPrintStream:println:748]: 	at jdk.nashorn.api.scripting.ScriptObjectMirror.callMember(ScriptObjectMirror.java:192)
[22:05:03] [Server thread/INFO]: [java.lang.Throwable$WrappedPrintStream:println:748]: 	at jdk.nashorn.api.scripting.NashornScriptEngine.invokeImpl(NashornScriptEngine.java:381)
[22:05:03] [Server thread/INFO]: [java.lang.Throwable$WrappedPrintStream:println:748]: 	... 23 more
[22:05:03] [Server thread/INFO]: [java.lang.Throwable$WrappedPrintStream:println:748]: java.lang.RuntimeException: Script exec error : onUpdate
[22:05:03] [Server thread/INFO]: [java.lang.Throwable$WrappedPrintStream:println:748]: 	at jp.ngt.ngtlib.io.ScriptUtil.doScriptFunction(ScriptUtil.java:60)
[22:05:03] [Server thread/INFO]: [java.lang.Throwable$WrappedPrintStream:println:748]: 	at jp.ngt.ngtlib.io.ScriptUtil.doScriptIgnoreError(ScriptUtil.java:66)
[22:05:03] [Server thread/INFO]: [java.lang.Throwable$WrappedPrintStream:println:748]: 	at jp.ngt.rtm.modelpack.ScriptExecuter.callMethod(ScriptExecuter.java:24)
[22:05:03] [Server thread/INFO]: [java.lang.Throwable$WrappedPrintStream:println:748]: 	at jp.ngt.rtm.modelpack.ScriptExecuter.execScript(ScriptExecuter.java:36)
[22:05:03] [Server thread/INFO]: [java.lang.Throwable$WrappedPrintStream:println:748]: 	at jp.ngt.rtm.modelpack.ScriptExecuter.execScript(ScriptExecuter.java:30)
[22:05:03] [Server thread/INFO]: [java.lang.Throwable$WrappedPrintStream:println:748]: 	at jp.ngt.rtm.entity.vehicle.EntityVehicleBase.onVehicleUpdate(EntityVehicleBase.java:203)
[22:05:03] [Server thread/INFO]: [java.lang.Throwable$WrappedPrintStream:println:748]: 	at jp.ngt.rtm.entity.vehicle.EntityVehicle.onVehicleUpdate(EntityVehicle.java:66)
[22:05:03] [Server thread/INFO]: [java.lang.Throwable$WrappedPrintStream:println:748]: 	at jp.ngt.rtm.entity.vehicle.EntityVehicleBase.func_70071_h_(EntityVehicleBase.java:168)
[22:05:03] [Server thread/INFO]: [java.lang.Throwable$WrappedPrintStream:println:748]: 	at net.minecraft.entity.Entity.func_70098_U(Entity.java:1579)
[22:05:03] [Server thread/INFO]: [java.lang.Throwable$WrappedPrintStream:println:748]: 	at net.minecraft.world.World.func_72866_a(World.java:2066)
[22:05:03] [Server thread/INFO]: [java.lang.Throwable$WrappedPrintStream:println:748]: 	at net.minecraft.world.WorldServer.func_72866_a(WorldServer.java:648)
[22:05:03] [Server thread/INFO]: [java.lang.Throwable$WrappedPrintStream:println:748]: 	at net.minecraft.world.World.func_72870_g(World.java:2034)
[22:05:03] [Server thread/INFO]: [java.lang.Throwable$WrappedPrintStream:println:748]: 	at net.minecraft.world.World.func_72866_a(World.java:2129)
[22:05:03] [Server thread/INFO]: [java.lang.Throwable$WrappedPrintStream:println:748]: 	at net.minecraft.world.WorldServer.func_72866_a(WorldServer.java:648)
[22:05:03] [Server thread/INFO]: [java.lang.Throwable$WrappedPrintStream:println:748]: 	at net.minecraft.world.World.func_72870_g(World.java:2034)
[22:05:03] [Server thread/INFO]: [java.lang.Throwable$WrappedPrintStream:println:748]: 	at net.minecraft.world.World.func_72939_s(World.java:1887)
[22:05:03] [Server thread/INFO]: [java.lang.Throwable$WrappedPrintStream:println:748]: 	at net.minecraft.world.WorldServer.func_72939_s(WorldServer.java:489)
[22:05:03] [Server thread/INFO]: [java.lang.Throwable$WrappedPrintStream:println:748]: 	at net.minecraft.server.MinecraftServer.func_71190_q(MinecraftServer.java:636)
[22:05:03] [Server thread/INFO]: [java.lang.Throwable$WrappedPrintStream:println:748]: 	at net.minecraft.server.MinecraftServer.func_71217_p(MinecraftServer.java:547)
[22:05:03] [Server thread/INFO]: [java.lang.Throwable$WrappedPrintStream:println:748]: 	at net.minecraft.server.integrated.IntegratedServer.func_71217_p(IntegratedServer.java:111)
[22:05:03] [Server thread/INFO]: [java.lang.Throwable$WrappedPrintStream:println:748]: 	at net.minecraft.server.MinecraftServer.run(MinecraftServer.java:427)
[22:05:03] [Server thread/INFO]: [java.lang.Throwable$WrappedPrintStream:println:748]: 	at net.minecraft.server.MinecraftServer$2.run(MinecraftServer.java:685)
[22:05:03] [Server thread/INFO]: [java.lang.Throwable$WrappedPrintStream:println:748]: Caused by: javax.script.ScriptException: TypeError: jp.kaiz.kaizpatch.rtm.rail.TileEntityLargeRailSectionCore@3eea27f5 has no such function "getWorldObj" in <eval> at line number 4573
[22:05:03] [Server thread/INFO]: [java.lang.Throwable$WrappedPrintStream:println:748]: 	at jdk.nashorn.api.scripting.NashornScriptEngine.throwAsScriptException(NashornScriptEngine.java:455)
[22:05:03] [Server thread/INFO]: [java.lang.Throwable$WrappedPrintStream:println:748]: 	at jdk.nashorn.api.scripting.NashornScriptEngine.invokeImpl(NashornScriptEngine.java:387)
[22:05:03] [Server thread/INFO]: [java.lang.Throwable$WrappedPrintStream:println:748]: 	at jdk.nashorn.api.scripting.NashornScriptEngine.invokeFunction(NashornScriptEngine.java:187)
[22:05:03] [Server thread/INFO]: [java.lang.Throwable$WrappedPrintStream:println:748]: 	at jp.ngt.ngtlib.io.ScriptUtil.doScriptFunction(ScriptUtil.java:58)
[22:05:03] [Server thread/INFO]: [java.lang.Throwable$WrappedPrintStream:println:748]: 	... 21 more
[22:05:03] [Server thread/INFO]: [java.lang.Throwable$WrappedPrintStream:println:748]: Caused by: <eval>:4573 TypeError: jp.kaiz.kaizpatch.rtm.rail.TileEntityLargeRailSectionCore@3eea27f5 has no such function "getWorldObj"
[22:05:03] [Server thread/INFO]: [java.lang.Throwable$WrappedPrintStream:println:748]: 	at jdk.nashorn.internal.runtime.ECMAErrors.error(ECMAErrors.java:57)
[22:05:03] [Server thread/INFO]: [java.lang.Throwable$WrappedPrintStream:println:748]: 	at jdk.nashorn.internal.runtime.ECMAErrors.typeError(ECMAErrors.java:213)
[22:05:03] [Server thread/INFO]: [java.lang.Throwable$WrappedPrintStream:println:748]: 	at jdk.nashorn.internal.runtime.ECMAErrors.typeError(ECMAErrors.java:185)
[22:05:03] [Server thread/INFO]: [java.lang.Throwable$WrappedPrintStream:println:748]: 	at jdk.nashorn.internal.runtime.ECMAErrors.typeError(ECMAErrors.java:172)
[22:05:03] [Server thread/INFO]: [java.lang.Throwable$WrappedPrintStream:println:748]: 	at jdk.nashorn.internal.runtime.linker.NashornBottomLinker.linkBean(NashornBottomLinker.java:103)
[22:05:03] [Server thread/INFO]: [java.lang.Throwable$WrappedPrintStream:println:748]: 	at jdk.nashorn.internal.runtime.linker.NashornBottomLinker.getGuardedInvocation(NashornBottomLinker.java:71)
[22:05:03] [Server thread/INFO]: [java.lang.Throwable$WrappedPrintStream:println:748]: 	at jdk.internal.dynalink.support.CompositeGuardingDynamicLinker.getGuardedInvocation(CompositeGuardingDynamicLinker.java:124)
[22:05:03] [Server thread/INFO]: [java.lang.Throwable$WrappedPrintStream:println:748]: 	at jdk.internal.dynalink.support.LinkerServicesImpl.getGuardedInvocation(LinkerServicesImpl.java:149)
[22:05:03] [Server thread/INFO]: [java.lang.Throwable$WrappedPrintStream:println:748]: 	at jdk.internal.dynalink.DynamicLinker.relink(DynamicLinker.java:233)
[22:05:03] [Server thread/INFO]: [java.lang.Throwable$WrappedPrintStream:println:748]: 	at jdk.nashorn.internal.scripts.Script$Recompilation$7614$188583AAAAAAAA$\^eval\_.RTMX_loadCompatTarget_kaizpatch_scripts_superrailbuilderx_RailPositionCompat_1suqebq$L:4466$RailPositionCompat$moveSectionedRailPosition(<eval>:4573)
[22:05:03] [Server thread/INFO]: [java.lang.Throwable$WrappedPrintStream:println:748]: 	at jdk.nashorn.internal.scripts.Script$Recompilation$7610$187411AAAAAAAA$\^eval\_.RTMX_loadCompatTarget_kaizpatch_scripts_superrailbuilderx_RailPositionCompat_1suqebq$L:4466$RailPositionCompat$moveRailPosition(<eval>:4537)
[22:05:03] [Server thread/INFO]: [java.lang.Throwable$WrappedPrintStream:println:748]: 	at jdk.nashorn.internal.scripts.Script$Recompilation$7607$200380AA$\^eval\_.applyRequest(<eval>:4807)
[22:05:03] [Server thread/INFO]: [java.lang.Throwable$WrappedPrintStream:println:748]: 	at jdk.nashorn.internal.scripts.Script$Recompilation$7571$201151AA$\^eval\_.onUpdate(<eval>:4843)
[22:05:03] [Server thread/INFO]: [java.lang.Throwable$WrappedPrintStream:println:748]: 	at jdk.nashorn.internal.runtime.ScriptFunctionData.invoke(ScriptFunctionData.java:640)
[22:05:03] [Server thread/INFO]: [java.lang.Throwable$WrappedPrintStream:println:748]: 	at jdk.nashorn.internal.runtime.ScriptFunction.invoke(ScriptFunction.java:229)
[22:05:03] [Server thread/INFO]: [java.lang.Throwable$WrappedPrintStream:println:748]: 	at jdk.nashorn.internal.runtime.ScriptRuntime.apply(ScriptRuntime.java:387)
[22:05:03] [Server thread/INFO]: [java.lang.Throwable$WrappedPrintStream:println:748]: 	at jdk.nashorn.api.scripting.ScriptObjectMirror.callMember(ScriptObjectMirror.java:192)
[22:05:03] [Server thread/INFO]: [java.lang.Throwable$WrappedPrintStream:println:748]: 	at jdk.nashorn.api.scripting.NashornScriptEngine.invokeImpl(NashornScriptEngine.java:381)
[22:05:03] [Server thread/INFO]: [java.lang.Throwable$WrappedPrintStream:println:748]: 	... 23 more
[22:05:03] [Server thread/INFO]: [java.lang.Throwable$WrappedPrintStream:println:748]: java.lang.RuntimeException: Script exec error : onUpdate
[22:05:03] [Server thread/INFO]: [java.lang.Throwable$WrappedPrintStream:println:748]: 	at jp.ngt.ngtlib.io.ScriptUtil.doScriptFunction(ScriptUtil.java:60)
[22:05:03] [Server thread/INFO]: [java.lang.Throwable$WrappedPrintStream:println:748]: 	at jp.ngt.ngtlib.io.ScriptUtil.doScriptIgnoreError(ScriptUtil.java:66)
[22:05:03] [Server thread/INFO]: [java.lang.Throwable$WrappedPrintStream:println:748]: 	at jp.ngt.rtm.modelpack.ScriptExecuter.callMethod(ScriptExecuter.java:24)
[22:05:03] [Server thread/INFO]: [java.lang.Throwable$WrappedPrintStream:println:748]: 	at jp.ngt.rtm.modelpack.ScriptExecuter.execScript(ScriptExecuter.java:36)
[22:05:03] [Server thread/INFO]: [java.lang.Throwable$WrappedPrintStream:println:748]: 	at jp.ngt.rtm.modelpack.ScriptExecuter.execScript(ScriptExecuter.java:30)
[22:05:03] [Server thread/INFO]: [java.lang.Throwable$WrappedPrintStream:println:748]: 	at jp.ngt.rtm.entity.vehicle.EntityVehicleBase.onVehicleUpdate(EntityVehicleBase.java:203)
[22:05:03] [Server thread/INFO]: [java.lang.Throwable$WrappedPrintStream:println:748]: 	at jp.ngt.rtm.entity.vehicle.EntityVehicle.onVehicleUpdate(EntityVehicle.java:66)
[22:05:03] [Server thread/INFO]: [java.lang.Throwable$WrappedPrintStream:println:748]: 	at jp.ngt.rtm.entity.vehicle.EntityVehicleBase.func_70071_h_(EntityVehicleBase.java:168)
[22:05:03] [Server thread/INFO]: [java.lang.Throwable$WrappedPrintStream:println:748]: 	at net.minecraft.entity.Entity.func_70098_U(Entity.java:1579)
[22:05:03] [Server thread/INFO]: [java.lang.Throwable$WrappedPrintStream:println:748]: 	at net.minecraft.world.World.func_72866_a(World.java:2066)
[22:05:03] [Server thread/INFO]: [java.lang.Throwable$WrappedPrintStream:println:748]: 	at net.minecraft.world.WorldServer.func_72866_a(WorldServer.java:648)
[22:05:03] [Server thread/INFO]: [java.lang.Throwable$WrappedPrintStream:println:748]: 	at net.minecraft.world.World.func_72870_g(World.java:2034)
[22:05:03] [Server thread/INFO]: [java.lang.Throwable$WrappedPrintStream:println:748]: 	at net.minecraft.world.World.func_72866_a(World.java:2129)
[22:05:03] [Server thread/INFO]: [java.lang.Throwable$WrappedPrintStream:println:748]: 	at net.minecraft.world.WorldServer.func_72866_a(WorldServer.java:648)
[22:05:03] [Server thread/INFO]: [java.lang.Throwable$WrappedPrintStream:println:748]: 	at net.minecraft.world.World.func_72870_g(World.java:2034)
[22:05:03] [Server thread/INFO]: [java.lang.Throwable$WrappedPrintStream:println:748]: 	at net.minecraft.world.World.func_72939_s(World.java:1887)
[22:05:03] [Server thread/INFO]: [java.lang.Throwable$WrappedPrintStream:println:748]: 	at net.minecraft.world.WorldServer.func_72939_s(WorldServer.java:489)
[22:05:03] [Server thread/INFO]: [java.lang.Throwable$WrappedPrintStream:println:748]: 	at net.minecraft.server.MinecraftServer.func_71190_q(MinecraftServer.java:636)
[22:05:03] [Server thread/INFO]: [java.lang.Throwable$WrappedPrintStream:println:748]: 	at net.minecraft.server.MinecraftServer.func_71217_p(MinecraftServer.java:547)
[22:05:03] [Server thread/INFO]: [java.lang.Throwable$WrappedPrintStream:println:748]: 	at net.minecraft.server.integrated.IntegratedServer.func_71217_p(IntegratedServer.java:111)
[22:05:03] [Server thread/INFO]: [java.lang.Throwable$WrappedPrintStream:println:748]: 	at net.minecraft.server.MinecraftServer.run(MinecraftServer.java:427)
[22:05:03] [Server thread/INFO]: [java.lang.Throwable$WrappedPrintStream:println:748]: 	at net.minecraft.server.MinecraftServer$2.run(MinecraftServer.java:685)
[22:05:03] [Server thread/INFO]: [java.lang.Throwable$WrappedPrintStream:println:748]: Caused by: javax.script.ScriptException: TypeError: jp.kaiz.kaizpatch.rtm.rail.TileEntityLargeRailSectionCore@3eea27f5 has no such function "getWorldObj" in <eval> at line number 4573
[22:05:03] [Server thread/INFO]: [java.lang.Throwable$WrappedPrintStream:println:748]: 	at jdk.nashorn.api.scripting.NashornScriptEngine.throwAsScriptException(NashornScriptEngine.java:455)
[22:05:03] [Server thread/INFO]: [java.lang.Throwable$WrappedPrintStream:println:748]: 	at jdk.nashorn.api.scripting.NashornScriptEngine.invokeImpl(NashornScriptEngine.java:387)
[22:05:03] [Server thread/INFO]: [java.lang.Throwable$WrappedPrintStream:println:748]: 	at jdk.nashorn.api.scripting.NashornScriptEngine.invokeFunction(NashornScriptEngine.java:187)
[22:05:03] [Server thread/INFO]: [java.lang.Throwable$WrappedPrintStream:println:748]: 	at jp.ngt.ngtlib.io.ScriptUtil.doScriptFunction(ScriptUtil.java:58)
[22:05:03] [Server thread/INFO]: [java.lang.Throwable$WrappedPrintStream:println:748]: 	... 21 more
[22:05:03] [Server thread/INFO]: [java.lang.Throwable$WrappedPrintStream:println:748]: Caused by: <eval>:4573 TypeError: jp.kaiz.kaizpatch.rtm.rail.TileEntityLargeRailSectionCore@3eea27f5 has no such function "getWorldObj"
[22:05:03] [Server thread/INFO]: [java.lang.Throwable$WrappedPrintStream:println:748]: 	at jdk.nashorn.internal.runtime.ECMAErrors.error(ECMAErrors.java:57)
[22:05:03] [Server thread/INFO]: [java.lang.Throwable$WrappedPrintStream:println:748]: 	at jdk.nashorn.internal.runtime.ECMAErrors.typeError(ECMAErrors.java:213)
[22:05:03] [Server thread/INFO]: [java.lang.Throwable$WrappedPrintStream:println:748]: 	at jdk.nashorn.internal.runtime.ECMAErrors.typeError(ECMAErrors.java:185)
[22:05:03] [Server thread/INFO]: [java.lang.Throwable$WrappedPrintStream:println:748]: 	at jdk.nashorn.internal.runtime.ECMAErrors.typeError(ECMAErrors.java:172)
[22:05:03] [Server thread/INFO]: [java.lang.Throwable$WrappedPrintStream:println:748]: 	at jdk.nashorn.internal.runtime.linker.NashornBottomLinker.linkBean(NashornBottomLinker.java:103)
[22:05:03] [Server thread/INFO]: [java.lang.Throwable$WrappedPrintStream:println:748]: 	at jdk.nashorn.internal.runtime.linker.NashornBottomLinker.getGuardedInvocation(NashornBottomLinker.java:71)
[22:05:03] [Server thread/INFO]: [java.lang.Throwable$WrappedPrintStream:println:748]: 	at jdk.internal.dynalink.support.CompositeGuardingDynamicLinker.getGuardedInvocation(CompositeGuardingDynamicLinker.java:124)
[22:05:03] [Server thread/INFO]: [java.lang.Throwable$WrappedPrintStream:println:748]: 	at jdk.internal.dynalink.support.LinkerServicesImpl.getGuardedInvocation(LinkerServicesImpl.java:149)
[22:05:03] [Server thread/INFO]: [java.lang.Throwable$WrappedPrintStream:println:748]: 	at jdk.internal.dynalink.DynamicLinker.relink(DynamicLinker.java:233)
[22:05:03] [Server thread/INFO]: [java.lang.Throwable$WrappedPrintStream:println:748]: 	at jdk.nashorn.internal.scripts.Script$Recompilation$7614$188583AAAAAAAA$\^eval\_.RTMX_loadCompatTarget_kaizpatch_scripts_superrailbuilderx_RailPositionCompat_1suqebq$L:4466$RailPositionCompat$moveSectionedRailPosition(<eval>:4573)
[22:05:03] [Server thread/INFO]: [java.lang.Throwable$WrappedPrintStream:println:748]: 	at jdk.nashorn.internal.scripts.Script$Recompilation$7610$187411AAAAAAAA$\^eval\_.RTMX_loadCompatTarget_kaizpatch_scripts_superrailbuilderx_RailPositionCompat_1suqebq$L:4466$RailPositionCompat$moveRailPosition(<eval>:4537)
[22:05:03] [Server thread/INFO]: [java.lang.Throwable$WrappedPrintStream:println:748]: 	at jdk.nashorn.internal.scripts.Script$Recompilation$7607$200380AA$\^eval\_.applyRequest(<eval>:4807)
[22:05:03] [Server thread/INFO]: [java.lang.Throwable$WrappedPrintStream:println:748]: 	at jdk.nashorn.internal.scripts.Script$Recompilation$7571$201151AA$\^eval\_.onUpdate(<eval>:4843)
[22:05:03] [Server thread/INFO]: [java.lang.Throwable$WrappedPrintStream:println:748]: 	at jdk.nashorn.internal.runtime.ScriptFunctionData.invoke(ScriptFunctionData.java:640)
[22:05:03] [Server thread/INFO]: [java.lang.Throwable$WrappedPrintStream:println:748]: 	at jdk.nashorn.internal.runtime.ScriptFunction.invoke(ScriptFunction.java:229)
[22:05:03] [Server thread/INFO]: [java.lang.Throwable$WrappedPrintStream:println:748]: 	at jdk.nashorn.internal.runtime.ScriptRuntime.apply(ScriptRuntime.java:387)
[22:05:03] [Server thread/INFO]: [java.lang.Throwable$WrappedPrintStream:println:748]: 	at jdk.nashorn.api.scripting.ScriptObjectMirror.callMember(ScriptObjectMirror.java:192)
[22:05:03] [Server thread/INFO]: [java.lang.Throwable$WrappedPrintStream:println:748]: 	at jdk.nashorn.api.scripting.NashornScriptEngine.invokeImpl(NashornScriptEngine.java:381)
[22:05:03] [Server thread/INFO]: [java.lang.Throwable$WrappedPrintStream:println:748]: 	... 23 more
[22:05:03] [Server thread/INFO]: [java.lang.Throwable$WrappedPrintStream:println:748]: java.lang.RuntimeException: Script exec error : onUpdate
[22:05:03] [Server thread/INFO]: [java.lang.Throwable$WrappedPrintStream:println:748]: 	at jp.ngt.ngtlib.io.ScriptUtil.doScriptFunction(ScriptUtil.java:60)
[22:05:03] [Server thread/INFO]: [java.lang.Throwable$WrappedPrintStream:println:748]: 	at jp.ngt.ngtlib.io.ScriptUtil.doScriptIgnoreError(ScriptUtil.java:66)
[22:05:03] [Server thread/INFO]: [java.lang.Throwable$WrappedPrintStream:println:748]: 	at jp.ngt.rtm.modelpack.ScriptExecuter.callMethod(ScriptExecuter.java:24)
[22:05:03] [Server thread/INFO]: [java.lang.Throwable$WrappedPrintStream:println:748]: 	at jp.ngt.rtm.modelpack.ScriptExecuter.execScript(ScriptExecuter.java:36)
[22:05:03] [Server thread/INFO]: [java.lang.Throwable$WrappedPrintStream:println:748]: 	at jp.ngt.rtm.modelpack.ScriptExecuter.execScript(ScriptExecuter.java:30)
[22:05:03] [Server thread/INFO]: [java.lang.Throwable$WrappedPrintStream:println:748]: 	at jp.ngt.rtm.entity.vehicle.EntityVehicleBase.onVehicleUpdate(EntityVehicleBase.java:203)
[22:05:03] [Server thread/INFO]: [java.lang.Throwable$WrappedPrintStream:println:748]: 	at jp.ngt.rtm.entity.vehicle.EntityVehicle.onVehicleUpdate(EntityVehicle.java:66)
[22:05:03] [Server thread/INFO]: [java.lang.Throwable$WrappedPrintStream:println:748]: 	at jp.ngt.rtm.entity.vehicle.EntityVehicleBase.func_70071_h_(EntityVehicleBase.java:168)
[22:05:03] [Server thread/INFO]: [java.lang.Throwable$WrappedPrintStream:println:748]: 	at net.minecraft.entity.Entity.func_70098_U(Entity.java:1579)
[22:05:03] [Server thread/INFO]: [java.lang.Throwable$WrappedPrintStream:println:748]: 	at net.minecraft.world.World.func_72866_a(World.java:2066)
[22:05:03] [Server thread/INFO]: [java.lang.Throwable$WrappedPrintStream:println:748]: 	at net.minecraft.world.WorldServer.func_72866_a(WorldServer.java:648)
[22:05:03] [Server thread/INFO]: [java.lang.Throwable$WrappedPrintStream:println:748]: 	at net.minecraft.world.World.func_72870_g(World.java:2034)
[22:05:03] [Server thread/INFO]: [java.lang.Throwable$WrappedPrintStream:println:748]: 	at net.minecraft.world.World.func_72866_a(World.java:2129)
[22:05:03] [Server thread/INFO]: [java.lang.Throwable$WrappedPrintStream:println:748]: 	at net.minecraft.world.WorldServer.func_72866_a(WorldServer.java:648)
[22:05:03] [Server thread/INFO]: [java.lang.Throwable$WrappedPrintStream:println:748]: 	at net.minecraft.world.World.func_72870_g(World.java:2034)
[22:05:03] [Server thread/INFO]: [java.lang.Throwable$WrappedPrintStream:println:748]: 	at net.minecraft.world.World.func_72939_s(World.java:1887)
[22:05:03] [Server thread/INFO]: [java.lang.Throwable$WrappedPrintStream:println:748]: 	at net.minecraft.world.WorldServer.func_72939_s(WorldServer.java:489)
[22:05:03] [Server thread/INFO]: [java.lang.Throwable$WrappedPrintStream:println:748]: 	at net.minecraft.server.MinecraftServer.func_71190_q(MinecraftServer.java:636)
[22:05:03] [Server thread/INFO]: [java.lang.Throwable$WrappedPrintStream:println:748]: 	at net.minecraft.server.MinecraftServer.func_71217_p(MinecraftServer.java:547)
[22:05:03] [Server thread/INFO]: [java.lang.Throwable$WrappedPrintStream:println:748]: 	at net.minecraft.server.integrated.IntegratedServer.func_71217_p(IntegratedServer.java:111)
[22:05:03] [Server thread/INFO]: [java.lang.Throwable$WrappedPrintStream:println:748]: 	at net.minecraft.server.MinecraftServer.run(MinecraftServer.java:427)
[22:05:03] [Server thread/INFO]: [java.lang.Throwable$WrappedPrintStream:println:748]: 	at net.minecraft.server.MinecraftServer$2.run(MinecraftServer.java:685)
[22:05:03] [Server thread/INFO]: [java.lang.Throwable$WrappedPrintStream:println:748]: Caused by: javax.script.ScriptException: TypeError: jp.kaiz.kaizpatch.rtm.rail.TileEntityLargeRailSectionCore@3eea27f5 has no such function "getWorldObj" in <eval> at line number 4573
[22:05:03] [Server thread/INFO]: [java.lang.Throwable$WrappedPrintStream:println:748]: 	at jdk.nashorn.api.scripting.NashornScriptEngine.throwAsScriptException(NashornScriptEngine.java:455)
[22:05:03] [Server thread/INFO]: [java.lang.Throwable$WrappedPrintStream:println:748]: 	at jdk.nashorn.api.scripting.NashornScriptEngine.invokeImpl(NashornScriptEngine.java:387)
[22:05:03] [Server thread/INFO]: [java.lang.Throwable$WrappedPrintStream:println:748]: 	at jdk.nashorn.api.scripting.NashornScriptEngine.invokeFunction(NashornScriptEngine.java:187)
[22:05:03] [Server thread/INFO]: [java.lang.Throwable$WrappedPrintStream:println:748]: 	at jp.ngt.ngtlib.io.ScriptUtil.doScriptFunction(ScriptUtil.java:58)
[22:05:03] [Server thread/INFO]: [java.lang.Throwable$WrappedPrintStream:println:748]: 	... 21 more
[22:05:03] [Server thread/INFO]: [java.lang.Throwable$WrappedPrintStream:println:748]: Caused by: <eval>:4573 TypeError: jp.kaiz.kaizpatch.rtm.rail.TileEntityLargeRailSectionCore@3eea27f5 has no such function "getWorldObj"
[22:05:03] [Server thread/INFO]: [java.lang.Throwable$WrappedPrintStream:println:748]: 	at jdk.nashorn.internal.runtime.ECMAErrors.error(ECMAErrors.java:57)
[22:05:03] [Server thread/INFO]: [java.lang.Throwable$WrappedPrintStream:println:748]: 	at jdk.nashorn.internal.runtime.ECMAErrors.typeError(ECMAErrors.java:213)
[22:05:03] [Server thread/INFO]: [java.lang.Throwable$WrappedPrintStream:println:748]: 	at jdk.nashorn.internal.runtime.ECMAErrors.typeError(ECMAErrors.java:185)
[22:05:03] [Server thread/INFO]: [java.lang.Throwable$WrappedPrintStream:println:748]: 	at jdk.nashorn.internal.runtime.ECMAErrors.typeError(ECMAErrors.java:172)
[22:05:03] [Server thread/INFO]: [java.lang.Throwable$WrappedPrintStream:println:748]: 	at jdk.nashorn.internal.runtime.linker.NashornBottomLinker.linkBean(NashornBottomLinker.java:103)
[22:05:03] [Server thread/INFO]: [java.lang.Throwable$WrappedPrintStream:println:748]: 	at jdk.nashorn.internal.runtime.linker.NashornBottomLinker.getGuardedInvocation(NashornBottomLinker.java:71)
[22:05:03] [Server thread/INFO]: [java.lang.Throwable$WrappedPrintStream:println:748]: 	at jdk.internal.dynalink.support.CompositeGuardingDynamicLinker.getGuardedInvocation(CompositeGuardingDynamicLinker.java:124)
[22:05:03] [Server thread/INFO]: [java.lang.Throwable$WrappedPrintStream:println:748]: 	at jdk.internal.dynalink.support.LinkerServicesImpl.getGuardedInvocation(LinkerServicesImpl.java:149)
[22:05:03] [Server thread/INFO]: [java.lang.Throwable$WrappedPrintStream:println:748]: 	at jdk.internal.dynalink.DynamicLinker.relink(DynamicLinker.java:233)
[22:05:03] [Server thread/INFO]: [java.lang.Throwable$WrappedPrintStream:println:748]: 	at jdk.nashorn.internal.scripts.Script$Recompilation$7614$188583AAAAAAAA$\^eval\_.RTMX_loadCompatTarget_kaizpatch_scripts_superrailbuilderx_RailPositionCompat_1suqebq$L:4466$RailPositionCompat$moveSectionedRailPosition(<eval>:4573)
[22:05:03] [Server thread/INFO]: [java.lang.Throwable$WrappedPrintStream:println:748]: 	at jdk.nashorn.internal.scripts.Script$Recompilation$7610$187411AAAAAAAA$\^eval\_.RTMX_loadCompatTarget_kaizpatch_scripts_superrailbuilderx_RailPositionCompat_1suqebq$L:4466$RailPositionCompat$moveRailPosition(<eval>:4537)
[22:05:03] [Server thread/INFO]: [java.lang.Throwable$WrappedPrintStream:println:748]: 	at jdk.nashorn.internal.scripts.Script$Recompilation$7607$200380AA$\^eval\_.applyRequest(<eval>:4807)
[22:05:03] [Server thread/INFO]: [java.lang.Throwable$WrappedPrintStream:println:748]: 	at jdk.nashorn.internal.scripts.Script$Recompilation$7571$201151AA$\^eval\_.onUpdate(<eval>:4843)
[22:05:03] [Server thread/INFO]: [java.lang.Throwable$WrappedPrintStream:println:748]: 	at jdk.nashorn.internal.runtime.ScriptFunctionData.invoke(ScriptFunctionData.java:640)
[22:05:03] [Server thread/INFO]: [java.lang.Throwable$WrappedPrintStream:println:748]: 	at jdk.nashorn.internal.runtime.ScriptFunction.invoke(ScriptFunction.java:229)
[22:05:03] [Server thread/INFO]: [java.lang.Throwable$WrappedPrintStream:println:748]: 	at jdk.nashorn.internal.runtime.ScriptRuntime.apply(ScriptRuntime.java:387)
[22:05:03] [Server thread/INFO]: [java.lang.Throwable$WrappedPrintStream:println:748]: 	at jdk.nashorn.api.scripting.ScriptObjectMirror.callMember(ScriptObjectMirror.java:192)
[22:05:03] [Server thread/INFO]: [java.lang.Throwable$WrappedPrintStream:println:748]: 	at jdk.nashorn.api.scripting.NashornScriptEngine.invokeImpl(NashornScriptEngine.java:381)
[22:05:03] [Server thread/INFO]: [java.lang.Throwable$WrappedPrintStream:println:748]: 	... 23 more
[22:05:03] [Server thread/INFO]: [java.lang.Throwable$WrappedPrintStream:println:748]: java.lang.RuntimeException: Script exec error : onUpdate
[22:05:03] [Server thread/INFO]: [java.lang.Throwable$WrappedPrintStream:println:748]: 	at jp.ngt.ngtlib.io.ScriptUtil.doScriptFunction(ScriptUtil.java:60)
[22:05:03] [Server thread/INFO]: [java.lang.Throwable$WrappedPrintStream:println:748]: 	at jp.ngt.ngtlib.io.ScriptUtil.doScriptIgnoreError(ScriptUtil.java:66)
[22:05:03] [Server thread/INFO]: [java.lang.Throwable$WrappedPrintStream:println:748]: 	at jp.ngt.rtm.modelpack.ScriptExecuter.callMethod(ScriptExecuter.java:24)
[22:05:03] [Server thread/INFO]: [java.lang.Throwable$WrappedPrintStream:println:748]: 	at jp.ngt.rtm.modelpack.ScriptExecuter.execScript(ScriptExecuter.java:36)
[22:05:03] [Server thread/INFO]: [java.lang.Throwable$WrappedPrintStream:println:748]: 	at jp.ngt.rtm.modelpack.ScriptExecuter.execScript(ScriptExecuter.java:30)
[22:05:03] [Server thread/INFO]: [java.lang.Throwable$WrappedPrintStream:println:748]: 	at jp.ngt.rtm.entity.vehicle.EntityVehicleBase.onVehicleUpdate(EntityVehicleBase.java:203)
[22:05:03] [Server thread/INFO]: [java.lang.Throwable$WrappedPrintStream:println:748]: 	at jp.ngt.rtm.entity.vehicle.EntityVehicle.onVehicleUpdate(EntityVehicle.java:66)
[22:05:03] [Server thread/INFO]: [java.lang.Throwable$WrappedPrintStream:println:748]: 	at jp.ngt.rtm.entity.vehicle.EntityVehicleBase.func_70071_h_(EntityVehicleBase.java:168)
[22:05:03] [Server thread/INFO]: [java.lang.Throwable$WrappedPrintStream:println:748]: 	at net.minecraft.entity.Entity.func_70098_U(Entity.java:1579)
[22:05:03] [Server thread/INFO]: [java.lang.Throwable$WrappedPrintStream:println:748]: 	at net.minecraft.world.World.func_72866_a(World.java:2066)
[22:05:03] [Server thread/INFO]: [java.lang.Throwable$WrappedPrintStream:println:748]: 	at net.minecraft.world.WorldServer.func_72866_a(WorldServer.java:648)
[22:05:03] [Server thread/INFO]: [java.lang.Throwable$WrappedPrintStream:println:748]: 	at net.minecraft.world.World.func_72870_g(World.java:2034)
[22:05:03] [Server thread/INFO]: [java.lang.Throwable$WrappedPrintStream:println:748]: 	at net.minecraft.world.World.func_72866_a(World.java:2129)
[22:05:03] [Server thread/INFO]: [java.lang.Throwable$WrappedPrintStream:println:748]: 	at net.minecraft.world.WorldServer.func_72866_a(WorldServer.java:648)
[22:05:03] [Server thread/INFO]: [java.lang.Throwable$WrappedPrintStream:println:748]: 	at net.minecraft.world.World.func_72870_g(World.java:2034)
[22:05:03] [Server thread/INFO]: [java.lang.Throwable$WrappedPrintStream:println:748]: 	at net.minecraft.world.World.func_72939_s(World.java:1887)
[22:05:03] [Server thread/INFO]: [java.lang.Throwable$WrappedPrintStream:println:748]: 	at net.minecraft.world.WorldServer.func_72939_s(WorldServer.java:489)
[22:05:03] [Server thread/INFO]: [java.lang.Throwable$WrappedPrintStream:println:748]: 	at net.minecraft.server.MinecraftServer.func_71190_q(MinecraftServer.java:636)
[22:05:03] [Server thread/INFO]: [java.lang.Throwable$WrappedPrintStream:println:748]: 	at net.minecraft.server.MinecraftServer.func_71217_p(MinecraftServer.java:547)
[22:05:03] [Server thread/INFO]: [java.lang.Throwable$WrappedPrintStream:println:748]: 	at net.minecraft.server.integrated.IntegratedServer.func_71217_p(IntegratedServer.java:111)
[22:05:03] [Server thread/INFO]: [java.lang.Throwable$WrappedPrintStream:println:748]: 	at net.minecraft.server.MinecraftServer.run(MinecraftServer.java:427)
[22:05:03] [Server thread/INFO]: [java.lang.Throwable$WrappedPrintStream:println:748]: 	at net.minecraft.server.MinecraftServer$2.run(MinecraftServer.java:685)
[22:05:03] [Server thread/INFO]: [java.lang.Throwable$WrappedPrintStream:println:748]: Caused by: javax.script.ScriptException: TypeError: jp.kaiz.kaizpatch.rtm.rail.TileEntityLargeRailSectionCore@3eea27f5 has no such function "getWorldObj" in <eval> at line number 4573
[22:05:03] [Server thread/INFO]: [java.lang.Throwable$WrappedPrintStream:println:748]: 	at jdk.nashorn.api.scripting.NashornScriptEngine.throwAsScriptException(NashornScriptEngine.java:455)
[22:05:03] [Server thread/INFO]: [java.lang.Throwable$WrappedPrintStream:println:748]: 	at jdk.nashorn.api.scripting.NashornScriptEngine.invokeImpl(NashornScriptEngine.java:387)
[22:05:03] [Server thread/INFO]: [java.lang.Throwable$WrappedPrintStream:println:748]: 	at jdk.nashorn.api.scripting.NashornScriptEngine.invokeFunction(NashornScriptEngine.java:187)
[22:05:03] [Server thread/INFO]: [java.lang.Throwable$WrappedPrintStream:println:748]: 	at jp.ngt.ngtlib.io.ScriptUtil.doScriptFunction(ScriptUtil.java:58)
[22:05:03] [Server thread/INFO]: [java.lang.Throwable$WrappedPrintStream:println:748]: 	... 21 more
[22:05:03] [Server thread/INFO]: [java.lang.Throwable$WrappedPrintStream:println:748]: Caused by: <eval>:4573 TypeError: jp.kaiz.kaizpatch.rtm.rail.TileEntityLargeRailSectionCore@3eea27f5 has no such function "getWorldObj"
[22:05:03] [Server thread/INFO]: [java.lang.Throwable$WrappedPrintStream:println:748]: 	at jdk.nashorn.internal.runtime.ECMAErrors.error(ECMAErrors.java:57)
[22:05:03] [Server thread/INFO]: [java.lang.Throwable$WrappedPrintStream:println:748]: 	at jdk.nashorn.internal.runtime.ECMAErrors.typeError(ECMAErrors.java:213)
[22:05:03] [Server thread/INFO]: [java.lang.Throwable$WrappedPrintStream:println:748]: 	at jdk.nashorn.internal.runtime.ECMAErrors.typeError(ECMAErrors.java:185)
[22:05:03] [Server thread/INFO]: [java.lang.Throwable$WrappedPrintStream:println:748]: 	at jdk.nashorn.internal.runtime.ECMAErrors.typeError(ECMAErrors.java:172)
[22:05:03] [Server thread/INFO]: [java.lang.Throwable$WrappedPrintStream:println:748]: 	at jdk.nashorn.internal.runtime.linker.NashornBottomLinker.linkBean(NashornBottomLinker.java:103)
[22:05:03] [Server thread/INFO]: [java.lang.Throwable$WrappedPrintStream:println:748]: 	at jdk.nashorn.internal.runtime.linker.NashornBottomLinker.getGuardedInvocation(NashornBottomLinker.java:71)
[22:05:03] [Server thread/INFO]: [java.lang.Throwable$WrappedPrintStream:println:748]: 	at jdk.internal.dynalink.support.CompositeGuardingDynamicLinker.getGuardedInvocation(CompositeGuardingDynamicLinker.java:124)
[22:05:03] [Server thread/INFO]: [java.lang.Throwable$WrappedPrintStream:println:748]: 	at jdk.internal.dynalink.support.LinkerServicesImpl.getGuardedInvocation(LinkerServicesImpl.java:149)
[22:05:03] [Server thread/INFO]: [java.lang.Throwable$WrappedPrintStream:println:748]: 	at jdk.internal.dynalink.DynamicLinker.relink(DynamicLinker.java:233)
[22:05:03] [Server thread/INFO]: [java.lang.Throwable$WrappedPrintStream:println:748]: 	at jdk.nashorn.internal.scripts.Script$Recompilation$7614$188583AAAAAAAA$\^eval\_.RTMX_loadCompatTarget_kaizpatch_scripts_superrailbuilderx_RailPositionCompat_1suqebq$L:4466$RailPositionCompat$moveSectionedRailPosition(<eval>:4573)
[22:05:03] [Server thread/INFO]: [java.lang.Throwable$WrappedPrintStream:println:748]: 	at jdk.nashorn.internal.scripts.Script$Recompilation$7610$187411AAAAAAAA$\^eval\_.RTMX_loadCompatTarget_kaizpatch_scripts_superrailbuilderx_RailPositionCompat_1suqebq$L:4466$RailPositionCompat$moveRailPosition(<eval>:4537)
[22:05:03] [Server thread/INFO]: [java.lang.Throwable$WrappedPrintStream:println:748]: 	at jdk.nashorn.internal.scripts.Script$Recompilation$7607$200380AA$\^eval\_.applyRequest(<eval>:4807)
[22:05:03] [Server thread/INFO]: [java.lang.Throwable$WrappedPrintStream:println:748]: 	at jdk.nashorn.internal.scripts.Script$Recompilation$7571$201151AA$\^eval\_.onUpdate(<eval>:4843)
[22:05:03] [Server thread/INFO]: [java.lang.Throwable$WrappedPrintStream:println:748]: 	at jdk.nashorn.internal.runtime.ScriptFunctionData.invoke(ScriptFunctionData.java:640)
[22:05:03] [Server thread/INFO]: [java.lang.Throwable$WrappedPrintStream:println:748]: 	at jdk.nashorn.internal.runtime.ScriptFunction.invoke(ScriptFunction.java:229)
[22:05:03] [Server thread/INFO]: [java.lang.Throwable$WrappedPrintStream:println:748]: 	at jdk.nashorn.internal.runtime.ScriptRuntime.apply(ScriptRuntime.java:387)
[22:05:03] [Server thread/INFO]: [java.lang.Throwable$WrappedPrintStream:println:748]: 	at jdk.nashorn.api.scripting.ScriptObjectMirror.callMember(ScriptObjectMirror.java:192)
[22:05:03] [Server thread/INFO]: [java.lang.Throwable$WrappedPrintStream:println:748]: 	at jdk.nashorn.api.scripting.NashornScriptEngine.invokeImpl(NashornScriptEngine.java:381)
[22:05:03] [Server thread/INFO]: [java.lang.Throwable$WrappedPrintStream:println:748]: 	... 23 more
[22:05:03] [Server thread/INFO]: [java.lang.Throwable$WrappedPrintStream:println:748]: java.lang.RuntimeException: Script exec error : onUpdate
[22:05:03] [Server thread/INFO]: [java.lang.Throwable$WrappedPrintStream:println:748]: 	at jp.ngt.ngtlib.io.ScriptUtil.doScriptFunction(ScriptUtil.java:60)
[22:05:03] [Server thread/INFO]: [java.lang.Throwable$WrappedPrintStream:println:748]: 	at jp.ngt.ngtlib.io.ScriptUtil.doScriptIgnoreError(ScriptUtil.java:66)
[22:05:03] [Server thread/INFO]: [java.lang.Throwable$WrappedPrintStream:println:748]: 	at jp.ngt.rtm.modelpack.ScriptExecuter.callMethod(ScriptExecuter.java:24)
[22:05:03] [Server thread/INFO]: [java.lang.Throwable$WrappedPrintStream:println:748]: 	at jp.ngt.rtm.modelpack.ScriptExecuter.execScript(ScriptExecuter.java:36)
[22:05:03] [Server thread/INFO]: [java.lang.Throwable$WrappedPrintStream:println:748]: 	at jp.ngt.rtm.modelpack.ScriptExecuter.execScript(ScriptExecuter.java:30)
[22:05:03] [Server thread/INFO]: [java.lang.Throwable$WrappedPrintStream:println:748]: 	at jp.ngt.rtm.entity.vehicle.EntityVehicleBase.onVehicleUpdate(EntityVehicleBase.java:203)
[22:05:03] [Server thread/INFO]: [java.lang.Throwable$WrappedPrintStream:println:748]: 	at jp.ngt.rtm.entity.vehicle.EntityVehicle.onVehicleUpdate(EntityVehicle.java:66)
[22:05:03] [Server thread/INFO]: [java.lang.Throwable$WrappedPrintStream:println:748]: 	at jp.ngt.rtm.entity.vehicle.EntityVehicleBase.func_70071_h_(EntityVehicleBase.java:168)
[22:05:03] [Server thread/INFO]: [java.lang.Throwable$WrappedPrintStream:println:748]: 	at net.minecraft.entity.Entity.func_70098_U(Entity.java:1579)
[22:05:03] [Server thread/INFO]: [java.lang.Throwable$WrappedPrintStream:println:748]: 	at net.minecraft.world.World.func_72866_a(World.java:2066)
[22:05:03] [Server thread/INFO]: [java.lang.Throwable$WrappedPrintStream:println:748]: 	at net.minecraft.world.WorldServer.func_72866_a(WorldServer.java:648)
[22:05:03] [Server thread/INFO]: [java.lang.Throwable$WrappedPrintStream:println:748]: 	at net.minecraft.world.World.func_72870_g(World.java:2034)
[22:05:03] [Server thread/INFO]: [java.lang.Throwable$WrappedPrintStream:println:748]: 	at net.minecraft.world.World.func_72866_a(World.java:2129)
[22:05:03] [Server thread/INFO]: [java.lang.Throwable$WrappedPrintStream:println:748]: 	at net.minecraft.world.WorldServer.func_72866_a(WorldServer.java:648)
[22:05:03] [Server thread/INFO]: [java.lang.Throwable$WrappedPrintStream:println:748]: 	at net.minecraft.world.World.func_72870_g(World.java:2034)
[22:05:03] [Server thread/INFO]: [java.lang.Throwable$WrappedPrintStream:println:748]: 	at net.minecraft.world.World.func_72939_s(World.java:1887)
[22:05:03] [Server thread/INFO]: [java.lang.Throwable$WrappedPrintStream:println:748]: 	at net.minecraft.world.WorldServer.func_72939_s(WorldServer.java:489)
[22:05:03] [Server thread/INFO]: [java.lang.Throwable$WrappedPrintStream:println:748]: 	at net.minecraft.server.MinecraftServer.func_71190_q(MinecraftServer.java:636)
[22:05:03] [Server thread/INFO]: [java.lang.Throwable$WrappedPrintStream:println:748]: 	at net.minecraft.server.MinecraftServer.func_71217_p(MinecraftServer.java:547)
[22:05:03] [Server thread/INFO]: [java.lang.Throwable$WrappedPrintStream:println:748]: 	at net.minecraft.server.integrated.IntegratedServer.func_71217_p(IntegratedServer.java:111)
[22:05:03] [Server thread/INFO]: [java.lang.Throwable$WrappedPrintStream:println:748]: 	at net.minecraft.server.MinecraftServer.run(MinecraftServer.java:427)
[22:05:03] [Server thread/INFO]: [java.lang.Throwable$WrappedPrintStream:println:748]: 	at net.minecraft.server.MinecraftServer$2.run(MinecraftServer.java:685)
[22:05:03] [Server thread/INFO]: [java.lang.Throwable$WrappedPrintStream:println:748]: Caused by: javax.script.ScriptException: TypeError: jp.kaiz.kaizpatch.rtm.rail.TileEntityLargeRailSectionCore@3eea27f5 has no such function "getWorldObj" in <eval> at line number 4573
[22:05:03] [Server thread/INFO]: [java.lang.Throwable$WrappedPrintStream:println:748]: 	at jdk.nashorn.api.scripting.NashornScriptEngine.throwAsScriptException(NashornScriptEngine.java:455)
[22:05:03] [Server thread/INFO]: [java.lang.Throwable$WrappedPrintStream:println:748]: 	at jdk.nashorn.api.scripting.NashornScriptEngine.invokeImpl(NashornScriptEngine.java:387)
[22:05:03] [Server thread/INFO]: [java.lang.Throwable$WrappedPrintStream:println:748]: 	at jdk.nashorn.api.scripting.NashornScriptEngine.invokeFunction(NashornScriptEngine.java:187)
[22:05:03] [Server thread/INFO]: [java.lang.Throwable$WrappedPrintStream:println:748]: 	at jp.ngt.ngtlib.io.ScriptUtil.doScriptFunction(ScriptUtil.java:58)
[22:05:03] [Server thread/INFO]: [java.lang.Throwable$WrappedPrintStream:println:748]: 	... 21 more
[22:05:03] [Server thread/INFO]: [java.lang.Throwable$WrappedPrintStream:println:748]: Caused by: <eval>:4573 TypeError: jp.kaiz.kaizpatch.rtm.rail.TileEntityLargeRailSectionCore@3eea27f5 has no such function "getWorldObj"
[22:05:03] [Server thread/INFO]: [java.lang.Throwable$WrappedPrintStream:println:748]: 	at jdk.nashorn.internal.runtime.ECMAErrors.error(ECMAErrors.java:57)
[22:05:03] [Server thread/INFO]: [java.lang.Throwable$WrappedPrintStream:println:748]: 	at jdk.nashorn.internal.runtime.ECMAErrors.typeError(ECMAErrors.java:213)
[22:05:03] [Server thread/INFO]: [java.lang.Throwable$WrappedPrintStream:println:748]: 	at jdk.nashorn.internal.runtime.ECMAErrors.typeError(ECMAErrors.java:185)
[22:05:03] [Server thread/INFO]: [java.lang.Throwable$WrappedPrintStream:println:748]: 	at jdk.nashorn.internal.runtime.ECMAErrors.typeError(ECMAErrors.java:172)
[22:05:03] [Server thread/INFO]: [java.lang.Throwable$WrappedPrintStream:println:748]: 	at jdk.nashorn.internal.runtime.linker.NashornBottomLinker.linkBean(NashornBottomLinker.java:103)
[22:05:03] [Server thread/INFO]: [java.lang.Throwable$WrappedPrintStream:println:748]: 	at jdk.nashorn.internal.runtime.linker.NashornBottomLinker.getGuardedInvocation(NashornBottomLinker.java:71)
[22:05:03] [Server thread/INFO]: [java.lang.Throwable$WrappedPrintStream:println:748]: 	at jdk.internal.dynalink.support.CompositeGuardingDynamicLinker.getGuardedInvocation(CompositeGuardingDynamicLinker.java:124)
[22:05:03] [Server thread/INFO]: [java.lang.Throwable$WrappedPrintStream:println:748]: 	at jdk.internal.dynalink.support.LinkerServicesImpl.getGuardedInvocation(LinkerServicesImpl.java:149)
[22:05:03] [Server thread/INFO]: [java.lang.Throwable$WrappedPrintStream:println:748]: 	at jdk.internal.dynalink.DynamicLinker.relink(DynamicLinker.java:233)
[22:05:03] [Server thread/INFO]: [java.lang.Throwable$WrappedPrintStream:println:748]: 	at jdk.nashorn.internal.scripts.Script$Recompilation$7614$188583AAAAAAAA$\^eval\_.RTMX_loadCompatTarget_kaizpatch_scripts_superrailbuilderx_RailPositionCompat_1suqebq$L:4466$RailPositionCompat$moveSectionedRailPosition(<eval>:4573)
[22:05:03] [Server thread/INFO]: [java.lang.Throwable$WrappedPrintStream:println:748]: 	at jdk.nashorn.internal.scripts.Script$Recompilation$7610$187411AAAAAAAA$\^eval\_.RTMX_loadCompatTarget_kaizpatch_scripts_superrailbuilderx_RailPositionCompat_1suqebq$L:4466$RailPositionCompat$moveRailPosition(<eval>:4537)
[22:05:03] [Server thread/INFO]: [java.lang.Throwable$WrappedPrintStream:println:748]: 	at jdk.nashorn.internal.scripts.Script$Recompilation$7607$200380AA$\^eval\_.applyRequest(<eval>:4807)
[22:05:03] [Server thread/INFO]: [java.lang.Throwable$WrappedPrintStream:println:748]: 	at jdk.nashorn.internal.scripts.Script$Recompilation$7571$201151AA$\^eval\_.onUpdate(<eval>:4843)
[22:05:03] [Server thread/INFO]: [java.lang.Throwable$WrappedPrintStream:println:748]: 	at jdk.nashorn.internal.runtime.ScriptFunctionData.invoke(ScriptFunctionData.java:640)
[22:05:03] [Server thread/INFO]: [java.lang.Throwable$WrappedPrintStream:println:748]: 	at jdk.nashorn.internal.runtime.ScriptFunction.invoke(ScriptFunction.java:229)
[22:05:03] [Server thread/INFO]: [java.lang.Throwable$WrappedPrintStream:println:748]: 	at jdk.nashorn.internal.runtime.ScriptRuntime.apply(ScriptRuntime.java:387)
[22:05:03] [Server thread/INFO]: [java.lang.Throwable$WrappedPrintStream:println:748]: 	at jdk.nashorn.api.scripting.ScriptObjectMirror.callMember(ScriptObjectMirror.java:192)
[22:05:03] [Server thread/INFO]: [java.lang.Throwable$WrappedPrintStream:println:748]: 	at jdk.nashorn.api.scripting.NashornScriptEngine.invokeImpl(NashornScriptEngine.java:381)
[22:05:03] [Server thread/INFO]: [java.lang.Throwable$WrappedPrintStream:println:748]: 	... 23 more
[22:05:03] [Server thread/INFO]: [java.lang.Throwable$WrappedPrintStream:println:748]: java.lang.RuntimeException: Script exec error : onUpdate
[22:05:03] [Server thread/INFO]: [java.lang.Throwable$WrappedPrintStream:println:748]: 	at jp.ngt.ngtlib.io.ScriptUtil.doScriptFunction(ScriptUtil.java:60)
[22:05:03] [Server thread/INFO]: [java.lang.Throwable$WrappedPrintStream:println:748]: 	at jp.ngt.ngtlib.io.ScriptUtil.doScriptIgnoreError(ScriptUtil.java:66)
[22:05:03] [Server thread/INFO]: [java.lang.Throwable$WrappedPrintStream:println:748]: 	at jp.ngt.rtm.modelpack.ScriptExecuter.callMethod(ScriptExecuter.java:24)
[22:05:03] [Server thread/INFO]: [java.lang.Throwable$WrappedPrintStream:println:748]: 	at jp.ngt.rtm.modelpack.ScriptExecuter.execScript(ScriptExecuter.java:36)
[22:05:03] [Server thread/INFO]: [java.lang.Throwable$WrappedPrintStream:println:748]: 	at jp.ngt.rtm.modelpack.ScriptExecuter.execScript(ScriptExecuter.java:30)
[22:05:03] [Server thread/INFO]: [java.lang.Throwable$WrappedPrintStream:println:748]: 	at jp.ngt.rtm.entity.vehicle.EntityVehicleBase.onVehicleUpdate(EntityVehicleBase.java:203)
[22:05:03] [Server thread/INFO]: [java.lang.Throwable$WrappedPrintStream:println:748]: 	at jp.ngt.rtm.entity.vehicle.EntityVehicle.onVehicleUpdate(EntityVehicle.java:66)
[22:05:03] [Server thread/INFO]: [java.lang.Throwable$WrappedPrintStream:println:748]: 	at jp.ngt.rtm.entity.vehicle.EntityVehicleBase.func_70071_h_(EntityVehicleBase.java:168)
[22:05:03] [Server thread/INFO]: [java.lang.Throwable$WrappedPrintStream:println:748]: 	at net.minecraft.entity.Entity.func_70098_U(Entity.java:1579)
[22:05:03] [Server thread/INFO]: [java.lang.Throwable$WrappedPrintStream:println:748]: 	at net.minecraft.world.World.func_72866_a(World.java:2066)
[22:05:03] [Server thread/INFO]: [java.lang.Throwable$WrappedPrintStream:println:748]: 	at net.minecraft.world.WorldServer.func_72866_a(WorldServer.java:648)
[22:05:03] [Server thread/INFO]: [java.lang.Throwable$WrappedPrintStream:println:748]: 	at net.minecraft.world.World.func_72870_g(World.java:2034)
[22:05:03] [Server thread/INFO]: [java.lang.Throwable$WrappedPrintStream:println:748]: 	at net.minecraft.world.World.func_72866_a(World.java:2129)
[22:05:03] [Server thread/INFO]: [java.lang.Throwable$WrappedPrintStream:println:748]: 	at net.minecraft.world.WorldServer.func_72866_a(WorldServer.java:648)
[22:05:03] [Server thread/INFO]: [java.lang.Throwable$WrappedPrintStream:println:748]: 	at net.minecraft.world.World.func_72870_g(World.java:2034)
[22:05:03] [Server thread/INFO]: [java.lang.Throwable$WrappedPrintStream:println:748]: 	at net.minecraft.world.World.func_72939_s(World.java:1887)
[22:05:03] [Server thread/INFO]: [java.lang.Throwable$WrappedPrintStream:println:748]: 	at net.minecraft.world.WorldServer.func_72939_s(WorldServer.java:489)
[22:05:03] [Server thread/INFO]: [java.lang.Throwable$WrappedPrintStream:println:748]: 	at net.minecraft.server.MinecraftServer.func_71190_q(MinecraftServer.java:636)
[22:05:03] [Server thread/INFO]: [java.lang.Throwable$WrappedPrintStream:println:748]: 	at net.minecraft.server.MinecraftServer.func_71217_p(MinecraftServer.java:547)
[22:05:03] [Server thread/INFO]: [java.lang.Throwable$WrappedPrintStream:println:748]: 	at net.minecraft.server.integrated.IntegratedServer.func_71217_p(IntegratedServer.java:111)
[22:05:03] [Server thread/INFO]: [java.lang.Throwable$WrappedPrintStream:println:748]: 	at net.minecraft.server.MinecraftServer.run(MinecraftServer.java:427)
[22:05:03] [Server thread/INFO]: [java.lang.Throwable$WrappedPrintStream:println:748]: 	at net.minecraft.server.MinecraftServer$2.run(MinecraftServer.java:685)
[22:05:03] [Server thread/INFO]: [java.lang.Throwable$WrappedPrintStream:println:748]: Caused by: javax.script.ScriptException: TypeError: jp.kaiz.kaizpatch.rtm.rail.TileEntityLargeRailSectionCore@3eea27f5 has no such function "getWorldObj" in <eval> at line number 4573
[22:05:03] [Server thread/INFO]: [java.lang.Throwable$WrappedPrintStream:println:748]: 	at jdk.nashorn.api.scripting.NashornScriptEngine.throwAsScriptException(NashornScriptEngine.java:455)
[22:05:03] [Server thread/INFO]: [java.lang.Throwable$WrappedPrintStream:println:748]: 	at jdk.nashorn.api.scripting.NashornScriptEngine.invokeImpl(NashornScriptEngine.java:387)
[22:05:03] [Server thread/INFO]: [java.lang.Throwable$WrappedPrintStream:println:748]: 	at jdk.nashorn.api.scripting.NashornScriptEngine.invokeFunction(NashornScriptEngine.java:187)
[22:05:03] [Server thread/INFO]: [java.lang.Throwable$WrappedPrintStream:println:748]: 	at jp.ngt.ngtlib.io.ScriptUtil.doScriptFunction(ScriptUtil.java:58)
[22:05:03] [Server thread/INFO]: [java.lang.Throwable$WrappedPrintStream:println:748]: 	... 21 more
[22:05:03] [Server thread/INFO]: [java.lang.Throwable$WrappedPrintStream:println:748]: Caused by: <eval>:4573 TypeError: jp.kaiz.kaizpatch.rtm.rail.TileEntityLargeRailSectionCore@3eea27f5 has no such function "getWorldObj"
[22:05:03] [Server thread/INFO]: [java.lang.Throwable$WrappedPrintStream:println:748]: 	at jdk.nashorn.internal.runtime.ECMAErrors.error(ECMAErrors.java:57)
[22:05:03] [Server thread/INFO]: [java.lang.Throwable$WrappedPrintStream:println:748]: 	at jdk.nashorn.internal.runtime.ECMAErrors.typeError(ECMAErrors.java:213)
[22:05:03] [Server thread/INFO]: [java.lang.Throwable$WrappedPrintStream:println:748]: 	at jdk.nashorn.internal.runtime.ECMAErrors.typeError(ECMAErrors.java:185)
[22:05:03] [Server thread/INFO]: [java.lang.Throwable$WrappedPrintStream:println:748]: 	at jdk.nashorn.internal.runtime.ECMAErrors.typeError(ECMAErrors.java:172)
[22:05:03] [Server thread/INFO]: [java.lang.Throwable$WrappedPrintStream:println:748]: 	at jdk.nashorn.internal.runtime.linker.NashornBottomLinker.linkBean(NashornBottomLinker.java:103)
[22:05:03] [Server thread/INFO]: [java.lang.Throwable$WrappedPrintStream:println:748]: 	at jdk.nashorn.internal.runtime.linker.NashornBottomLinker.getGuardedInvocation(NashornBottomLinker.java:71)
[22:05:03] [Server thread/INFO]: [java.lang.Throwable$WrappedPrintStream:println:748]: 	at jdk.internal.dynalink.support.CompositeGuardingDynamicLinker.getGuardedInvocation(CompositeGuardingDynamicLinker.java:124)
[22:05:03] [Server thread/INFO]: [java.lang.Throwable$WrappedPrintStream:println:748]: 	at jdk.internal.dynalink.support.LinkerServicesImpl.getGuardedInvocation(LinkerServicesImpl.java:149)
[22:05:03] [Server thread/INFO]: [java.lang.Throwable$WrappedPrintStream:println:748]: 	at jdk.internal.dynalink.DynamicLinker.relink(DynamicLinker.java:233)
[22:05:03] [Server thread/INFO]: [java.lang.Throwable$WrappedPrintStream:println:748]: 	at jdk.nashorn.internal.scripts.Script$Recompilation$7614$188583AAAAAAAA$\^eval\_.RTMX_loadCompatTarget_kaizpatch_scripts_superrailbuilderx_RailPositionCompat_1suqebq$L:4466$RailPositionCompat$moveSectionedRailPosition(<eval>:4573)
[22:05:03] [Server thread/INFO]: [java.lang.Throwable$WrappedPrintStream:println:748]: 	at jdk.nashorn.internal.scripts.Script$Recompilation$7610$187411AAAAAAAA$\^eval\_.RTMX_loadCompatTarget_kaizpatch_scripts_superrailbuilderx_RailPositionCompat_1suqebq$L:4466$RailPositionCompat$moveRailPosition(<eval>:4537)
[22:05:03] [Server thread/INFO]: [java.lang.Throwable$WrappedPrintStream:println:748]: 	at jdk.nashorn.internal.scripts.Script$Recompilation$7607$200380AA$\^eval\_.applyRequest(<eval>:4807)
[22:05:03] [Server thread/INFO]: [java.lang.Throwable$WrappedPrintStream:println:748]: 	at jdk.nashorn.internal.scripts.Script$Recompilation$7571$201151AA$\^eval\_.onUpdate(<eval>:4843)
[22:05:03] [Server thread/INFO]: [java.lang.Throwable$WrappedPrintStream:println:748]: 	at jdk.nashorn.internal.runtime.ScriptFunctionData.invoke(ScriptFunctionData.java:640)
[22:05:03] [Server thread/INFO]: [java.lang.Throwable$WrappedPrintStream:println:748]: 	at jdk.nashorn.internal.runtime.ScriptFunction.invoke(ScriptFunction.java:229)
[22:05:03] [Server thread/INFO]: [java.lang.Throwable$WrappedPrintStream:println:748]: 	at jdk.nashorn.internal.runtime.ScriptRuntime.apply(ScriptRuntime.java:387)
[22:05:03] [Server thread/INFO]: [java.lang.Throwable$WrappedPrintStream:println:748]: 	at jdk.nashorn.api.scripting.ScriptObjectMirror.callMember(ScriptObjectMirror.java:192)
[22:05:03] [Server thread/INFO]: [java.lang.Throwable$WrappedPrintStream:println:748]: 	at jdk.nashorn.api.scripting.NashornScriptEngine.invokeImpl(NashornScriptEngine.java:381)
[22:05:03] [Server thread/INFO]: [java.lang.Throwable$WrappedPrintStream:println:748]: 	... 23 more
[22:05:03] [Server thread/INFO]: [java.lang.Throwable$WrappedPrintStream:println:748]: java.lang.RuntimeException: Script exec error : onUpdate
[22:05:03] [Server thread/INFO]: [java.lang.Throwable$WrappedPrintStream:println:748]: 	at jp.ngt.ngtlib.io.ScriptUtil.doScriptFunction(ScriptUtil.java:60)
[22:05:03] [Server thread/INFO]: [java.lang.Throwable$WrappedPrintStream:println:748]: 	at jp.ngt.ngtlib.io.ScriptUtil.doScriptIgnoreError(ScriptUtil.java:66)
[22:05:03] [Server thread/INFO]: [java.lang.Throwable$WrappedPrintStream:println:748]: 	at jp.ngt.rtm.modelpack.ScriptExecuter.callMethod(ScriptExecuter.java:24)
[22:05:03] [Server thread/INFO]: [java.lang.Throwable$WrappedPrintStream:println:748]: 	at jp.ngt.rtm.modelpack.ScriptExecuter.execScript(ScriptExecuter.java:36)
[22:05:03] [Server thread/INFO]: [java.lang.Throwable$WrappedPrintStream:println:748]: 	at jp.ngt.rtm.modelpack.ScriptExecuter.execScript(ScriptExecuter.java:30)
[22:05:03] [Server thread/INFO]: [java.lang.Throwable$WrappedPrintStream:println:748]: 	at jp.ngt.rtm.entity.vehicle.EntityVehicleBase.onVehicleUpdate(EntityVehicleBase.java:203)
[22:05:03] [Server thread/INFO]: [java.lang.Throwable$WrappedPrintStream:println:748]: 	at jp.ngt.rtm.entity.vehicle.EntityVehicle.onVehicleUpdate(EntityVehicle.java:66)
[22:05:03] [Server thread/INFO]: [java.lang.Throwable$WrappedPrintStream:println:748]: 	at jp.ngt.rtm.entity.vehicle.EntityVehicleBase.func_70071_h_(EntityVehicleBase.java:168)
[22:05:03] [Server thread/INFO]: [java.lang.Throwable$WrappedPrintStream:println:748]: 	at net.minecraft.entity.Entity.func_70098_U(Entity.java:1579)
[22:05:03] [Server thread/INFO]: [java.lang.Throwable$WrappedPrintStream:println:748]: 	at net.minecraft.world.World.func_72866_a(World.java:2066)
[22:05:03] [Server thread/INFO]: [java.lang.Throwable$WrappedPrintStream:println:748]: 	at net.minecraft.world.WorldServer.func_72866_a(WorldServer.java:648)
[22:05:03] [Server thread/INFO]: [java.lang.Throwable$WrappedPrintStream:println:748]: 	at net.minecraft.world.World.func_72870_g(World.java:2034)
[22:05:03] [Server thread/INFO]: [java.lang.Throwable$WrappedPrintStream:println:748]: 	at net.minecraft.world.World.func_72866_a(World.java:2129)
[22:05:03] [Server thread/INFO]: [java.lang.Throwable$WrappedPrintStream:println:748]: 	at net.minecraft.world.WorldServer.func_72866_a(WorldServer.java:648)
[22:05:03] [Server thread/INFO]: [java.lang.Throwable$WrappedPrintStream:println:748]: 	at net.minecraft.world.World.func_72870_g(World.java:2034)
[22:05:03] [Server thread/INFO]: [java.lang.Throwable$WrappedPrintStream:println:748]: 	at net.minecraft.world.World.func_72939_s(World.java:1887)
[22:05:03] [Server thread/INFO]: [java.lang.Throwable$WrappedPrintStream:println:748]: 	at net.minecraft.world.WorldServer.func_72939_s(WorldServer.java:489)
[22:05:03] [Server thread/INFO]: [java.lang.Throwable$WrappedPrintStream:println:748]: 	at net.minecraft.server.MinecraftServer.func_71190_q(MinecraftServer.java:636)
[22:05:03] [Server thread/INFO]: [java.lang.Throwable$WrappedPrintStream:println:748]: 	at net.minecraft.server.MinecraftServer.func_71217_p(MinecraftServer.java:547)
[22:05:03] [Server thread/INFO]: [java.lang.Throwable$WrappedPrintStream:println:748]: 	at net.minecraft.server.integrated.IntegratedServer.func_71217_p(IntegratedServer.java:111)
[22:05:03] [Server thread/INFO]: [java.lang.Throwable$WrappedPrintStream:println:748]: 	at net.minecraft.server.MinecraftServer.run(MinecraftServer.java:427)
[22:05:03] [Server thread/INFO]: [java.lang.Throwable$WrappedPrintStream:println:748]: 	at net.minecraft.server.MinecraftServer$2.run(MinecraftServer.java:685)
[22:05:03] [Server thread/INFO]: [java.lang.Throwable$WrappedPrintStream:println:748]: Caused by: javax.script.ScriptException: TypeError: jp.kaiz.kaizpatch.rtm.rail.TileEntityLargeRailSectionCore@3eea27f5 has no such function "getWorldObj" in <eval> at line number 4573
[22:05:03] [Server thread/INFO]: [java.lang.Throwable$WrappedPrintStream:println:748]: 	at jdk.nashorn.api.scripting.NashornScriptEngine.throwAsScriptException(NashornScriptEngine.java:455)
[22:05:03] [Server thread/INFO]: [java.lang.Throwable$WrappedPrintStream:println:748]: 	at jdk.nashorn.api.scripting.NashornScriptEngine.invokeImpl(NashornScriptEngine.java:387)
[22:05:03] [Server thread/INFO]: [java.lang.Throwable$WrappedPrintStream:println:748]: 	at jdk.nashorn.api.scripting.NashornScriptEngine.invokeFunction(NashornScriptEngine.java:187)
[22:05:03] [Server thread/INFO]: [java.lang.Throwable$WrappedPrintStream:println:748]: 	at jp.ngt.ngtlib.io.ScriptUtil.doScriptFunction(ScriptUtil.java:58)
[22:05:03] [Server thread/INFO]: [java.lang.Throwable$WrappedPrintStream:println:748]: 	... 21 more
[22:05:03] [Server thread/INFO]: [java.lang.Throwable$WrappedPrintStream:println:748]: Caused by: <eval>:4573 TypeError: jp.kaiz.kaizpatch.rtm.rail.TileEntityLargeRailSectionCore@3eea27f5 has no such function "getWorldObj"
[22:05:03] [Server thread/INFO]: [java.lang.Throwable$WrappedPrintStream:println:748]: 	at jdk.nashorn.internal.runtime.ECMAErrors.error(ECMAErrors.java:57)
[22:05:03] [Server thread/INFO]: [java.lang.Throwable$WrappedPrintStream:println:748]: 	at jdk.nashorn.internal.runtime.ECMAErrors.typeError(ECMAErrors.java:213)
[22:05:03] [Server thread/INFO]: [java.lang.Throwable$WrappedPrintStream:println:748]: 	at jdk.nashorn.internal.runtime.ECMAErrors.typeError(ECMAErrors.java:185)
[22:05:03] [Server thread/INFO]: [java.lang.Throwable$WrappedPrintStream:println:748]: 	at jdk.nashorn.internal.runtime.ECMAErrors.typeError(ECMAErrors.java:172)
[22:05:03] [Server thread/INFO]: [java.lang.Throwable$WrappedPrintStream:println:748]: 	at jdk.nashorn.internal.runtime.linker.NashornBottomLinker.linkBean(NashornBottomLinker.java:103)
[22:05:03] [Server thread/INFO]: [java.lang.Throwable$WrappedPrintStream:println:748]: 	at jdk.nashorn.internal.runtime.linker.NashornBottomLinker.getGuardedInvocation(NashornBottomLinker.java:71)
[22:05:03] [Server thread/INFO]: [java.lang.Throwable$WrappedPrintStream:println:748]: 	at jdk.internal.dynalink.support.CompositeGuardingDynamicLinker.getGuardedInvocation(CompositeGuardingDynamicLinker.java:124)
[22:05:03] [Server thread/INFO]: [java.lang.Throwable$WrappedPrintStream:println:748]: 	at jdk.internal.dynalink.support.LinkerServicesImpl.getGuardedInvocation(LinkerServicesImpl.java:149)
[22:05:03] [Server thread/INFO]: [java.lang.Throwable$WrappedPrintStream:println:748]: 	at jdk.internal.dynalink.DynamicLinker.relink(DynamicLinker.java:233)
[22:05:03] [Server thread/INFO]: [java.lang.Throwable$WrappedPrintStream:println:748]: 	at jdk.nashorn.internal.scripts.Script$Recompilation$7614$188583AAAAAAAA$\^eval\_.RTMX_loadCompatTarget_kaizpatch_scripts_superrailbuilderx_RailPositionCompat_1suqebq$L:4466$RailPositionCompat$moveSectionedRailPosition(<eval>:4573)
[22:05:03] [Server thread/INFO]: [java.lang.Throwable$WrappedPrintStream:println:748]: 	at jdk.nashorn.internal.scripts.Script$Recompilation$7610$187411AAAAAAAA$\^eval\_.RTMX_loadCompatTarget_kaizpatch_scripts_superrailbuilderx_RailPositionCompat_1suqebq$L:4466$RailPositionCompat$moveRailPosition(<eval>:4537)
[22:05:03] [Server thread/INFO]: [java.lang.Throwable$WrappedPrintStream:println:748]: 	at jdk.nashorn.internal.scripts.Script$Recompilation$7607$200380AA$\^eval\_.applyRequest(<eval>:4807)
[22:05:03] [Server thread/INFO]: [java.lang.Throwable$WrappedPrintStream:println:748]: 	at jdk.nashorn.internal.scripts.Script$Recompilation$7571$201151AA$\^eval\_.onUpdate(<eval>:4843)
[22:05:03] [Server thread/INFO]: [java.lang.Throwable$WrappedPrintStream:println:748]: 	at jdk.nashorn.internal.runtime.ScriptFunctionData.invoke(ScriptFunctionData.java:640)
[22:05:03] [Server thread/INFO]: [java.lang.Throwable$WrappedPrintStream:println:748]: 	at jdk.nashorn.internal.runtime.ScriptFunction.invoke(ScriptFunction.java:229)
[22:05:03] [Server thread/INFO]: [java.lang.Throwable$WrappedPrintStream:println:748]: 	at jdk.nashorn.internal.runtime.ScriptRuntime.apply(ScriptRuntime.java:387)
[22:05:03] [Server thread/INFO]: [java.lang.Throwable$WrappedPrintStream:println:748]: 	at jdk.nashorn.api.scripting.ScriptObjectMirror.callMember(ScriptObjectMirror.java:192)
[22:05:03] [Server thread/INFO]: [java.lang.Throwable$WrappedPrintStream:println:748]: 	at jdk.nashorn.api.scripting.NashornScriptEngine.invokeImpl(NashornScriptEngine.java:381)
[22:05:03] [Server thread/INFO]: [java.lang.Throwable$WrappedPrintStream:println:748]: 	... 23 more
[22:05:03] [Server thread/INFO]: [java.lang.Throwable$WrappedPrintStream:println:748]: java.lang.RuntimeException: Script exec error : onUpdate
[22:05:03] [Server thread/INFO]: [java.lang.Throwable$WrappedPrintStream:println:748]: 	at jp.ngt.ngtlib.io.ScriptUtil.doScriptFunction(ScriptUtil.java:60)
[22:05:03] [Server thread/INFO]: [java.lang.Throwable$WrappedPrintStream:println:748]: 	at jp.ngt.ngtlib.io.ScriptUtil.doScriptIgnoreError(ScriptUtil.java:66)
[22:05:03] [Server thread/INFO]: [java.lang.Throwable$WrappedPrintStream:println:748]: 	at jp.ngt.rtm.modelpack.ScriptExecuter.callMethod(ScriptExecuter.java:24)
[22:05:03] [Server thread/INFO]: [java.lang.Throwable$WrappedPrintStream:println:748]: 	at jp.ngt.rtm.modelpack.ScriptExecuter.execScript(ScriptExecuter.java:36)
[22:05:03] [Server thread/INFO]: [java.lang.Throwable$WrappedPrintStream:println:748]: 	at jp.ngt.rtm.modelpack.ScriptExecuter.execScript(ScriptExecuter.java:30)
[22:05:03] [Server thread/INFO]: [java.lang.Throwable$WrappedPrintStream:println:748]: 	at jp.ngt.rtm.entity.vehicle.EntityVehicleBase.onVehicleUpdate(EntityVehicleBase.java:203)
[22:05:03] [Server thread/INFO]: [java.lang.Throwable$WrappedPrintStream:println:748]: 	at jp.ngt.rtm.entity.vehicle.EntityVehicle.onVehicleUpdate(EntityVehicle.java:66)
[22:05:03] [Server thread/INFO]: [java.lang.Throwable$WrappedPrintStream:println:748]: 	at jp.ngt.rtm.entity.vehicle.EntityVehicleBase.func_70071_h_(EntityVehicleBase.java:168)
[22:05:03] [Server thread/INFO]: [java.lang.Throwable$WrappedPrintStream:println:748]: 	at net.minecraft.entity.Entity.func_70098_U(Entity.java:1579)
[22:05:03] [Server thread/INFO]: [java.lang.Throwable$WrappedPrintStream:println:748]: 	at net.minecraft.world.World.func_72866_a(World.java:2066)
[22:05:03] [Server thread/INFO]: [java.lang.Throwable$WrappedPrintStream:println:748]: 	at net.minecraft.world.WorldServer.func_72866_a(WorldServer.java:648)
[22:05:03] [Server thread/INFO]: [java.lang.Throwable$WrappedPrintStream:println:748]: 	at net.minecraft.world.World.func_72870_g(World.java:2034)
[22:05:03] [Server thread/INFO]: [java.lang.Throwable$WrappedPrintStream:println:748]: 	at net.minecraft.world.World.func_72866_a(World.java:2129)
[22:05:03] [Server thread/INFO]: [java.lang.Throwable$WrappedPrintStream:println:748]: 	at net.minecraft.world.WorldServer.func_72866_a(WorldServer.java:648)
[22:05:03] [Server thread/INFO]: [java.lang.Throwable$WrappedPrintStream:println:748]: 	at net.minecraft.world.World.func_72870_g(World.java:2034)
[22:05:03] [Server thread/INFO]: [java.lang.Throwable$WrappedPrintStream:println:748]: 	at net.minecraft.world.World.func_72939_s(World.java:1887)
[22:05:03] [Server thread/INFO]: [java.lang.Throwable$WrappedPrintStream:println:748]: 	at net.minecraft.world.WorldServer.func_72939_s(WorldServer.java:489)
[22:05:03] [Server thread/INFO]: [java.lang.Throwable$WrappedPrintStream:println:748]: 	at net.minecraft.server.MinecraftServer.func_71190_q(MinecraftServer.java:636)
[22:05:03] [Server thread/INFO]: [java.lang.Throwable$WrappedPrintStream:println:748]: 	at net.minecraft.server.MinecraftServer.func_71217_p(MinecraftServer.java:547)
[22:05:03] [Server thread/INFO]: [java.lang.Throwable$WrappedPrintStream:println:748]: 	at net.minecraft.server.integrated.IntegratedServer.func_71217_p(IntegratedServer.java:111)
[22:05:03] [Server thread/INFO]: [java.lang.Throwable$WrappedPrintStream:println:748]: 	at net.minecraft.server.MinecraftServer.run(MinecraftServer.java:427)
[22:05:03] [Server thread/INFO]: [java.lang.Throwable$WrappedPrintStream:println:748]: 	at net.minecraft.server.MinecraftServer$2.run(MinecraftServer.java:685)
[22:05:03] [Server thread/INFO]: [java.lang.Throwable$WrappedPrintStream:println:748]: Caused by: javax.script.ScriptException: TypeError: jp.kaiz.kaizpatch.rtm.rail.TileEntityLargeRailSectionCore@3eea27f5 has no such function "getWorldObj" in <eval> at line number 4573
[22:05:03] [Server thread/INFO]: [java.lang.Throwable$WrappedPrintStream:println:748]: 	at jdk.nashorn.api.scripting.NashornScriptEngine.throwAsScriptException(NashornScriptEngine.java:455)
[22:05:03] [Server thread/INFO]: [java.lang.Throwable$WrappedPrintStream:println:748]: 	at jdk.nashorn.api.scripting.NashornScriptEngine.invokeImpl(NashornScriptEngine.java:387)
[22:05:03] [Server thread/INFO]: [java.lang.Throwable$WrappedPrintStream:println:748]: 	at jdk.nashorn.api.scripting.NashornScriptEngine.invokeFunction(NashornScriptEngine.java:187)
[22:05:03] [Server thread/INFO]: [java.lang.Throwable$WrappedPrintStream:println:748]: 	at jp.ngt.ngtlib.io.ScriptUtil.doScriptFunction(ScriptUtil.java:58)
[22:05:03] [Server thread/INFO]: [java.lang.Throwable$WrappedPrintStream:println:748]: 	... 21 more
[22:05:03] [Server thread/INFO]: [java.lang.Throwable$WrappedPrintStream:println:748]: Caused by: <eval>:4573 TypeError: jp.kaiz.kaizpatch.rtm.rail.TileEntityLargeRailSectionCore@3eea27f5 has no such function "getWorldObj"
[22:05:03] [Server thread/INFO]: [java.lang.Throwable$WrappedPrintStream:println:748]: 	at jdk.nashorn.internal.runtime.ECMAErrors.error(ECMAErrors.java:57)
[22:05:03] [Server thread/INFO]: [java.lang.Throwable$WrappedPrintStream:println:748]: 	at jdk.nashorn.internal.runtime.ECMAErrors.typeError(ECMAErrors.java:213)
[22:05:03] [Server thread/INFO]: [java.lang.Throwable$WrappedPrintStream:println:748]: 	at jdk.nashorn.internal.runtime.ECMAErrors.typeError(ECMAErrors.java:185)
[22:05:03] [Server thread/INFO]: [java.lang.Throwable$WrappedPrintStream:println:748]: 	at jdk.nashorn.internal.runtime.ECMAErrors.typeError(ECMAErrors.java:172)
[22:05:03] [Server thread/INFO]: [java.lang.Throwable$WrappedPrintStream:println:748]: 	at jdk.nashorn.internal.runtime.linker.NashornBottomLinker.linkBean(NashornBottomLinker.java:103)
[22:05:03] [Server thread/INFO]: [java.lang.Throwable$WrappedPrintStream:println:748]: 	at jdk.nashorn.internal.runtime.linker.NashornBottomLinker.getGuardedInvocation(NashornBottomLinker.java:71)
[22:05:03] [Server thread/INFO]: [java.lang.Throwable$WrappedPrintStream:println:748]: 	at jdk.internal.dynalink.support.CompositeGuardingDynamicLinker.getGuardedInvocation(CompositeGuardingDynamicLinker.java:124)
[22:05:03] [Server thread/INFO]: [java.lang.Throwable$WrappedPrintStream:println:748]: 	at jdk.internal.dynalink.support.LinkerServicesImpl.getGuardedInvocation(LinkerServicesImpl.java:149)
[22:05:03] [Server thread/INFO]: [java.lang.Throwable$WrappedPrintStream:println:748]: 	at jdk.internal.dynalink.DynamicLinker.relink(DynamicLinker.java:233)
[22:05:03] [Server thread/INFO]: [java.lang.Throwable$WrappedPrintStream:println:748]: 	at jdk.nashorn.internal.scripts.Script$Recompilation$7614$188583AAAAAAAA$\^eval\_.RTMX_loadCompatTarget_kaizpatch_scripts_superrailbuilderx_RailPositionCompat_1suqebq$L:4466$RailPositionCompat$moveSectionedRailPosition(<eval>:4573)
[22:05:03] [Server thread/INFO]: [java.lang.Throwable$WrappedPrintStream:println:748]: 	at jdk.nashorn.internal.scripts.Script$Recompilation$7610$187411AAAAAAAA$\^eval\_.RTMX_loadCompatTarget_kaizpatch_scripts_superrailbuilderx_RailPositionCompat_1suqebq$L:4466$RailPositionCompat$moveRailPosition(<eval>:4537)
[22:05:03] [Server thread/INFO]: [java.lang.Throwable$WrappedPrintStream:println:748]: 	at jdk.nashorn.internal.scripts.Script$Recompilation$7607$200380AA$\^eval\_.applyRequest(<eval>:4807)
[22:05:03] [Server thread/INFO]: [java.lang.Throwable$WrappedPrintStream:println:748]: 	at jdk.nashorn.internal.scripts.Script$Recompilation$7571$201151AA$\^eval\_.onUpdate(<eval>:4843)
[22:05:03] [Server thread/INFO]: [java.lang.Throwable$WrappedPrintStream:println:748]: 	at jdk.nashorn.internal.runtime.ScriptFunctionData.invoke(ScriptFunctionData.java:640)
[22:05:03] [Server thread/INFO]: [java.lang.Throwable$WrappedPrintStream:println:748]: 	at jdk.nashorn.internal.runtime.ScriptFunction.invoke(ScriptFunction.java:229)
[22:05:03] [Server thread/INFO]: [java.lang.Throwable$WrappedPrintStream:println:748]: 	at jdk.nashorn.internal.runtime.ScriptRuntime.apply(ScriptRuntime.java:387)
[22:05:03] [Server thread/INFO]: [java.lang.Throwable$WrappedPrintStream:println:748]: 	at jdk.nashorn.api.scripting.ScriptObjectMirror.callMember(ScriptObjectMirror.java:192)
[22:05:03] [Server thread/INFO]: [java.lang.Throwable$WrappedPrintStream:println:748]: 	at jdk.nashorn.api.scripting.NashornScriptEngine.invokeImpl(NashornScriptEngine.java:381)
[22:05:03] [Server thread/INFO]: [java.lang.Throwable$WrappedPrintStream:println:748]: 	... 23 more
[22:05:03] [Server thread/INFO]: [java.lang.Throwable$WrappedPrintStream:println:748]: java.lang.RuntimeException: Script exec error : onUpdate
[22:05:03] [Server thread/INFO]: [java.lang.Throwable$WrappedPrintStream:println:748]: 	at jp.ngt.ngtlib.io.ScriptUtil.doScriptFunction(ScriptUtil.java:60)
[22:05:03] [Server thread/INFO]: [java.lang.Throwable$WrappedPrintStream:println:748]: 	at jp.ngt.ngtlib.io.ScriptUtil.doScriptIgnoreError(ScriptUtil.java:66)
[22:05:03] [Server thread/INFO]: [java.lang.Throwable$WrappedPrintStream:println:748]: 	at jp.ngt.rtm.modelpack.ScriptExecuter.callMethod(ScriptExecuter.java:24)
[22:05:03] [Server thread/INFO]: [java.lang.Throwable$WrappedPrintStream:println:748]: 	at jp.ngt.rtm.modelpack.ScriptExecuter.execScript(ScriptExecuter.java:36)
[22:05:03] [Server thread/INFO]: [java.lang.Throwable$WrappedPrintStream:println:748]: 	at jp.ngt.rtm.modelpack.ScriptExecuter.execScript(ScriptExecuter.java:30)
[22:05:03] [Server thread/INFO]: [java.lang.Throwable$WrappedPrintStream:println:748]: 	at jp.ngt.rtm.entity.vehicle.EntityVehicleBase.onVehicleUpdate(EntityVehicleBase.java:203)
[22:05:03] [Server thread/INFO]: [java.lang.Throwable$WrappedPrintStream:println:748]: 	at jp.ngt.rtm.entity.vehicle.EntityVehicle.onVehicleUpdate(EntityVehicle.java:66)
[22:05:03] [Server thread/INFO]: [java.lang.Throwable$WrappedPrintStream:println:748]: 	at jp.ngt.rtm.entity.vehicle.EntityVehicleBase.func_70071_h_(EntityVehicleBase.java:168)
[22:05:03] [Server thread/INFO]: [java.lang.Throwable$WrappedPrintStream:println:748]: 	at net.minecraft.entity.Entity.func_70098_U(Entity.java:1579)
[22:05:03] [Server thread/INFO]: [java.lang.Throwable$WrappedPrintStream:println:748]: 	at net.minecraft.world.World.func_72866_a(World.java:2066)
[22:05:03] [Server thread/INFO]: [java.lang.Throwable$WrappedPrintStream:println:748]: 	at net.minecraft.world.WorldServer.func_72866_a(WorldServer.java:648)
[22:05:03] [Server thread/INFO]: [java.lang.Throwable$WrappedPrintStream:println:748]: 	at net.minecraft.world.World.func_72870_g(World.java:2034)
[22:05:03] [Server thread/INFO]: [java.lang.Throwable$WrappedPrintStream:println:748]: 	at net.minecraft.world.World.func_72866_a(World.java:2129)
[22:05:03] [Server thread/INFO]: [java.lang.Throwable$WrappedPrintStream:println:748]: 	at net.minecraft.world.WorldServer.func_72866_a(WorldServer.java:648)
[22:05:03] [Server thread/INFO]: [java.lang.Throwable$WrappedPrintStream:println:748]: 	at net.minecraft.world.World.func_72870_g(World.java:2034)
[22:05:03] [Server thread/INFO]: [java.lang.Throwable$WrappedPrintStream:println:748]: 	at net.minecraft.world.World.func_72939_s(World.java:1887)
[22:05:03] [Server thread/INFO]: [java.lang.Throwable$WrappedPrintStream:println:748]: 	at net.minecraft.world.WorldServer.func_72939_s(WorldServer.java:489)
[22:05:03] [Server thread/INFO]: [java.lang.Throwable$WrappedPrintStream:println:748]: 	at net.minecraft.server.MinecraftServer.func_71190_q(MinecraftServer.java:636)
[22:05:03] [Server thread/INFO]: [java.lang.Throwable$WrappedPrintStream:println:748]: 	at net.minecraft.server.MinecraftServer.func_71217_p(MinecraftServer.java:547)
[22:05:03] [Server thread/INFO]: [java.lang.Throwable$WrappedPrintStream:println:748]: 	at net.minecraft.server.integrated.IntegratedServer.func_71217_p(IntegratedServer.java:111)
[22:05:03] [Server thread/INFO]: [java.lang.Throwable$WrappedPrintStream:println:748]: 	at net.minecraft.server.MinecraftServer.run(MinecraftServer.java:427)
[22:05:03] [Server thread/INFO]: [java.lang.Throwable$WrappedPrintStream:println:748]: 	at net.minecraft.server.MinecraftServer$2.run(MinecraftServer.java:685)
[22:05:03] [Server thread/INFO]: [java.lang.Throwable$WrappedPrintStream:println:748]: Caused by: javax.script.ScriptException: TypeError: jp.kaiz.kaizpatch.rtm.rail.TileEntityLargeRailSectionCore@3eea27f5 has no such function "getWorldObj" in <eval> at line number 4573
[22:05:03] [Server thread/INFO]: [java.lang.Throwable$WrappedPrintStream:println:748]: 	at jdk.nashorn.api.scripting.NashornScriptEngine.throwAsScriptException(NashornScriptEngine.java:455)
[22:05:03] [Server thread/INFO]: [java.lang.Throwable$WrappedPrintStream:println:748]: 	at jdk.nashorn.api.scripting.NashornScriptEngine.invokeImpl(NashornScriptEngine.java:387)
[22:05:03] [Server thread/INFO]: [java.lang.Throwable$WrappedPrintStream:println:748]: 	at jdk.nashorn.api.scripting.NashornScriptEngine.invokeFunction(NashornScriptEngine.java:187)
[22:05:03] [Server thread/INFO]: [java.lang.Throwable$WrappedPrintStream:println:748]: 	at jp.ngt.ngtlib.io.ScriptUtil.doScriptFunction(ScriptUtil.java:58)
[22:05:03] [Server thread/INFO]: [java.lang.Throwable$WrappedPrintStream:println:748]: 	... 21 more
[22:05:03] [Server thread/INFO]: [java.lang.Throwable$WrappedPrintStream:println:748]: Caused by: <eval>:4573 TypeError: jp.kaiz.kaizpatch.rtm.rail.TileEntityLargeRailSectionCore@3eea27f5 has no such function "getWorldObj"
[22:05:03] [Server thread/INFO]: [java.lang.Throwable$WrappedPrintStream:println:748]: 	at jdk.nashorn.internal.runtime.ECMAErrors.error(ECMAErrors.java:57)
[22:05:03] [Server thread/INFO]: [java.lang.Throwable$WrappedPrintStream:println:748]: 	at jdk.nashorn.internal.runtime.ECMAErrors.typeError(ECMAErrors.java:213)
[22:05:03] [Server thread/INFO]: [java.lang.Throwable$WrappedPrintStream:println:748]: 	at jdk.nashorn.internal.runtime.ECMAErrors.typeError(ECMAErrors.java:185)
[22:05:03] [Server thread/INFO]: [java.lang.Throwable$WrappedPrintStream:println:748]: 	at jdk.nashorn.internal.runtime.ECMAErrors.typeError(ECMAErrors.java:172)
[22:05:03] [Server thread/INFO]: [java.lang.Throwable$WrappedPrintStream:println:748]: 	at jdk.nashorn.internal.runtime.linker.NashornBottomLinker.linkBean(NashornBottomLinker.java:103)
[22:05:03] [Server thread/INFO]: [java.lang.Throwable$WrappedPrintStream:println:748]: 	at jdk.nashorn.internal.runtime.linker.NashornBottomLinker.getGuardedInvocation(NashornBottomLinker.java:71)
[22:05:03] [Server thread/INFO]: [java.lang.Throwable$WrappedPrintStream:println:748]: 	at jdk.internal.dynalink.support.CompositeGuardingDynamicLinker.getGuardedInvocation(CompositeGuardingDynamicLinker.java:124)
[22:05:03] [Server thread/INFO]: [java.lang.Throwable$WrappedPrintStream:println:748]: 	at jdk.internal.dynalink.support.LinkerServicesImpl.getGuardedInvocation(LinkerServicesImpl.java:149)
[22:05:03] [Server thread/INFO]: [java.lang.Throwable$WrappedPrintStream:println:748]: 	at jdk.internal.dynalink.DynamicLinker.relink(DynamicLinker.java:233)
[22:05:03] [Server thread/INFO]: [java.lang.Throwable$WrappedPrintStream:println:748]: 	at jdk.nashorn.internal.scripts.Script$Recompilation$7614$188583AAAAAAAA$\^eval\_.RTMX_loadCompatTarget_kaizpatch_scripts_superrailbuilderx_RailPositionCompat_1suqebq$L:4466$RailPositionCompat$moveSectionedRailPosition(<eval>:4573)
[22:05:03] [Server thread/INFO]: [java.lang.Throwable$WrappedPrintStream:println:748]: 	at jdk.nashorn.internal.scripts.Script$Recompilation$7610$187411AAAAAAAA$\^eval\_.RTMX_loadCompatTarget_kaizpatch_scripts_superrailbuilderx_RailPositionCompat_1suqebq$L:4466$RailPositionCompat$moveRailPosition(<eval>:4537)
[22:05:03] [Server thread/INFO]: [java.lang.Throwable$WrappedPrintStream:println:748]: 	at jdk.nashorn.internal.scripts.Script$Recompilation$7607$200380AA$\^eval\_.applyRequest(<eval>:4807)
[22:05:03] [Server thread/INFO]: [java.lang.Throwable$WrappedPrintStream:println:748]: 	at jdk.nashorn.internal.scripts.Script$Recompilation$7571$201151AA$\^eval\_.onUpdate(<eval>:4843)
[22:05:03] [Server thread/INFO]: [java.lang.Throwable$WrappedPrintStream:println:748]: 	at jdk.nashorn.internal.runtime.ScriptFunctionData.invoke(ScriptFunctionData.java:640)
[22:05:03] [Server thread/INFO]: [java.lang.Throwable$WrappedPrintStream:println:748]: 	at jdk.nashorn.internal.runtime.ScriptFunction.invoke(ScriptFunction.java:229)
[22:05:03] [Server thread/INFO]: [java.lang.Throwable$WrappedPrintStream:println:748]: 	at jdk.nashorn.internal.runtime.ScriptRuntime.apply(ScriptRuntime.java:387)
[22:05:03] [Server thread/INFO]: [java.lang.Throwable$WrappedPrintStream:println:748]: 	at jdk.nashorn.api.scripting.ScriptObjectMirror.callMember(ScriptObjectMirror.java:192)
[22:05:03] [Server thread/INFO]: [java.lang.Throwable$WrappedPrintStream:println:748]: 	at jdk.nashorn.api.scripting.NashornScriptEngine.invokeImpl(NashornScriptEngine.java:381)
[22:05:03] [Server thread/INFO]: [java.lang.Throwable$WrappedPrintStream:println:748]: 	... 23 more
[22:05:03] [Server thread/INFO]: [java.lang.Throwable$WrappedPrintStream:println:748]: java.lang.RuntimeException: Script exec error : onUpdate
[22:05:03] [Server thread/INFO]: [java.lang.Throwable$WrappedPrintStream:println:748]: 	at jp.ngt.ngtlib.io.ScriptUtil.doScriptFunction(ScriptUtil.java:60)
[22:05:03] [Server thread/INFO]: [java.lang.Throwable$WrappedPrintStream:println:748]: 	at jp.ngt.ngtlib.io.ScriptUtil.doScriptIgnoreError(ScriptUtil.java:66)
[22:05:03] [Server thread/INFO]: [java.lang.Throwable$WrappedPrintStream:println:748]: 	at jp.ngt.rtm.modelpack.ScriptExecuter.callMethod(ScriptExecuter.java:24)
[22:05:03] [Server thread/INFO]: [java.lang.Throwable$WrappedPrintStream:println:748]: 	at jp.ngt.rtm.modelpack.ScriptExecuter.execScript(ScriptExecuter.java:36)
[22:05:03] [Server thread/INFO]: [java.lang.Throwable$WrappedPrintStream:println:748]: 	at jp.ngt.rtm.modelpack.ScriptExecuter.execScript(ScriptExecuter.java:30)
[22:05:03] [Server thread/INFO]: [java.lang.Throwable$WrappedPrintStream:println:748]: 	at jp.ngt.rtm.entity.vehicle.EntityVehicleBase.onVehicleUpdate(EntityVehicleBase.java:203)
[22:05:03] [Server thread/INFO]: [java.lang.Throwable$WrappedPrintStream:println:748]: 	at jp.ngt.rtm.entity.vehicle.EntityVehicle.onVehicleUpdate(EntityVehicle.java:66)
[22:05:03] [Server thread/INFO]: [java.lang.Throwable$WrappedPrintStream:println:748]: 	at jp.ngt.rtm.entity.vehicle.EntityVehicleBase.func_70071_h_(EntityVehicleBase.java:168)
[22:05:03] [Server thread/INFO]: [java.lang.Throwable$WrappedPrintStream:println:748]: 	at net.minecraft.entity.Entity.func_70098_U(Entity.java:1579)
[22:05:03] [Server thread/INFO]: [java.lang.Throwable$WrappedPrintStream:println:748]: 	at net.minecraft.world.World.func_72866_a(World.java:2066)
[22:05:03] [Server thread/INFO]: [java.lang.Throwable$WrappedPrintStream:println:748]: 	at net.minecraft.world.WorldServer.func_72866_a(WorldServer.java:648)
[22:05:03] [Server thread/INFO]: [java.lang.Throwable$WrappedPrintStream:println:748]: 	at net.minecraft.world.World.func_72870_g(World.java:2034)
[22:05:03] [Server thread/INFO]: [java.lang.Throwable$WrappedPrintStream:println:748]: 	at net.minecraft.world.World.func_72866_a(World.java:2129)
[22:05:03] [Server thread/INFO]: [java.lang.Throwable$WrappedPrintStream:println:748]: 	at net.minecraft.world.WorldServer.func_72866_a(WorldServer.java:648)
[22:05:03] [Server thread/INFO]: [java.lang.Throwable$WrappedPrintStream:println:748]: 	at net.minecraft.world.World.func_72870_g(World.java:2034)
[22:05:03] [Server thread/INFO]: [java.lang.Throwable$WrappedPrintStream:println:748]: 	at net.minecraft.world.World.func_72939_s(World.java:1887)
[22:05:03] [Server thread/INFO]: [java.lang.Throwable$WrappedPrintStream:println:748]: 	at net.minecraft.world.WorldServer.func_72939_s(WorldServer.java:489)
[22:05:03] [Server thread/INFO]: [java.lang.Throwable$WrappedPrintStream:println:748]: 	at net.minecraft.server.MinecraftServer.func_71190_q(MinecraftServer.java:636)
[22:05:03] [Server thread/INFO]: [java.lang.Throwable$WrappedPrintStream:println:748]: 	at net.minecraft.server.MinecraftServer.func_71217_p(MinecraftServer.java:547)
[22:05:03] [Server thread/INFO]: [java.lang.Throwable$WrappedPrintStream:println:748]: 	at net.minecraft.server.integrated.IntegratedServer.func_71217_p(IntegratedServer.java:111)
[22:05:03] [Server thread/INFO]: [java.lang.Throwable$WrappedPrintStream:println:748]: 	at net.minecraft.server.MinecraftServer.run(MinecraftServer.java:427)
[22:05:03] [Server thread/INFO]: [java.lang.Throwable$WrappedPrintStream:println:748]: 	at net.minecraft.server.MinecraftServer$2.run(MinecraftServer.java:685)
[22:05:03] [Server thread/INFO]: [java.lang.Throwable$WrappedPrintStream:println:748]: Caused by: javax.script.ScriptException: TypeError: jp.kaiz.kaizpatch.rtm.rail.TileEntityLargeRailSectionCore@3eea27f5 has no such function "getWorldObj" in <eval> at line number 4573
[22:05:03] [Server thread/INFO]: [java.lang.Throwable$WrappedPrintStream:println:748]: 	at jdk.nashorn.api.scripting.NashornScriptEngine.throwAsScriptException(NashornScriptEngine.java:455)
[22:05:03] [Server thread/INFO]: [java.lang.Throwable$WrappedPrintStream:println:748]: 	at jdk.nashorn.api.scripting.NashornScriptEngine.invokeImpl(NashornScriptEngine.java:387)
[22:05:03] [Server thread/INFO]: [java.lang.Throwable$WrappedPrintStream:println:748]: 	at jdk.nashorn.api.scripting.NashornScriptEngine.invokeFunction(NashornScriptEngine.java:187)
[22:05:03] [Server thread/INFO]: [java.lang.Throwable$WrappedPrintStream:println:748]: 	at jp.ngt.ngtlib.io.ScriptUtil.doScriptFunction(ScriptUtil.java:58)
[22:05:03] [Server thread/INFO]: [java.lang.Throwable$WrappedPrintStream:println:748]: 	... 21 more
[22:05:03] [Server thread/INFO]: [java.lang.Throwable$WrappedPrintStream:println:748]: Caused by: <eval>:4573 TypeError: jp.kaiz.kaizpatch.rtm.rail.TileEntityLargeRailSectionCore@3eea27f5 has no such function "getWorldObj"
[22:05:03] [Server thread/INFO]: [java.lang.Throwable$WrappedPrintStream:println:748]: 	at jdk.nashorn.internal.runtime.ECMAErrors.error(ECMAErrors.java:57)
[22:05:03] [Server thread/INFO]: [java.lang.Throwable$WrappedPrintStream:println:748]: 	at jdk.nashorn.internal.runtime.ECMAErrors.typeError(ECMAErrors.java:213)
[22:05:03] [Server thread/INFO]: [java.lang.Throwable$WrappedPrintStream:println:748]: 	at jdk.nashorn.internal.runtime.ECMAErrors.typeError(ECMAErrors.java:185)
[22:05:03] [Server thread/INFO]: [java.lang.Throwable$WrappedPrintStream:println:748]: 	at jdk.nashorn.internal.runtime.ECMAErrors.typeError(ECMAErrors.java:172)
[22:05:03] [Server thread/INFO]: [java.lang.Throwable$WrappedPrintStream:println:748]: 	at jdk.nashorn.internal.runtime.linker.NashornBottomLinker.linkBean(NashornBottomLinker.java:103)
[22:05:03] [Server thread/INFO]: [java.lang.Throwable$WrappedPrintStream:println:748]: 	at jdk.nashorn.internal.runtime.linker.NashornBottomLinker.getGuardedInvocation(NashornBottomLinker.java:71)
[22:05:03] [Server thread/INFO]: [java.lang.Throwable$WrappedPrintStream:println:748]: 	at jdk.internal.dynalink.support.CompositeGuardingDynamicLinker.getGuardedInvocation(CompositeGuardingDynamicLinker.java:124)
[22:05:03] [Server thread/INFO]: [java.lang.Throwable$WrappedPrintStream:println:748]: 	at jdk.internal.dynalink.support.LinkerServicesImpl.getGuardedInvocation(LinkerServicesImpl.java:149)
[22:05:03] [Server thread/INFO]: [java.lang.Throwable$WrappedPrintStream:println:748]: 	at jdk.internal.dynalink.DynamicLinker.relink(DynamicLinker.java:233)
[22:05:03] [Server thread/INFO]: [java.lang.Throwable$WrappedPrintStream:println:748]: 	at jdk.nashorn.internal.scripts.Script$Recompilation$7614$188583AAAAAAAA$\^eval\_.RTMX_loadCompatTarget_kaizpatch_scripts_superrailbuilderx_RailPositionCompat_1suqebq$L:4466$RailPositionCompat$moveSectionedRailPosition(<eval>:4573)
[22:05:03] [Server thread/INFO]: [java.lang.Throwable$WrappedPrintStream:println:748]: 	at jdk.nashorn.internal.scripts.Script$Recompilation$7610$187411AAAAAAAA$\^eval\_.RTMX_loadCompatTarget_kaizpatch_scripts_superrailbuilderx_RailPositionCompat_1suqebq$L:4466$RailPositionCompat$moveRailPosition(<eval>:4537)
[22:05:03] [Server thread/INFO]: [java.lang.Throwable$WrappedPrintStream:println:748]: 	at jdk.nashorn.internal.scripts.Script$Recompilation$7607$200380AA$\^eval\_.applyRequest(<eval>:4807)
[22:05:03] [Server thread/INFO]: [java.lang.Throwable$WrappedPrintStream:println:748]: 	at jdk.nashorn.internal.scripts.Script$Recompilation$7571$201151AA$\^eval\_.onUpdate(<eval>:4843)
[22:05:03] [Server thread/INFO]: [java.lang.Throwable$WrappedPrintStream:println:748]: 	at jdk.nashorn.internal.runtime.ScriptFunctionData.invoke(ScriptFunctionData.java:640)
[22:05:03] [Server thread/INFO]: [java.lang.Throwable$WrappedPrintStream:println:748]: 	at jdk.nashorn.internal.runtime.ScriptFunction.invoke(ScriptFunction.java:229)
[22:05:03] [Server thread/INFO]: [java.lang.Throwable$WrappedPrintStream:println:748]: 	at jdk.nashorn.internal.runtime.ScriptRuntime.apply(ScriptRuntime.java:387)
[22:05:03] [Server thread/INFO]: [java.lang.Throwable$WrappedPrintStream:println:748]: 	at jdk.nashorn.api.scripting.ScriptObjectMirror.callMember(ScriptObjectMirror.java:192)
[22:05:03] [Server thread/INFO]: [java.lang.Throwable$WrappedPrintStream:println:748]: 	at jdk.nashorn.api.scripting.NashornScriptEngine.invokeImpl(NashornScriptEngine.java:381)
[22:05:03] [Server thread/INFO]: [java.lang.Throwable$WrappedPrintStream:println:748]: 	... 23 more
[22:05:03] [Server thread/INFO]: [java.lang.Throwable$WrappedPrintStream:println:748]: java.lang.RuntimeException: Script exec error : onUpdate
[22:05:03] [Server thread/INFO]: [java.lang.Throwable$WrappedPrintStream:println:748]: 	at jp.ngt.ngtlib.io.ScriptUtil.doScriptFunction(ScriptUtil.java:60)
[22:05:03] [Server thread/INFO]: [java.lang.Throwable$WrappedPrintStream:println:748]: 	at jp.ngt.ngtlib.io.ScriptUtil.doScriptIgnoreError(ScriptUtil.java:66)
[22:05:03] [Server thread/INFO]: [java.lang.Throwable$WrappedPrintStream:println:748]: 	at jp.ngt.rtm.modelpack.ScriptExecuter.callMethod(ScriptExecuter.java:24)
[22:05:03] [Server thread/INFO]: [java.lang.Throwable$WrappedPrintStream:println:748]: 	at jp.ngt.rtm.modelpack.ScriptExecuter.execScript(ScriptExecuter.java:36)
[22:05:03] [Server thread/INFO]: [java.lang.Throwable$WrappedPrintStream:println:748]: 	at jp.ngt.rtm.modelpack.ScriptExecuter.execScript(ScriptExecuter.java:30)
[22:05:03] [Server thread/INFO]: [java.lang.Throwable$WrappedPrintStream:println:748]: 	at jp.ngt.rtm.entity.vehicle.EntityVehicleBase.onVehicleUpdate(EntityVehicleBase.java:203)
[22:05:03] [Server thread/INFO]: [java.lang.Throwable$WrappedPrintStream:println:748]: 	at jp.ngt.rtm.entity.vehicle.EntityVehicle.onVehicleUpdate(EntityVehicle.java:66)
[22:05:03] [Server thread/INFO]: [java.lang.Throwable$WrappedPrintStream:println:748]: 	at jp.ngt.rtm.entity.vehicle.EntityVehicleBase.func_70071_h_(EntityVehicleBase.java:168)
[22:05:03] [Server thread/INFO]: [java.lang.Throwable$WrappedPrintStream:println:748]: 	at net.minecraft.entity.Entity.func_70098_U(Entity.java:1579)
[22:05:03] [Server thread/INFO]: [java.lang.Throwable$WrappedPrintStream:println:748]: 	at net.minecraft.world.World.func_72866_a(World.java:2066)
[22:05:03] [Server thread/INFO]: [java.lang.Throwable$WrappedPrintStream:println:748]: 	at net.minecraft.world.WorldServer.func_72866_a(WorldServer.java:648)
[22:05:03] [Server thread/INFO]: [java.lang.Throwable$WrappedPrintStream:println:748]: 	at net.minecraft.world.World.func_72870_g(World.java:2034)
[22:05:03] [Server thread/INFO]: [java.lang.Throwable$WrappedPrintStream:println:748]: 	at net.minecraft.world.World.func_72866_a(World.java:2129)
[22:05:03] [Server thread/INFO]: [java.lang.Throwable$WrappedPrintStream:println:748]: 	at net.minecraft.world.WorldServer.func_72866_a(WorldServer.java:648)
[22:05:03] [Server thread/INFO]: [java.lang.Throwable$WrappedPrintStream:println:748]: 	at net.minecraft.world.World.func_72870_g(World.java:2034)
[22:05:03] [Server thread/INFO]: [java.lang.Throwable$WrappedPrintStream:println:748]: 	at net.minecraft.world.World.func_72939_s(World.java:1887)
[22:05:03] [Server thread/INFO]: [java.lang.Throwable$WrappedPrintStream:println:748]: 	at net.minecraft.world.WorldServer.func_72939_s(WorldServer.java:489)
[22:05:03] [Server thread/INFO]: [java.lang.Throwable$WrappedPrintStream:println:748]: 	at net.minecraft.server.MinecraftServer.func_71190_q(MinecraftServer.java:636)
[22:05:03] [Server thread/INFO]: [java.lang.Throwable$WrappedPrintStream:println:748]: 	at net.minecraft.server.MinecraftServer.func_71217_p(MinecraftServer.java:547)
[22:05:03] [Server thread/INFO]: [java.lang.Throwable$WrappedPrintStream:println:748]: 	at net.minecraft.server.integrated.IntegratedServer.func_71217_p(IntegratedServer.java:111)
[22:05:03] [Server thread/INFO]: [java.lang.Throwable$WrappedPrintStream:println:748]: 	at net.minecraft.server.MinecraftServer.run(MinecraftServer.java:427)
[22:05:03] [Server thread/INFO]: [java.lang.Throwable$WrappedPrintStream:println:748]: 	at net.minecraft.server.MinecraftServer$2.run(MinecraftServer.java:685)
[22:05:03] [Server thread/INFO]: [java.lang.Throwable$WrappedPrintStream:println:748]: Caused by: javax.script.ScriptException: TypeError: jp.kaiz.kaizpatch.rtm.rail.TileEntityLargeRailSectionCore@3eea27f5 has no such function "getWorldObj" in <eval> at line number 4573
[22:05:03] [Server thread/INFO]: [java.lang.Throwable$WrappedPrintStream:println:748]: 	at jdk.nashorn.api.scripting.NashornScriptEngine.throwAsScriptException(NashornScriptEngine.java:455)
[22:05:03] [Server thread/INFO]: [java.lang.Throwable$WrappedPrintStream:println:748]: 	at jdk.nashorn.api.scripting.NashornScriptEngine.invokeImpl(NashornScriptEngine.java:387)
[22:05:03] [Server thread/INFO]: [java.lang.Throwable$WrappedPrintStream:println:748]: 	at jdk.nashorn.api.scripting.NashornScriptEngine.invokeFunction(NashornScriptEngine.java:187)
[22:05:03] [Server thread/INFO]: [java.lang.Throwable$WrappedPrintStream:println:748]: 	at jp.ngt.ngtlib.io.ScriptUtil.doScriptFunction(ScriptUtil.java:58)
[22:05:03] [Server thread/INFO]: [java.lang.Throwable$WrappedPrintStream:println:748]: 	... 21 more
[22:05:03] [Server thread/INFO]: [java.lang.Throwable$WrappedPrintStream:println:748]: Caused by: <eval>:4573 TypeError: jp.kaiz.kaizpatch.rtm.rail.TileEntityLargeRailSectionCore@3eea27f5 has no such function "getWorldObj"
[22:05:03] [Server thread/INFO]: [java.lang.Throwable$WrappedPrintStream:println:748]: 	at jdk.nashorn.internal.runtime.ECMAErrors.error(ECMAErrors.java:57)
[22:05:03] [Server thread/INFO]: [java.lang.Throwable$WrappedPrintStream:println:748]: 	at jdk.nashorn.internal.runtime.ECMAErrors.typeError(ECMAErrors.java:213)
[22:05:03] [Server thread/INFO]: [java.lang.Throwable$WrappedPrintStream:println:748]: 	at jdk.nashorn.internal.runtime.ECMAErrors.typeError(ECMAErrors.java:185)
[22:05:03] [Server thread/INFO]: [java.lang.Throwable$WrappedPrintStream:println:748]: 	at jdk.nashorn.internal.runtime.ECMAErrors.typeError(ECMAErrors.java:172)
[22:05:03] [Server thread/INFO]: [java.lang.Throwable$WrappedPrintStream:println:748]: 	at jdk.nashorn.internal.runtime.linker.NashornBottomLinker.linkBean(NashornBottomLinker.java:103)
[22:05:03] [Server thread/INFO]: [java.lang.Throwable$WrappedPrintStream:println:748]: 	at jdk.nashorn.internal.runtime.linker.NashornBottomLinker.getGuardedInvocation(NashornBottomLinker.java:71)
[22:05:03] [Server thread/INFO]: [java.lang.Throwable$WrappedPrintStream:println:748]: 	at jdk.internal.dynalink.support.CompositeGuardingDynamicLinker.getGuardedInvocation(CompositeGuardingDynamicLinker.java:124)
[22:05:03] [Server thread/INFO]: [java.lang.Throwable$WrappedPrintStream:println:748]: 	at jdk.internal.dynalink.support.LinkerServicesImpl.getGuardedInvocation(LinkerServicesImpl.java:149)
[22:05:03] [Server thread/INFO]: [java.lang.Throwable$WrappedPrintStream:println:748]: 	at jdk.internal.dynalink.DynamicLinker.relink(DynamicLinker.java:233)
[22:05:03] [Server thread/INFO]: [java.lang.Throwable$WrappedPrintStream:println:748]: 	at jdk.nashorn.internal.scripts.Script$Recompilation$7614$188583AAAAAAAA$\^eval\_.RTMX_loadCompatTarget_kaizpatch_scripts_superrailbuilderx_RailPositionCompat_1suqebq$L:4466$RailPositionCompat$moveSectionedRailPosition(<eval>:4573)
[22:05:03] [Server thread/INFO]: [java.lang.Throwable$WrappedPrintStream:println:748]: 	at jdk.nashorn.internal.scripts.Script$Recompilation$7610$187411AAAAAAAA$\^eval\_.RTMX_loadCompatTarget_kaizpatch_scripts_superrailbuilderx_RailPositionCompat_1suqebq$L:4466$RailPositionCompat$moveRailPosition(<eval>:4537)
[22:05:03] [Server thread/INFO]: [java.lang.Throwable$WrappedPrintStream:println:748]: 	at jdk.nashorn.internal.scripts.Script$Recompilation$7607$200380AA$\^eval\_.applyRequest(<eval>:4807)
[22:05:03] [Server thread/INFO]: [java.lang.Throwable$WrappedPrintStream:println:748]: 	at jdk.nashorn.internal.scripts.Script$Recompilation$7571$201151AA$\^eval\_.onUpdate(<eval>:4843)
[22:05:03] [Server thread/INFO]: [java.lang.Throwable$WrappedPrintStream:println:748]: 	at jdk.nashorn.internal.runtime.ScriptFunctionData.invoke(ScriptFunctionData.java:640)
[22:05:03] [Server thread/INFO]: [java.lang.Throwable$WrappedPrintStream:println:748]: 	at jdk.nashorn.internal.runtime.ScriptFunction.invoke(ScriptFunction.java:229)
[22:05:03] [Server thread/INFO]: [java.lang.Throwable$WrappedPrintStream:println:748]: 	at jdk.nashorn.internal.runtime.ScriptRuntime.apply(ScriptRuntime.java:387)
[22:05:03] [Server thread/INFO]: [java.lang.Throwable$WrappedPrintStream:println:748]: 	at jdk.nashorn.api.scripting.ScriptObjectMirror.callMember(ScriptObjectMirror.java:192)
[22:05:03] [Server thread/INFO]: [java.lang.Throwable$WrappedPrintStream:println:748]: 	at jdk.nashorn.api.scripting.NashornScriptEngine.invokeImpl(NashornScriptEngine.java:381)
[22:05:03] [Server thread/INFO]: [java.lang.Throwable$WrappedPrintStream:println:748]: 	... 23 more
[22:05:03] [Server thread/INFO]: [java.lang.Throwable$WrappedPrintStream:println:748]: java.lang.RuntimeException: Script exec error : onUpdate
[22:05:03] [Server thread/INFO]: [java.lang.Throwable$WrappedPrintStream:println:748]: 	at jp.ngt.ngtlib.io.ScriptUtil.doScriptFunction(ScriptUtil.java:60)
[22:05:03] [Server thread/INFO]: [java.lang.Throwable$WrappedPrintStream:println:748]: 	at jp.ngt.ngtlib.io.ScriptUtil.doScriptIgnoreError(ScriptUtil.java:66)
[22:05:03] [Server thread/INFO]: [java.lang.Throwable$WrappedPrintStream:println:748]: 	at jp.ngt.rtm.modelpack.ScriptExecuter.callMethod(ScriptExecuter.java:24)
[22:05:03] [Server thread/INFO]: [java.lang.Throwable$WrappedPrintStream:println:748]: 	at jp.ngt.rtm.modelpack.ScriptExecuter.execScript(ScriptExecuter.java:36)
[22:05:03] [Server thread/INFO]: [java.lang.Throwable$WrappedPrintStream:println:748]: 	at jp.ngt.rtm.modelpack.ScriptExecuter.execScript(ScriptExecuter.java:30)
[22:05:03] [Server thread/INFO]: [java.lang.Throwable$WrappedPrintStream:println:748]: 	at jp.ngt.rtm.entity.vehicle.EntityVehicleBase.onVehicleUpdate(EntityVehicleBase.java:203)
[22:05:03] [Server thread/INFO]: [java.lang.Throwable$WrappedPrintStream:println:748]: 	at jp.ngt.rtm.entity.vehicle.EntityVehicle.onVehicleUpdate(EntityVehicle.java:66)
[22:05:03] [Server thread/INFO]: [java.lang.Throwable$WrappedPrintStream:println:748]: 	at jp.ngt.rtm.entity.vehicle.EntityVehicleBase.func_70071_h_(EntityVehicleBase.java:168)
[22:05:03] [Server thread/INFO]: [java.lang.Throwable$WrappedPrintStream:println:748]: 	at net.minecraft.entity.Entity.func_70098_U(Entity.java:1579)
[22:05:03] [Server thread/INFO]: [java.lang.Throwable$WrappedPrintStream:println:748]: 	at net.minecraft.world.World.func_72866_a(World.java:2066)
[22:05:03] [Server thread/INFO]: [java.lang.Throwable$WrappedPrintStream:println:748]: 	at net.minecraft.world.WorldServer.func_72866_a(WorldServer.java:648)
[22:05:03] [Server thread/INFO]: [java.lang.Throwable$WrappedPrintStream:println:748]: 	at net.minecraft.world.World.func_72870_g(World.java:2034)
[22:05:03] [Server thread/INFO]: [java.lang.Throwable$WrappedPrintStream:println:748]: 	at net.minecraft.world.World.func_72866_a(World.java:2129)
[22:05:03] [Server thread/INFO]: [java.lang.Throwable$WrappedPrintStream:println:748]: 	at net.minecraft.world.WorldServer.func_72866_a(WorldServer.java:648)
[22:05:03] [Server thread/INFO]: [java.lang.Throwable$WrappedPrintStream:println:748]: 	at net.minecraft.world.World.func_72870_g(World.java:2034)
[22:05:03] [Server thread/INFO]: [java.lang.Throwable$WrappedPrintStream:println:748]: 	at net.minecraft.world.World.func_72939_s(World.java:1887)
[22:05:03] [Server thread/INFO]: [java.lang.Throwable$WrappedPrintStream:println:748]: 	at net.minecraft.world.WorldServer.func_72939_s(WorldServer.java:489)
[22:05:03] [Server thread/INFO]: [java.lang.Throwable$WrappedPrintStream:println:748]: 	at net.minecraft.server.MinecraftServer.func_71190_q(MinecraftServer.java:636)
[22:05:03] [Server thread/INFO]: [java.lang.Throwable$WrappedPrintStream:println:748]: 	at net.minecraft.server.MinecraftServer.func_71217_p(MinecraftServer.java:547)
[22:05:03] [Server thread/INFO]: [java.lang.Throwable$WrappedPrintStream:println:748]: 	at net.minecraft.server.integrated.IntegratedServer.func_71217_p(IntegratedServer.java:111)
[22:05:03] [Server thread/INFO]: [java.lang.Throwable$WrappedPrintStream:println:748]: 	at net.minecraft.server.MinecraftServer.run(MinecraftServer.java:427)
[22:05:03] [Server thread/INFO]: [java.lang.Throwable$WrappedPrintStream:println:748]: 	at net.minecraft.server.MinecraftServer$2.run(MinecraftServer.java:685)
[22:05:03] [Server thread/INFO]: [java.lang.Throwable$WrappedPrintStream:println:748]: Caused by: javax.script.ScriptException: TypeError: jp.kaiz.kaizpatch.rtm.rail.TileEntityLargeRailSectionCore@3eea27f5 has no such function "getWorldObj" in <eval> at line number 4573
[22:05:03] [Server thread/INFO]: [java.lang.Throwable$WrappedPrintStream:println:748]: 	at jdk.nashorn.api.scripting.NashornScriptEngine.throwAsScriptException(NashornScriptEngine.java:455)
[22:05:03] [Server thread/INFO]: [java.lang.Throwable$WrappedPrintStream:println:748]: 	at jdk.nashorn.api.scripting.NashornScriptEngine.invokeImpl(NashornScriptEngine.java:387)
[22:05:03] [Server thread/INFO]: [java.lang.Throwable$WrappedPrintStream:println:748]: 	at jdk.nashorn.api.scripting.NashornScriptEngine.invokeFunction(NashornScriptEngine.java:187)
[22:05:03] [Server thread/INFO]: [java.lang.Throwable$WrappedPrintStream:println:748]: 	at jp.ngt.ngtlib.io.ScriptUtil.doScriptFunction(ScriptUtil.java:58)
[22:05:03] [Server thread/INFO]: [java.lang.Throwable$WrappedPrintStream:println:748]: 	... 21 more
[22:05:03] [Server thread/INFO]: [java.lang.Throwable$WrappedPrintStream:println:748]: Caused by: <eval>:4573 TypeError: jp.kaiz.kaizpatch.rtm.rail.TileEntityLargeRailSectionCore@3eea27f5 has no such function "getWorldObj"
[22:05:03] [Server thread/INFO]: [java.lang.Throwable$WrappedPrintStream:println:748]: 	at jdk.nashorn.internal.runtime.ECMAErrors.error(ECMAErrors.java:57)
[22:05:03] [Server thread/INFO]: [java.lang.Throwable$WrappedPrintStream:println:748]: 	at jdk.nashorn.internal.runtime.ECMAErrors.typeError(ECMAErrors.java:213)
[22:05:03] [Server thread/INFO]: [java.lang.Throwable$WrappedPrintStream:println:748]: 	at jdk.nashorn.internal.runtime.ECMAErrors.typeError(ECMAErrors.java:185)
[22:05:03] [Server thread/INFO]: [java.lang.Throwable$WrappedPrintStream:println:748]: 	at jdk.nashorn.internal.runtime.ECMAErrors.typeError(ECMAErrors.java:172)
[22:05:03] [Server thread/INFO]: [java.lang.Throwable$WrappedPrintStream:println:748]: 	at jdk.nashorn.internal.runtime.linker.NashornBottomLinker.linkBean(NashornBottomLinker.java:103)
[22:05:03] [Server thread/INFO]: [java.lang.Throwable$WrappedPrintStream:println:748]: 	at jdk.nashorn.internal.runtime.linker.NashornBottomLinker.getGuardedInvocation(NashornBottomLinker.java:71)
[22:05:03] [Server thread/INFO]: [java.lang.Throwable$WrappedPrintStream:println:748]: 	at jdk.internal.dynalink.support.CompositeGuardingDynamicLinker.getGuardedInvocation(CompositeGuardingDynamicLinker.java:124)
[22:05:03] [Server thread/INFO]: [java.lang.Throwable$WrappedPrintStream:println:748]: 	at jdk.internal.dynalink.support.LinkerServicesImpl.getGuardedInvocation(LinkerServicesImpl.java:149)
[22:05:03] [Server thread/INFO]: [java.lang.Throwable$WrappedPrintStream:println:748]: 	at jdk.internal.dynalink.DynamicLinker.relink(DynamicLinker.java:233)
[22:05:03] [Server thread/INFO]: [java.lang.Throwable$WrappedPrintStream:println:748]: 	at jdk.nashorn.internal.scripts.Script$Recompilation$7614$188583AAAAAAAA$\^eval\_.RTMX_loadCompatTarget_kaizpatch_scripts_superrailbuilderx_RailPositionCompat_1suqebq$L:4466$RailPositionCompat$moveSectionedRailPosition(<eval>:4573)
[22:05:03] [Server thread/INFO]: [java.lang.Throwable$WrappedPrintStream:println:748]: 	at jdk.nashorn.internal.scripts.Script$Recompilation$7610$187411AAAAAAAA$\^eval\_.RTMX_loadCompatTarget_kaizpatch_scripts_superrailbuilderx_RailPositionCompat_1suqebq$L:4466$RailPositionCompat$moveRailPosition(<eval>:4537)
[22:05:03] [Server thread/INFO]: [java.lang.Throwable$WrappedPrintStream:println:748]: 	at jdk.nashorn.internal.scripts.Script$Recompilation$7607$200380AA$\^eval\_.applyRequest(<eval>:4807)
[22:05:03] [Server thread/INFO]: [java.lang.Throwable$WrappedPrintStream:println:748]: 	at jdk.nashorn.internal.scripts.Script$Recompilation$7571$201151AA$\^eval\_.onUpdate(<eval>:4843)
[22:05:03] [Server thread/INFO]: [java.lang.Throwable$WrappedPrintStream:println:748]: 	at jdk.nashorn.internal.runtime.ScriptFunctionData.invoke(ScriptFunctionData.java:640)
[22:05:03] [Server thread/INFO]: [java.lang.Throwable$WrappedPrintStream:println:748]: 	at jdk.nashorn.internal.runtime.ScriptFunction.invoke(ScriptFunction.java:229)
[22:05:03] [Server thread/INFO]: [java.lang.Throwable$WrappedPrintStream:println:748]: 	at jdk.nashorn.internal.runtime.ScriptRuntime.apply(ScriptRuntime.java:387)
[22:05:03] [Server thread/INFO]: [java.lang.Throwable$WrappedPrintStream:println:748]: 	at jdk.nashorn.api.scripting.ScriptObjectMirror.callMember(ScriptObjectMirror.java:192)
[22:05:03] [Server thread/INFO]: [java.lang.Throwable$WrappedPrintStream:println:748]: 	at jdk.nashorn.api.scripting.NashornScriptEngine.invokeImpl(NashornScriptEngine.java:381)
[22:05:03] [Server thread/INFO]: [java.lang.Throwable$WrappedPrintStream:println:748]: 	... 23 more
[22:05:04] [Server thread/INFO]: [java.lang.Throwable$WrappedPrintStream:println:748]: java.lang.RuntimeException: Script exec error : onUpdate
[22:05:04] [Server thread/INFO]: [java.lang.Throwable$WrappedPrintStream:println:748]: 	at jp.ngt.ngtlib.io.ScriptUtil.doScriptFunction(ScriptUtil.java:60)
[22:05:04] [Server thread/INFO]: [java.lang.Throwable$WrappedPrintStream:println:748]: 	at jp.ngt.ngtlib.io.ScriptUtil.doScriptIgnoreError(ScriptUtil.java:66)
[22:05:04] [Server thread/INFO]: [java.lang.Throwable$WrappedPrintStream:println:748]: 	at jp.ngt.rtm.modelpack.ScriptExecuter.callMethod(ScriptExecuter.java:24)
[22:05:04] [Server thread/INFO]: [java.lang.Throwable$WrappedPrintStream:println:748]: 	at jp.ngt.rtm.modelpack.ScriptExecuter.execScript(ScriptExecuter.java:36)
[22:05:04] [Server thread/INFO]: [java.lang.Throwable$WrappedPrintStream:println:748]: 	at jp.ngt.rtm.modelpack.ScriptExecuter.execScript(ScriptExecuter.java:30)
[22:05:04] [Server thread/INFO]: [java.lang.Throwable$WrappedPrintStream:println:748]: 	at jp.ngt.rtm.entity.vehicle.EntityVehicleBase.onVehicleUpdate(EntityVehicleBase.java:203)
[22:05:04] [Server thread/INFO]: [java.lang.Throwable$WrappedPrintStream:println:748]: 	at jp.ngt.rtm.entity.vehicle.EntityVehicle.onVehicleUpdate(EntityVehicle.java:66)
[22:05:04] [Server thread/INFO]: [java.lang.Throwable$WrappedPrintStream:println:748]: 	at jp.ngt.rtm.entity.vehicle.EntityVehicleBase.func_70071_h_(EntityVehicleBase.java:168)
[22:05:04] [Server thread/INFO]: [java.lang.Throwable$WrappedPrintStream:println:748]: 	at net.minecraft.entity.Entity.func_70098_U(Entity.java:1579)
[22:05:04] [Server thread/INFO]: [java.lang.Throwable$WrappedPrintStream:println:748]: 	at net.minecraft.world.World.func_72866_a(World.java:2066)
[22:05:04] [Server thread/INFO]: [java.lang.Throwable$WrappedPrintStream:println:748]: 	at net.minecraft.world.WorldServer.func_72866_a(WorldServer.java:648)
[22:05:04] [Server thread/INFO]: [java.lang.Throwable$WrappedPrintStream:println:748]: 	at net.minecraft.world.World.func_72870_g(World.java:2034)
[22:05:04] [Server thread/INFO]: [java.lang.Throwable$WrappedPrintStream:println:748]: 	at net.minecraft.world.World.func_72866_a(World.java:2129)
[22:05:04] [Server thread/INFO]: [java.lang.Throwable$WrappedPrintStream:println:748]: 	at net.minecraft.world.WorldServer.func_72866_a(WorldServer.java:648)
[22:05:04] [Server thread/INFO]: [java.lang.Throwable$WrappedPrintStream:println:748]: 	at net.minecraft.world.World.func_72870_g(World.java:2034)
[22:05:04] [Server thread/INFO]: [java.lang.Throwable$WrappedPrintStream:println:748]: 	at net.minecraft.world.World.func_72939_s(World.java:1887)
[22:05:04] [Server thread/INFO]: [java.lang.Throwable$WrappedPrintStream:println:748]: 	at net.minecraft.world.WorldServer.func_72939_s(WorldServer.java:489)
[22:05:04] [Server thread/INFO]: [java.lang.Throwable$WrappedPrintStream:println:748]: 	at net.minecraft.server.MinecraftServer.func_71190_q(MinecraftServer.java:636)
[22:05:04] [Server thread/INFO]: [java.lang.Throwable$WrappedPrintStream:println:748]: 	at net.minecraft.server.MinecraftServer.func_71217_p(MinecraftServer.java:547)
[22:05:04] [Server thread/INFO]: [java.lang.Throwable$WrappedPrintStream:println:748]: 	at net.minecraft.server.integrated.IntegratedServer.func_71217_p(IntegratedServer.java:111)
[22:05:04] [Server thread/INFO]: [java.lang.Throwable$WrappedPrintStream:println:748]: 	at net.minecraft.server.MinecraftServer.run(MinecraftServer.java:427)
[22:05:04] [Server thread/INFO]: [java.lang.Throwable$WrappedPrintStream:println:748]: 	at net.minecraft.server.MinecraftServer$2.run(MinecraftServer.java:685)
[22:05:04] [Server thread/INFO]: [java.lang.Throwable$WrappedPrintStream:println:748]: Caused by: javax.script.ScriptException: TypeError: jp.kaiz.kaizpatch.rtm.rail.TileEntityLargeRailSectionCore@3eea27f5 has no such function "getWorldObj" in <eval> at line number 4573
[22:05:04] [Server thread/INFO]: [java.lang.Throwable$WrappedPrintStream:println:748]: 	at jdk.nashorn.api.scripting.NashornScriptEngine.throwAsScriptException(NashornScriptEngine.java:455)
[22:05:04] [Server thread/INFO]: [java.lang.Throwable$WrappedPrintStream:println:748]: 	at jdk.nashorn.api.scripting.NashornScriptEngine.invokeImpl(NashornScriptEngine.java:387)
[22:05:04] [Server thread/INFO]: [java.lang.Throwable$WrappedPrintStream:println:748]: 	at jdk.nashorn.api.scripting.NashornScriptEngine.invokeFunction(NashornScriptEngine.java:187)
[22:05:04] [Server thread/INFO]: [java.lang.Throwable$WrappedPrintStream:println:748]: 	at jp.ngt.ngtlib.io.ScriptUtil.doScriptFunction(ScriptUtil.java:58)
[22:05:04] [Server thread/INFO]: [java.lang.Throwable$WrappedPrintStream:println:748]: 	... 21 more
[22:05:04] [Server thread/INFO]: [java.lang.Throwable$WrappedPrintStream:println:748]: Caused by: <eval>:4573 TypeError: jp.kaiz.kaizpatch.rtm.rail.TileEntityLargeRailSectionCore@3eea27f5 has no such function "getWorldObj"
[22:05:04] [Server thread/INFO]: [java.lang.Throwable$WrappedPrintStream:println:748]: 	at jdk.nashorn.internal.runtime.ECMAErrors.error(ECMAErrors.java:57)
[22:05:04] [Server thread/INFO]: [java.lang.Throwable$WrappedPrintStream:println:748]: 	at jdk.nashorn.internal.runtime.ECMAErrors.typeError(ECMAErrors.java:213)
[22:05:04] [Server thread/INFO]: [java.lang.Throwable$WrappedPrintStream:println:748]: 	at jdk.nashorn.internal.runtime.ECMAErrors.typeError(ECMAErrors.java:185)
[22:05:04] [Server thread/INFO]: [java.lang.Throwable$WrappedPrintStream:println:748]: 	at jdk.nashorn.internal.runtime.ECMAErrors.typeError(ECMAErrors.java:172)
[22:05:04] [Server thread/INFO]: [java.lang.Throwable$WrappedPrintStream:println:748]: 	at jdk.nashorn.internal.runtime.linker.NashornBottomLinker.linkBean(NashornBottomLinker.java:103)
[22:05:04] [Server thread/INFO]: [java.lang.Throwable$WrappedPrintStream:println:748]: 	at jdk.nashorn.internal.runtime.linker.NashornBottomLinker.getGuardedInvocation(NashornBottomLinker.java:71)
[22:05:04] [Server thread/INFO]: [java.lang.Throwable$WrappedPrintStream:println:748]: 	at jdk.internal.dynalink.support.CompositeGuardingDynamicLinker.getGuardedInvocation(CompositeGuardingDynamicLinker.java:124)
[22:05:04] [Server thread/INFO]: [java.lang.Throwable$WrappedPrintStream:println:748]: 	at jdk.internal.dynalink.support.LinkerServicesImpl.getGuardedInvocation(LinkerServicesImpl.java:149)
[22:05:04] [Server thread/INFO]: [java.lang.Throwable$WrappedPrintStream:println:748]: 	at jdk.internal.dynalink.DynamicLinker.relink(DynamicLinker.java:233)
[22:05:04] [Server thread/INFO]: [java.lang.Throwable$WrappedPrintStream:println:748]: 	at jdk.nashorn.internal.scripts.Script$Recompilation$7614$188583AAAAAAAA$\^eval\_.RTMX_loadCompatTarget_kaizpatch_scripts_superrailbuilderx_RailPositionCompat_1suqebq$L:4466$RailPositionCompat$moveSectionedRailPosition(<eval>:4573)
[22:05:04] [Server thread/INFO]: [java.lang.Throwable$WrappedPrintStream:println:748]: 	at jdk.nashorn.internal.scripts.Script$Recompilation$7610$187411AAAAAAAA$\^eval\_.RTMX_loadCompatTarget_kaizpatch_scripts_superrailbuilderx_RailPositionCompat_1suqebq$L:4466$RailPositionCompat$moveRailPosition(<eval>:4537)
[22:05:04] [Server thread/INFO]: [java.lang.Throwable$WrappedPrintStream:println:748]: 	at jdk.nashorn.internal.scripts.Script$Recompilation$7607$200380AA$\^eval\_.applyRequest(<eval>:4807)
[22:05:04] [Server thread/INFO]: [java.lang.Throwable$WrappedPrintStream:println:748]: 	at jdk.nashorn.internal.scripts.Script$Recompilation$7571$201151AA$\^eval\_.onUpdate(<eval>:4843)
[22:05:04] [Server thread/INFO]: [java.lang.Throwable$WrappedPrintStream:println:748]: 	at jdk.nashorn.internal.runtime.ScriptFunctionData.invoke(ScriptFunctionData.java:640)
[22:05:04] [Server thread/INFO]: [java.lang.Throwable$WrappedPrintStream:println:748]: 	at jdk.nashorn.internal.runtime.ScriptFunction.invoke(ScriptFunction.java:229)
[22:05:04] [Server thread/INFO]: [java.lang.Throwable$WrappedPrintStream:println:748]: 	at jdk.nashorn.internal.runtime.ScriptRuntime.apply(ScriptRuntime.java:387)
[22:05:04] [Server thread/INFO]: [java.lang.Throwable$WrappedPrintStream:println:748]: 	at jdk.nashorn.api.scripting.ScriptObjectMirror.callMember(ScriptObjectMirror.java:192)
[22:05:04] [Server thread/INFO]: [java.lang.Throwable$WrappedPrintStream:println:748]: 	at jdk.nashorn.api.scripting.NashornScriptEngine.invokeImpl(NashornScriptEngine.java:381)
[22:05:04] [Server thread/INFO]: [java.lang.Throwable$WrappedPrintStream:println:748]: 	... 23 more
[22:05:04] [Server thread/INFO]: [java.lang.Throwable$WrappedPrintStream:println:748]: java.lang.RuntimeException: Script exec error : onUpdate
[22:05:04] [Server thread/INFO]: [java.lang.Throwable$WrappedPrintStream:println:748]: 	at jp.ngt.ngtlib.io.ScriptUtil.doScriptFunction(ScriptUtil.java:60)
[22:05:04] [Server thread/INFO]: [java.lang.Throwable$WrappedPrintStream:println:748]: 	at jp.ngt.ngtlib.io.ScriptUtil.doScriptIgnoreError(ScriptUtil.java:66)
[22:05:04] [Server thread/INFO]: [java.lang.Throwable$WrappedPrintStream:println:748]: 	at jp.ngt.rtm.modelpack.ScriptExecuter.callMethod(ScriptExecuter.java:24)
[22:05:04] [Server thread/INFO]: [java.lang.Throwable$WrappedPrintStream:println:748]: 	at jp.ngt.rtm.modelpack.ScriptExecuter.execScript(ScriptExecuter.java:36)
[22:05:04] [Server thread/INFO]: [java.lang.Throwable$WrappedPrintStream:println:748]: 	at jp.ngt.rtm.modelpack.ScriptExecuter.execScript(ScriptExecuter.java:30)
[22:05:04] [Server thread/INFO]: [java.lang.Throwable$WrappedPrintStream:println:748]: 	at jp.ngt.rtm.entity.vehicle.EntityVehicleBase.onVehicleUpdate(EntityVehicleBase.java:203)
[22:05:04] [Server thread/INFO]: [java.lang.Throwable$WrappedPrintStream:println:748]: 	at jp.ngt.rtm.entity.vehicle.EntityVehicle.onVehicleUpdate(EntityVehicle.java:66)
[22:05:04] [Server thread/INFO]: [java.lang.Throwable$WrappedPrintStream:println:748]: 	at jp.ngt.rtm.entity.vehicle.EntityVehicleBase.func_70071_h_(EntityVehicleBase.java:168)
[22:05:04] [Server thread/INFO]: [java.lang.Throwable$WrappedPrintStream:println:748]: 	at net.minecraft.entity.Entity.func_70098_U(Entity.java:1579)
[22:05:04] [Server thread/INFO]: [java.lang.Throwable$WrappedPrintStream:println:748]: 	at net.minecraft.world.World.func_72866_a(World.java:2066)
[22:05:04] [Server thread/INFO]: [java.lang.Throwable$WrappedPrintStream:println:748]: 	at net.minecraft.world.WorldServer.func_72866_a(WorldServer.java:648)
[22:05:04] [Server thread/INFO]: [java.lang.Throwable$WrappedPrintStream:println:748]: 	at net.minecraft.world.World.func_72870_g(World.java:2034)
[22:05:04] [Server thread/INFO]: [java.lang.Throwable$WrappedPrintStream:println:748]: 	at net.minecraft.world.World.func_72866_a(World.java:2129)
[22:05:04] [Server thread/INFO]: [java.lang.Throwable$WrappedPrintStream:println:748]: 	at net.minecraft.world.WorldServer.func_72866_a(WorldServer.java:648)
[22:05:04] [Server thread/INFO]: [java.lang.Throwable$WrappedPrintStream:println:748]: 	at net.minecraft.world.World.func_72870_g(World.java:2034)
[22:05:04] [Server thread/INFO]: [java.lang.Throwable$WrappedPrintStream:println:748]: 	at net.minecraft.world.World.func_72939_s(World.java:1887)
[22:05:04] [Server thread/INFO]: [java.lang.Throwable$WrappedPrintStream:println:748]: 	at net.minecraft.world.WorldServer.func_72939_s(WorldServer.java:489)
[22:05:04] [Server thread/INFO]: [java.lang.Throwable$WrappedPrintStream:println:748]: 	at net.minecraft.server.MinecraftServer.func_71190_q(MinecraftServer.java:636)
[22:05:04] [Server thread/INFO]: [java.lang.Throwable$WrappedPrintStream:println:748]: 	at net.minecraft.server.MinecraftServer.func_71217_p(MinecraftServer.java:547)
[22:05:04] [Server thread/INFO]: [java.lang.Throwable$WrappedPrintStream:println:748]: 	at net.minecraft.server.integrated.IntegratedServer.func_71217_p(IntegratedServer.java:111)
[22:05:04] [Server thread/INFO]: [java.lang.Throwable$WrappedPrintStream:println:748]: 	at net.minecraft.server.MinecraftServer.run(MinecraftServer.java:427)
[22:05:04] [Server thread/INFO]: [java.lang.Throwable$WrappedPrintStream:println:748]: 	at net.minecraft.server.MinecraftServer$2.run(MinecraftServer.java:685)
[22:05:04] [Server thread/INFO]: [java.lang.Throwable$WrappedPrintStream:println:748]: Caused by: javax.script.ScriptException: TypeError: jp.kaiz.kaizpatch.rtm.rail.TileEntityLargeRailSectionCore@3eea27f5 has no such function "getWorldObj" in <eval> at line number 4573
[22:05:04] [Server thread/INFO]: [java.lang.Throwable$WrappedPrintStream:println:748]: 	at jdk.nashorn.api.scripting.NashornScriptEngine.throwAsScriptException(NashornScriptEngine.java:455)
[22:05:04] [Server thread/INFO]: [java.lang.Throwable$WrappedPrintStream:println:748]: 	at jdk.nashorn.api.scripting.NashornScriptEngine.invokeImpl(NashornScriptEngine.java:387)
[22:05:04] [Server thread/INFO]: [java.lang.Throwable$WrappedPrintStream:println:748]: 	at jdk.nashorn.api.scripting.NashornScriptEngine.invokeFunction(NashornScriptEngine.java:187)
[22:05:04] [Server thread/INFO]: [java.lang.Throwable$WrappedPrintStream:println:748]: 	at jp.ngt.ngtlib.io.ScriptUtil.doScriptFunction(ScriptUtil.java:58)
[22:05:04] [Server thread/INFO]: [java.lang.Throwable$WrappedPrintStream:println:748]: 	... 21 more
[22:05:04] [Server thread/INFO]: [java.lang.Throwable$WrappedPrintStream:println:748]: Caused by: <eval>:4573 TypeError: jp.kaiz.kaizpatch.rtm.rail.TileEntityLargeRailSectionCore@3eea27f5 has no such function "getWorldObj"
[22:05:04] [Server thread/INFO]: [java.lang.Throwable$WrappedPrintStream:println:748]: 	at jdk.nashorn.internal.runtime.ECMAErrors.error(ECMAErrors.java:57)
[22:05:04] [Server thread/INFO]: [java.lang.Throwable$WrappedPrintStream:println:748]: 	at jdk.nashorn.internal.runtime.ECMAErrors.typeError(ECMAErrors.java:213)
[22:05:04] [Server thread/INFO]: [java.lang.Throwable$WrappedPrintStream:println:748]: 	at jdk.nashorn.internal.runtime.ECMAErrors.typeError(ECMAErrors.java:185)
[22:05:04] [Server thread/INFO]: [java.lang.Throwable$WrappedPrintStream:println:748]: 	at jdk.nashorn.internal.runtime.ECMAErrors.typeError(ECMAErrors.java:172)
[22:05:04] [Server thread/INFO]: [java.lang.Throwable$WrappedPrintStream:println:748]: 	at jdk.nashorn.internal.runtime.linker.NashornBottomLinker.linkBean(NashornBottomLinker.java:103)
[22:05:04] [Server thread/INFO]: [java.lang.Throwable$WrappedPrintStream:println:748]: 	at jdk.nashorn.internal.runtime.linker.NashornBottomLinker.getGuardedInvocation(NashornBottomLinker.java:71)
[22:05:04] [Server thread/INFO]: [java.lang.Throwable$WrappedPrintStream:println:748]: 	at jdk.internal.dynalink.support.CompositeGuardingDynamicLinker.getGuardedInvocation(CompositeGuardingDynamicLinker.java:124)
[22:05:04] [Server thread/INFO]: [java.lang.Throwable$WrappedPrintStream:println:748]: 	at jdk.internal.dynalink.support.LinkerServicesImpl.getGuardedInvocation(LinkerServicesImpl.java:149)
[22:05:04] [Server thread/INFO]: [java.lang.Throwable$WrappedPrintStream:println:748]: 	at jdk.internal.dynalink.DynamicLinker.relink(DynamicLinker.java:233)
[22:05:04] [Server thread/INFO]: [java.lang.Throwable$WrappedPrintStream:println:748]: 	at jdk.nashorn.internal.scripts.Script$Recompilation$7614$188583AAAAAAAA$\^eval\_.RTMX_loadCompatTarget_kaizpatch_scripts_superrailbuilderx_RailPositionCompat_1suqebq$L:4466$RailPositionCompat$moveSectionedRailPosition(<eval>:4573)
[22:05:04] [Server thread/INFO]: [java.lang.Throwable$WrappedPrintStream:println:748]: 	at jdk.nashorn.internal.scripts.Script$Recompilation$7610$187411AAAAAAAA$\^eval\_.RTMX_loadCompatTarget_kaizpatch_scripts_superrailbuilderx_RailPositionCompat_1suqebq$L:4466$RailPositionCompat$moveRailPosition(<eval>:4537)
[22:05:04] [Server thread/INFO]: [java.lang.Throwable$WrappedPrintStream:println:748]: 	at jdk.nashorn.internal.scripts.Script$Recompilation$7607$200380AA$\^eval\_.applyRequest(<eval>:4807)
[22:05:04] [Server thread/INFO]: [java.lang.Throwable$WrappedPrintStream:println:748]: 	at jdk.nashorn.internal.scripts.Script$Recompilation$7571$201151AA$\^eval\_.onUpdate(<eval>:4843)
[22:05:04] [Server thread/INFO]: [java.lang.Throwable$WrappedPrintStream:println:748]: 	at jdk.nashorn.internal.runtime.ScriptFunctionData.invoke(ScriptFunctionData.java:640)
[22:05:04] [Server thread/INFO]: [java.lang.Throwable$WrappedPrintStream:println:748]: 	at jdk.nashorn.internal.runtime.ScriptFunction.invoke(ScriptFunction.java:229)
[22:05:04] [Server thread/INFO]: [java.lang.Throwable$WrappedPrintStream:println:748]: 	at jdk.nashorn.internal.runtime.ScriptRuntime.apply(ScriptRuntime.java:387)
[22:05:04] [Server thread/INFO]: [java.lang.Throwable$WrappedPrintStream:println:748]: 	at jdk.nashorn.api.scripting.ScriptObjectMirror.callMember(ScriptObjectMirror.java:192)
[22:05:04] [Server thread/INFO]: [java.lang.Throwable$WrappedPrintStream:println:748]: 	at jdk.nashorn.api.scripting.NashornScriptEngine.invokeImpl(NashornScriptEngine.java:381)
[22:05:04] [Server thread/INFO]: [java.lang.Throwable$WrappedPrintStream:println:748]: 	... 23 more
[22:05:04] [Server thread/INFO]: [java.lang.Throwable$WrappedPrintStream:println:748]: java.lang.RuntimeException: Script exec error : onUpdate
[22:05:04] [Server thread/INFO]: [java.lang.Throwable$WrappedPrintStream:println:748]: 	at jp.ngt.ngtlib.io.ScriptUtil.doScriptFunction(ScriptUtil.java:60)
[22:05:04] [Server thread/INFO]: [java.lang.Throwable$WrappedPrintStream:println:748]: 	at jp.ngt.ngtlib.io.ScriptUtil.doScriptIgnoreError(ScriptUtil.java:66)
[22:05:04] [Server thread/INFO]: [java.lang.Throwable$WrappedPrintStream:println:748]: 	at jp.ngt.rtm.modelpack.ScriptExecuter.callMethod(ScriptExecuter.java:24)
[22:05:04] [Server thread/INFO]: [java.lang.Throwable$WrappedPrintStream:println:748]: 	at jp.ngt.rtm.modelpack.ScriptExecuter.execScript(ScriptExecuter.java:36)
[22:05:04] [Server thread/INFO]: [java.lang.Throwable$WrappedPrintStream:println:748]: 	at jp.ngt.rtm.modelpack.ScriptExecuter.execScript(ScriptExecuter.java:30)
[22:05:04] [Server thread/INFO]: [java.lang.Throwable$WrappedPrintStream:println:748]: 	at jp.ngt.rtm.entity.vehicle.EntityVehicleBase.onVehicleUpdate(EntityVehicleBase.java:203)
[22:05:04] [Server thread/INFO]: [java.lang.Throwable$WrappedPrintStream:println:748]: 	at jp.ngt.rtm.entity.vehicle.EntityVehicle.onVehicleUpdate(EntityVehicle.java:66)
[22:05:04] [Server thread/INFO]: [java.lang.Throwable$WrappedPrintStream:println:748]: 	at jp.ngt.rtm.entity.vehicle.EntityVehicleBase.func_70071_h_(EntityVehicleBase.java:168)
[22:05:04] [Server thread/INFO]: [java.lang.Throwable$WrappedPrintStream:println:748]: 	at net.minecraft.entity.Entity.func_70098_U(Entity.java:1579)
[22:05:04] [Server thread/INFO]: [java.lang.Throwable$WrappedPrintStream:println:748]: 	at net.minecraft.world.World.func_72866_a(World.java:2066)
[22:05:04] [Server thread/INFO]: [java.lang.Throwable$WrappedPrintStream:println:748]: 	at net.minecraft.world.WorldServer.func_72866_a(WorldServer.java:648)
[22:05:04] [Server thread/INFO]: [java.lang.Throwable$WrappedPrintStream:println:748]: 	at net.minecraft.world.World.func_72870_g(World.java:2034)
[22:05:04] [Server thread/INFO]: [java.lang.Throwable$WrappedPrintStream:println:748]: 	at net.minecraft.world.World.func_72866_a(World.java:2129)
[22:05:04] [Server thread/INFO]: [java.lang.Throwable$WrappedPrintStream:println:748]: 	at net.minecraft.world.WorldServer.func_72866_a(WorldServer.java:648)
[22:05:04] [Server thread/INFO]: [java.lang.Throwable$WrappedPrintStream:println:748]: 	at net.minecraft.world.World.func_72870_g(World.java:2034)
[22:05:04] [Server thread/INFO]: [java.lang.Throwable$WrappedPrintStream:println:748]: 	at net.minecraft.world.World.func_72939_s(World.java:1887)
[22:05:04] [Server thread/INFO]: [java.lang.Throwable$WrappedPrintStream:println:748]: 	at net.minecraft.world.WorldServer.func_72939_s(WorldServer.java:489)
[22:05:04] [Server thread/INFO]: [java.lang.Throwable$WrappedPrintStream:println:748]: 	at net.minecraft.server.MinecraftServer.func_71190_q(MinecraftServer.java:636)
[22:05:04] [Server thread/INFO]: [java.lang.Throwable$WrappedPrintStream:println:748]: 	at net.minecraft.server.MinecraftServer.func_71217_p(MinecraftServer.java:547)
[22:05:04] [Server thread/INFO]: [java.lang.Throwable$WrappedPrintStream:println:748]: 	at net.minecraft.server.integrated.IntegratedServer.func_71217_p(IntegratedServer.java:111)
[22:05:04] [Server thread/INFO]: [java.lang.Throwable$WrappedPrintStream:println:748]: 	at net.minecraft.server.MinecraftServer.run(MinecraftServer.java:427)
[22:05:04] [Server thread/INFO]: [java.lang.Throwable$WrappedPrintStream:println:748]: 	at net.minecraft.server.MinecraftServer$2.run(MinecraftServer.java:685)
[22:05:04] [Server thread/INFO]: [java.lang.Throwable$WrappedPrintStream:println:748]: Caused by: javax.script.ScriptException: TypeError: jp.kaiz.kaizpatch.rtm.rail.TileEntityLargeRailSectionCore@3eea27f5 has no such function "getWorldObj" in <eval> at line number 4573
[22:05:04] [Server thread/INFO]: [java.lang.Throwable$WrappedPrintStream:println:748]: 	at jdk.nashorn.api.scripting.NashornScriptEngine.throwAsScriptException(NashornScriptEngine.java:455)
[22:05:04] [Server thread/INFO]: [java.lang.Throwable$WrappedPrintStream:println:748]: 	at jdk.nashorn.api.scripting.NashornScriptEngine.invokeImpl(NashornScriptEngine.java:387)
[22:05:04] [Server thread/INFO]: [java.lang.Throwable$WrappedPrintStream:println:748]: 	at jdk.nashorn.api.scripting.NashornScriptEngine.invokeFunction(NashornScriptEngine.java:187)
[22:05:04] [Server thread/INFO]: [java.lang.Throwable$WrappedPrintStream:println:748]: 	at jp.ngt.ngtlib.io.ScriptUtil.doScriptFunction(ScriptUtil.java:58)
[22:05:04] [Server thread/INFO]: [java.lang.Throwable$WrappedPrintStream:println:748]: 	... 21 more
[22:05:04] [Server thread/INFO]: [java.lang.Throwable$WrappedPrintStream:println:748]: Caused by: <eval>:4573 TypeError: jp.kaiz.kaizpatch.rtm.rail.TileEntityLargeRailSectionCore@3eea27f5 has no such function "getWorldObj"
[22:05:04] [Server thread/INFO]: [java.lang.Throwable$WrappedPrintStream:println:748]: 	at jdk.nashorn.internal.runtime.ECMAErrors.error(ECMAErrors.java:57)
[22:05:04] [Server thread/INFO]: [java.lang.Throwable$WrappedPrintStream:println:748]: 	at jdk.nashorn.internal.runtime.ECMAErrors.typeError(ECMAErrors.java:213)
[22:05:04] [Server thread/INFO]: [java.lang.Throwable$WrappedPrintStream:println:748]: 	at jdk.nashorn.internal.runtime.ECMAErrors.typeError(ECMAErrors.java:185)
[22:05:04] [Server thread/INFO]: [java.lang.Throwable$WrappedPrintStream:println:748]: 	at jdk.nashorn.internal.runtime.ECMAErrors.typeError(ECMAErrors.java:172)
[22:05:04] [Server thread/INFO]: [java.lang.Throwable$WrappedPrintStream:println:748]: 	at jdk.nashorn.internal.runtime.linker.NashornBottomLinker.linkBean(NashornBottomLinker.java:103)
[22:05:04] [Server thread/INFO]: [java.lang.Throwable$WrappedPrintStream:println:748]: 	at jdk.nashorn.internal.runtime.linker.NashornBottomLinker.getGuardedInvocation(NashornBottomLinker.java:71)
[22:05:04] [Server thread/INFO]: [java.lang.Throwable$WrappedPrintStream:println:748]: 	at jdk.internal.dynalink.support.CompositeGuardingDynamicLinker.getGuardedInvocation(CompositeGuardingDynamicLinker.java:124)
[22:05:04] [Server thread/INFO]: [java.lang.Throwable$WrappedPrintStream:println:748]: 	at jdk.internal.dynalink.support.LinkerServicesImpl.getGuardedInvocation(LinkerServicesImpl.java:149)
[22:05:04] [Server thread/INFO]: [java.lang.Throwable$WrappedPrintStream:println:748]: 	at jdk.internal.dynalink.DynamicLinker.relink(DynamicLinker.java:233)
[22:05:04] [Server thread/INFO]: [java.lang.Throwable$WrappedPrintStream:println:748]: 	at jdk.nashorn.internal.scripts.Script$Recompilation$7614$188583AAAAAAAA$\^eval\_.RTMX_loadCompatTarget_kaizpatch_scripts_superrailbuilderx_RailPositionCompat_1suqebq$L:4466$RailPositionCompat$moveSectionedRailPosition(<eval>:4573)
[22:05:04] [Server thread/INFO]: [java.lang.Throwable$WrappedPrintStream:println:748]: 	at jdk.nashorn.internal.scripts.Script$Recompilation$7610$187411AAAAAAAA$\^eval\_.RTMX_loadCompatTarget_kaizpatch_scripts_superrailbuilderx_RailPositionCompat_1suqebq$L:4466$RailPositionCompat$moveRailPosition(<eval>:4537)
[22:05:04] [Server thread/INFO]: [java.lang.Throwable$WrappedPrintStream:println:748]: 	at jdk.nashorn.internal.scripts.Script$Recompilation$7607$200380AA$\^eval\_.applyRequest(<eval>:4807)
[22:05:04] [Server thread/INFO]: [java.lang.Throwable$WrappedPrintStream:println:748]: 	at jdk.nashorn.internal.scripts.Script$Recompilation$7571$201151AA$\^eval\_.onUpdate(<eval>:4843)
[22:05:04] [Server thread/INFO]: [java.lang.Throwable$WrappedPrintStream:println:748]: 	at jdk.nashorn.internal.runtime.ScriptFunctionData.invoke(ScriptFunctionData.java:640)
[22:05:04] [Server thread/INFO]: [java.lang.Throwable$WrappedPrintStream:println:748]: 	at jdk.nashorn.internal.runtime.ScriptFunction.invoke(ScriptFunction.java:229)
[22:05:04] [Server thread/INFO]: [java.lang.Throwable$WrappedPrintStream:println:748]: 	at jdk.nashorn.internal.runtime.ScriptRuntime.apply(ScriptRuntime.java:387)
[22:05:04] [Server thread/INFO]: [java.lang.Throwable$WrappedPrintStream:println:748]: 	at jdk.nashorn.api.scripting.ScriptObjectMirror.callMember(ScriptObjectMirror.java:192)
[22:05:04] [Server thread/INFO]: [java.lang.Throwable$WrappedPrintStream:println:748]: 	at jdk.nashorn.api.scripting.NashornScriptEngine.invokeImpl(NashornScriptEngine.java:381)
[22:05:04] [Server thread/INFO]: [java.lang.Throwable$WrappedPrintStream:println:748]: 	... 23 more
[22:05:04] [Server thread/INFO]: [java.lang.Throwable$WrappedPrintStream:println:748]: java.lang.RuntimeException: Script exec error : onUpdate
[22:05:04] [Server thread/INFO]: [java.lang.Throwable$WrappedPrintStream:println:748]: 	at jp.ngt.ngtlib.io.ScriptUtil.doScriptFunction(ScriptUtil.java:60)
[22:05:04] [Server thread/INFO]: [java.lang.Throwable$WrappedPrintStream:println:748]: 	at jp.ngt.ngtlib.io.ScriptUtil.doScriptIgnoreError(ScriptUtil.java:66)
[22:05:04] [Server thread/INFO]: [java.lang.Throwable$WrappedPrintStream:println:748]: 	at jp.ngt.rtm.modelpack.ScriptExecuter.callMethod(ScriptExecuter.java:24)
[22:05:04] [Server thread/INFO]: [java.lang.Throwable$WrappedPrintStream:println:748]: 	at jp.ngt.rtm.modelpack.ScriptExecuter.execScript(ScriptExecuter.java:36)
[22:05:04] [Server thread/INFO]: [java.lang.Throwable$WrappedPrintStream:println:748]: 	at jp.ngt.rtm.modelpack.ScriptExecuter.execScript(ScriptExecuter.java:30)
[22:05:04] [Server thread/INFO]: [java.lang.Throwable$WrappedPrintStream:println:748]: 	at jp.ngt.rtm.entity.vehicle.EntityVehicleBase.onVehicleUpdate(EntityVehicleBase.java:203)
[22:05:04] [Server thread/INFO]: [java.lang.Throwable$WrappedPrintStream:println:748]: 	at jp.ngt.rtm.entity.vehicle.EntityVehicle.onVehicleUpdate(EntityVehicle.java:66)
[22:05:04] [Server thread/INFO]: [java.lang.Throwable$WrappedPrintStream:println:748]: 	at jp.ngt.rtm.entity.vehicle.EntityVehicleBase.func_70071_h_(EntityVehicleBase.java:168)
[22:05:04] [Server thread/INFO]: [java.lang.Throwable$WrappedPrintStream:println:748]: 	at net.minecraft.entity.Entity.func_70098_U(Entity.java:1579)
[22:05:04] [Server thread/INFO]: [java.lang.Throwable$WrappedPrintStream:println:748]: 	at net.minecraft.world.World.func_72866_a(World.java:2066)
[22:05:04] [Server thread/INFO]: [java.lang.Throwable$WrappedPrintStream:println:748]: 	at net.minecraft.world.WorldServer.func_72866_a(WorldServer.java:648)
[22:05:04] [Server thread/INFO]: [java.lang.Throwable$WrappedPrintStream:println:748]: 	at net.minecraft.world.World.func_72870_g(World.java:2034)
[22:05:04] [Server thread/INFO]: [java.lang.Throwable$WrappedPrintStream:println:748]: 	at net.minecraft.world.World.func_72866_a(World.java:2129)
[22:05:04] [Server thread/INFO]: [java.lang.Throwable$WrappedPrintStream:println:748]: 	at net.minecraft.world.WorldServer.func_72866_a(WorldServer.java:648)
[22:05:04] [Server thread/INFO]: [java.lang.Throwable$WrappedPrintStream:println:748]: 	at net.minecraft.world.World.func_72870_g(World.java:2034)
[22:05:04] [Server thread/INFO]: [java.lang.Throwable$WrappedPrintStream:println:748]: 	at net.minecraft.world.World.func_72939_s(World.java:1887)
[22:05:04] [Server thread/INFO]: [java.lang.Throwable$WrappedPrintStream:println:748]: 	at net.minecraft.world.WorldServer.func_72939_s(WorldServer.java:489)
[22:05:04] [Server thread/INFO]: [java.lang.Throwable$WrappedPrintStream:println:748]: 	at net.minecraft.server.MinecraftServer.func_71190_q(MinecraftServer.java:636)
[22:05:04] [Server thread/INFO]: [java.lang.Throwable$WrappedPrintStream:println:748]: 	at net.minecraft.server.MinecraftServer.func_71217_p(MinecraftServer.java:547)
[22:05:04] [Server thread/INFO]: [java.lang.Throwable$WrappedPrintStream:println:748]: 	at net.minecraft.server.integrated.IntegratedServer.func_71217_p(IntegratedServer.java:111)
[22:05:04] [Server thread/INFO]: [java.lang.Throwable$WrappedPrintStream:println:748]: 	at net.minecraft.server.MinecraftServer.run(MinecraftServer.java:427)
[22:05:04] [Server thread/INFO]: [java.lang.Throwable$WrappedPrintStream:println:748]: 	at net.minecraft.server.MinecraftServer$2.run(MinecraftServer.java:685)
[22:05:04] [Server thread/INFO]: [java.lang.Throwable$WrappedPrintStream:println:748]: Caused by: javax.script.ScriptException: TypeError: jp.kaiz.kaizpatch.rtm.rail.TileEntityLargeRailSectionCore@3eea27f5 has no such function "getWorldObj" in <eval> at line number 4573
[22:05:04] [Server thread/INFO]: [java.lang.Throwable$WrappedPrintStream:println:748]: 	at jdk.nashorn.api.scripting.NashornScriptEngine.throwAsScriptException(NashornScriptEngine.java:455)
[22:05:04] [Server thread/INFO]: [java.lang.Throwable$WrappedPrintStream:println:748]: 	at jdk.nashorn.api.scripting.NashornScriptEngine.invokeImpl(NashornScriptEngine.java:387)
[22:05:04] [Server thread/INFO]: [java.lang.Throwable$WrappedPrintStream:println:748]: 	at jdk.nashorn.api.scripting.NashornScriptEngine.invokeFunction(NashornScriptEngine.java:187)
[22:05:04] [Server thread/INFO]: [java.lang.Throwable$WrappedPrintStream:println:748]: 	at jp.ngt.ngtlib.io.ScriptUtil.doScriptFunction(ScriptUtil.java:58)
[22:05:04] [Server thread/INFO]: [java.lang.Throwable$WrappedPrintStream:println:748]: 	... 21 more
[22:05:04] [Server thread/INFO]: [java.lang.Throwable$WrappedPrintStream:println:748]: Caused by: <eval>:4573 TypeError: jp.kaiz.kaizpatch.rtm.rail.TileEntityLargeRailSectionCore@3eea27f5 has no such function "getWorldObj"
[22:05:04] [Server thread/INFO]: [java.lang.Throwable$WrappedPrintStream:println:748]: 	at jdk.nashorn.internal.runtime.ECMAErrors.error(ECMAErrors.java:57)
[22:05:04] [Server thread/INFO]: [java.lang.Throwable$WrappedPrintStream:println:748]: 	at jdk.nashorn.internal.runtime.ECMAErrors.typeError(ECMAErrors.java:213)
[22:05:04] [Server thread/INFO]: [java.lang.Throwable$WrappedPrintStream:println:748]: 	at jdk.nashorn.internal.runtime.ECMAErrors.typeError(ECMAErrors.java:185)
[22:05:04] [Server thread/INFO]: [java.lang.Throwable$WrappedPrintStream:println:748]: 	at jdk.nashorn.internal.runtime.ECMAErrors.typeError(ECMAErrors.java:172)
[22:05:04] [Server thread/INFO]: [java.lang.Throwable$WrappedPrintStream:println:748]: 	at jdk.nashorn.internal.runtime.linker.NashornBottomLinker.linkBean(NashornBottomLinker.java:103)
[22:05:04] [Server thread/INFO]: [java.lang.Throwable$WrappedPrintStream:println:748]: 	at jdk.nashorn.internal.runtime.linker.NashornBottomLinker.getGuardedInvocation(NashornBottomLinker.java:71)
[22:05:04] [Server thread/INFO]: [java.lang.Throwable$WrappedPrintStream:println:748]: 	at jdk.internal.dynalink.support.CompositeGuardingDynamicLinker.getGuardedInvocation(CompositeGuardingDynamicLinker.java:124)
[22:05:04] [Server thread/INFO]: [java.lang.Throwable$WrappedPrintStream:println:748]: 	at jdk.internal.dynalink.support.LinkerServicesImpl.getGuardedInvocation(LinkerServicesImpl.java:149)
[22:05:04] [Server thread/INFO]: [java.lang.Throwable$WrappedPrintStream:println:748]: 	at jdk.internal.dynalink.DynamicLinker.relink(DynamicLinker.java:233)
[22:05:04] [Server thread/INFO]: [java.lang.Throwable$WrappedPrintStream:println:748]: 	at jdk.nashorn.internal.scripts.Script$Recompilation$7614$188583AAAAAAAA$\^eval\_.RTMX_loadCompatTarget_kaizpatch_scripts_superrailbuilderx_RailPositionCompat_1suqebq$L:4466$RailPositionCompat$moveSectionedRailPosition(<eval>:4573)
[22:05:04] [Server thread/INFO]: [java.lang.Throwable$WrappedPrintStream:println:748]: 	at jdk.nashorn.internal.scripts.Script$Recompilation$7610$187411AAAAAAAA$\^eval\_.RTMX_loadCompatTarget_kaizpatch_scripts_superrailbuilderx_RailPositionCompat_1suqebq$L:4466$RailPositionCompat$moveRailPosition(<eval>:4537)
[22:05:04] [Server thread/INFO]: [java.lang.Throwable$WrappedPrintStream:println:748]: 	at jdk.nashorn.internal.scripts.Script$Recompilation$7607$200380AA$\^eval\_.applyRequest(<eval>:4807)
[22:05:04] [Server thread/INFO]: [java.lang.Throwable$WrappedPrintStream:println:748]: 	at jdk.nashorn.internal.scripts.Script$Recompilation$7571$201151AA$\^eval\_.onUpdate(<eval>:4843)
[22:05:04] [Server thread/INFO]: [java.lang.Throwable$WrappedPrintStream:println:748]: 	at jdk.nashorn.internal.runtime.ScriptFunctionData.invoke(ScriptFunctionData.java:640)
[22:05:04] [Server thread/INFO]: [java.lang.Throwable$WrappedPrintStream:println:748]: 	at jdk.nashorn.internal.runtime.ScriptFunction.invoke(ScriptFunction.java:229)
[22:05:04] [Server thread/INFO]: [java.lang.Throwable$WrappedPrintStream:println:748]: 	at jdk.nashorn.internal.runtime.ScriptRuntime.apply(ScriptRuntime.java:387)
[22:05:04] [Server thread/INFO]: [java.lang.Throwable$WrappedPrintStream:println:748]: 	at jdk.nashorn.api.scripting.ScriptObjectMirror.callMember(ScriptObjectMirror.java:192)
[22:05:04] [Server thread/INFO]: [java.lang.Throwable$WrappedPrintStream:println:748]: 	at jdk.nashorn.api.scripting.NashornScriptEngine.invokeImpl(NashornScriptEngine.java:381)
[22:05:04] [Server thread/INFO]: [java.lang.Throwable$WrappedPrintStream:println:748]: 	... 23 more
[22:05:04] [Server thread/INFO]: [java.lang.Throwable$WrappedPrintStream:println:748]: java.lang.RuntimeException: Script exec error : onUpdate
[22:05:04] [Server thread/INFO]: [java.lang.Throwable$WrappedPrintStream:println:748]: 	at jp.ngt.ngtlib.io.ScriptUtil.doScriptFunction(ScriptUtil.java:60)
[22:05:04] [Server thread/INFO]: [java.lang.Throwable$WrappedPrintStream:println:748]: 	at jp.ngt.ngtlib.io.ScriptUtil.doScriptIgnoreError(ScriptUtil.java:66)
[22:05:04] [Server thread/INFO]: [java.lang.Throwable$WrappedPrintStream:println:748]: 	at jp.ngt.rtm.modelpack.ScriptExecuter.callMethod(ScriptExecuter.java:24)
[22:05:04] [Server thread/INFO]: [java.lang.Throwable$WrappedPrintStream:println:748]: 	at jp.ngt.rtm.modelpack.ScriptExecuter.execScript(ScriptExecuter.java:36)
[22:05:04] [Server thread/INFO]: [java.lang.Throwable$WrappedPrintStream:println:748]: 	at jp.ngt.rtm.modelpack.ScriptExecuter.execScript(ScriptExecuter.java:30)
[22:05:04] [Server thread/INFO]: [java.lang.Throwable$WrappedPrintStream:println:748]: 	at jp.ngt.rtm.entity.vehicle.EntityVehicleBase.onVehicleUpdate(EntityVehicleBase.java:203)
[22:05:04] [Server thread/INFO]: [java.lang.Throwable$WrappedPrintStream:println:748]: 	at jp.ngt.rtm.entity.vehicle.EntityVehicle.onVehicleUpdate(EntityVehicle.java:66)
[22:05:04] [Server thread/INFO]: [java.lang.Throwable$WrappedPrintStream:println:748]: 	at jp.ngt.rtm.entity.vehicle.EntityVehicleBase.func_70071_h_(EntityVehicleBase.java:168)
[22:05:04] [Server thread/INFO]: [java.lang.Throwable$WrappedPrintStream:println:748]: 	at net.minecraft.entity.Entity.func_70098_U(Entity.java:1579)
[22:05:04] [Server thread/INFO]: [java.lang.Throwable$WrappedPrintStream:println:748]: 	at net.minecraft.world.World.func_72866_a(World.java:2066)
[22:05:04] [Server thread/INFO]: [java.lang.Throwable$WrappedPrintStream:println:748]: 	at net.minecraft.world.WorldServer.func_72866_a(WorldServer.java:648)
[22:05:04] [Server thread/INFO]: [java.lang.Throwable$WrappedPrintStream:println:748]: 	at net.minecraft.world.World.func_72870_g(World.java:2034)
[22:05:04] [Server thread/INFO]: [java.lang.Throwable$WrappedPrintStream:println:748]: 	at net.minecraft.world.World.func_72866_a(World.java:2129)
[22:05:04] [Server thread/INFO]: [java.lang.Throwable$WrappedPrintStream:println:748]: 	at net.minecraft.world.WorldServer.func_72866_a(WorldServer.java:648)
[22:05:04] [Server thread/INFO]: [java.lang.Throwable$WrappedPrintStream:println:748]: 	at net.minecraft.world.World.func_72870_g(World.java:2034)
[22:05:04] [Server thread/INFO]: [java.lang.Throwable$WrappedPrintStream:println:748]: 	at net.minecraft.world.World.func_72939_s(World.java:1887)
[22:05:04] [Server thread/INFO]: [java.lang.Throwable$WrappedPrintStream:println:748]: 	at net.minecraft.world.WorldServer.func_72939_s(WorldServer.java:489)
[22:05:04] [Server thread/INFO]: [java.lang.Throwable$WrappedPrintStream:println:748]: 	at net.minecraft.server.MinecraftServer.func_71190_q(MinecraftServer.java:636)
[22:05:04] [Server thread/INFO]: [java.lang.Throwable$WrappedPrintStream:println:748]: 	at net.minecraft.server.MinecraftServer.func_71217_p(MinecraftServer.java:547)
[22:05:04] [Server thread/INFO]: [java.lang.Throwable$WrappedPrintStream:println:748]: 	at net.minecraft.server.integrated.IntegratedServer.func_71217_p(IntegratedServer.java:111)
[22:05:04] [Server thread/INFO]: [java.lang.Throwable$WrappedPrintStream:println:748]: 	at net.minecraft.server.MinecraftServer.run(MinecraftServer.java:427)
[22:05:04] [Server thread/INFO]: [java.lang.Throwable$WrappedPrintStream:println:748]: 	at net.minecraft.server.MinecraftServer$2.run(MinecraftServer.java:685)
[22:05:04] [Server thread/INFO]: [java.lang.Throwable$WrappedPrintStream:println:748]: Caused by: javax.script.ScriptException: TypeError: jp.kaiz.kaizpatch.rtm.rail.TileEntityLargeRailSectionCore@3eea27f5 has no such function "getWorldObj" in <eval> at line number 4573
[22:05:04] [Server thread/INFO]: [java.lang.Throwable$WrappedPrintStream:println:748]: 	at jdk.nashorn.api.scripting.NashornScriptEngine.throwAsScriptException(NashornScriptEngine.java:455)
[22:05:04] [Server thread/INFO]: [java.lang.Throwable$WrappedPrintStream:println:748]: 	at jdk.nashorn.api.scripting.NashornScriptEngine.invokeImpl(NashornScriptEngine.java:387)
[22:05:04] [Server thread/INFO]: [java.lang.Throwable$WrappedPrintStream:println:748]: 	at jdk.nashorn.api.scripting.NashornScriptEngine.invokeFunction(NashornScriptEngine.java:187)
[22:05:04] [Server thread/INFO]: [java.lang.Throwable$WrappedPrintStream:println:748]: 	at jp.ngt.ngtlib.io.ScriptUtil.doScriptFunction(ScriptUtil.java:58)
[22:05:04] [Server thread/INFO]: [java.lang.Throwable$WrappedPrintStream:println:748]: 	... 21 more
[22:05:04] [Server thread/INFO]: [java.lang.Throwable$WrappedPrintStream:println:748]: Caused by: <eval>:4573 TypeError: jp.kaiz.kaizpatch.rtm.rail.TileEntityLargeRailSectionCore@3eea27f5 has no such function "getWorldObj"
[22:05:04] [Server thread/INFO]: [java.lang.Throwable$WrappedPrintStream:println:748]: 	at jdk.nashorn.internal.runtime.ECMAErrors.error(ECMAErrors.java:57)
[22:05:04] [Server thread/INFO]: [java.lang.Throwable$WrappedPrintStream:println:748]: 	at jdk.nashorn.internal.runtime.ECMAErrors.typeError(ECMAErrors.java:213)
[22:05:04] [Server thread/INFO]: [java.lang.Throwable$WrappedPrintStream:println:748]: 	at jdk.nashorn.internal.runtime.ECMAErrors.typeError(ECMAErrors.java:185)
[22:05:04] [Server thread/INFO]: [java.lang.Throwable$WrappedPrintStream:println:748]: 	at jdk.nashorn.internal.runtime.ECMAErrors.typeError(ECMAErrors.java:172)
[22:05:04] [Server thread/INFO]: [java.lang.Throwable$WrappedPrintStream:println:748]: 	at jdk.nashorn.internal.runtime.linker.NashornBottomLinker.linkBean(NashornBottomLinker.java:103)
[22:05:04] [Server thread/INFO]: [java.lang.Throwable$WrappedPrintStream:println:748]: 	at jdk.nashorn.internal.runtime.linker.NashornBottomLinker.getGuardedInvocation(NashornBottomLinker.java:71)
[22:05:04] [Server thread/INFO]: [java.lang.Throwable$WrappedPrintStream:println:748]: 	at jdk.internal.dynalink.support.CompositeGuardingDynamicLinker.getGuardedInvocation(CompositeGuardingDynamicLinker.java:124)
[22:05:04] [Server thread/INFO]: [java.lang.Throwable$WrappedPrintStream:println:748]: 	at jdk.internal.dynalink.support.LinkerServicesImpl.getGuardedInvocation(LinkerServicesImpl.java:149)
[22:05:04] [Server thread/INFO]: [java.lang.Throwable$WrappedPrintStream:println:748]: 	at jdk.internal.dynalink.DynamicLinker.relink(DynamicLinker.java:233)
[22:05:04] [Server thread/INFO]: [java.lang.Throwable$WrappedPrintStream:println:748]: 	at jdk.nashorn.internal.scripts.Script$Recompilation$7614$188583AAAAAAAA$\^eval\_.RTMX_loadCompatTarget_kaizpatch_scripts_superrailbuilderx_RailPositionCompat_1suqebq$L:4466$RailPositionCompat$moveSectionedRailPosition(<eval>:4573)
[22:05:04] [Server thread/INFO]: [java.lang.Throwable$WrappedPrintStream:println:748]: 	at jdk.nashorn.internal.scripts.Script$Recompilation$7610$187411AAAAAAAA$\^eval\_.RTMX_loadCompatTarget_kaizpatch_scripts_superrailbuilderx_RailPositionCompat_1suqebq$L:4466$RailPositionCompat$moveRailPosition(<eval>:4537)
[22:05:04] [Server thread/INFO]: [java.lang.Throwable$WrappedPrintStream:println:748]: 	at jdk.nashorn.internal.scripts.Script$Recompilation$7607$200380AA$\^eval\_.applyRequest(<eval>:4807)
[22:05:04] [Server thread/INFO]: [java.lang.Throwable$WrappedPrintStream:println:748]: 	at jdk.nashorn.internal.scripts.Script$Recompilation$7571$201151AA$\^eval\_.onUpdate(<eval>:4843)
[22:05:04] [Server thread/INFO]: [java.lang.Throwable$WrappedPrintStream:println:748]: 	at jdk.nashorn.internal.runtime.ScriptFunctionData.invoke(ScriptFunctionData.java:640)
[22:05:04] [Server thread/INFO]: [java.lang.Throwable$WrappedPrintStream:println:748]: 	at jdk.nashorn.internal.runtime.ScriptFunction.invoke(ScriptFunction.java:229)
[22:05:04] [Server thread/INFO]: [java.lang.Throwable$WrappedPrintStream:println:748]: 	at jdk.nashorn.internal.runtime.ScriptRuntime.apply(ScriptRuntime.java:387)
[22:05:04] [Server thread/INFO]: [java.lang.Throwable$WrappedPrintStream:println:748]: 	at jdk.nashorn.api.scripting.ScriptObjectMirror.callMember(ScriptObjectMirror.java:192)
[22:05:04] [Server thread/INFO]: [java.lang.Throwable$WrappedPrintStream:println:748]: 	at jdk.nashorn.api.scripting.NashornScriptEngine.invokeImpl(NashornScriptEngine.java:381)
[22:05:04] [Server thread/INFO]: [java.lang.Throwable$WrappedPrintStream:println:748]: 	... 23 more
[22:05:04] [Server thread/INFO]: [java.lang.Throwable$WrappedPrintStream:println:748]: java.lang.RuntimeException: Script exec error : onUpdate
[22:05:04] [Server thread/INFO]: [java.lang.Throwable$WrappedPrintStream:println:748]: 	at jp.ngt.ngtlib.io.ScriptUtil.doScriptFunction(ScriptUtil.java:60)
[22:05:04] [Server thread/INFO]: [java.lang.Throwable$WrappedPrintStream:println:748]: 	at jp.ngt.ngtlib.io.ScriptUtil.doScriptIgnoreError(ScriptUtil.java:66)
[22:05:04] [Server thread/INFO]: [java.lang.Throwable$WrappedPrintStream:println:748]: 	at jp.ngt.rtm.modelpack.ScriptExecuter.callMethod(ScriptExecuter.java:24)
[22:05:04] [Server thread/INFO]: [java.lang.Throwable$WrappedPrintStream:println:748]: 	at jp.ngt.rtm.modelpack.ScriptExecuter.execScript(ScriptExecuter.java:36)
[22:05:04] [Server thread/INFO]: [java.lang.Throwable$WrappedPrintStream:println:748]: 	at jp.ngt.rtm.modelpack.ScriptExecuter.execScript(ScriptExecuter.java:30)
[22:05:04] [Server thread/INFO]: [java.lang.Throwable$WrappedPrintStream:println:748]: 	at jp.ngt.rtm.entity.vehicle.EntityVehicleBase.onVehicleUpdate(EntityVehicleBase.java:203)
[22:05:04] [Server thread/INFO]: [java.lang.Throwable$WrappedPrintStream:println:748]: 	at jp.ngt.rtm.entity.vehicle.EntityVehicle.onVehicleUpdate(EntityVehicle.java:66)
[22:05:04] [Server thread/INFO]: [java.lang.Throwable$WrappedPrintStream:println:748]: 	at jp.ngt.rtm.entity.vehicle.EntityVehicleBase.func_70071_h_(EntityVehicleBase.java:168)
[22:05:04] [Server thread/INFO]: [java.lang.Throwable$WrappedPrintStream:println:748]: 	at net.minecraft.entity.Entity.func_70098_U(Entity.java:1579)
[22:05:04] [Server thread/INFO]: [java.lang.Throwable$WrappedPrintStream:println:748]: 	at net.minecraft.world.World.func_72866_a(World.java:2066)
[22:05:04] [Server thread/INFO]: [java.lang.Throwable$WrappedPrintStream:println:748]: 	at net.minecraft.world.WorldServer.func_72866_a(WorldServer.java:648)
[22:05:04] [Server thread/INFO]: [java.lang.Throwable$WrappedPrintStream:println:748]: 	at net.minecraft.world.World.func_72870_g(World.java:2034)
[22:05:04] [Server thread/INFO]: [java.lang.Throwable$WrappedPrintStream:println:748]: 	at net.minecraft.world.World.func_72866_a(World.java:2129)
[22:05:04] [Server thread/INFO]: [java.lang.Throwable$WrappedPrintStream:println:748]: 	at net.minecraft.world.WorldServer.func_72866_a(WorldServer.java:648)
[22:05:04] [Server thread/INFO]: [java.lang.Throwable$WrappedPrintStream:println:748]: 	at net.minecraft.world.World.func_72870_g(World.java:2034)
[22:05:04] [Server thread/INFO]: [java.lang.Throwable$WrappedPrintStream:println:748]: 	at net.minecraft.world.World.func_72939_s(World.java:1887)
[22:05:04] [Server thread/INFO]: [java.lang.Throwable$WrappedPrintStream:println:748]: 	at net.minecraft.world.WorldServer.func_72939_s(WorldServer.java:489)
[22:05:04] [Server thread/INFO]: [java.lang.Throwable$WrappedPrintStream:println:748]: 	at net.minecraft.server.MinecraftServer.func_71190_q(MinecraftServer.java:636)
[22:05:04] [Server thread/INFO]: [java.lang.Throwable$WrappedPrintStream:println:748]: 	at net.minecraft.server.MinecraftServer.func_71217_p(MinecraftServer.java:547)
[22:05:04] [Server thread/INFO]: [java.lang.Throwable$WrappedPrintStream:println:748]: 	at net.minecraft.server.integrated.IntegratedServer.func_71217_p(IntegratedServer.java:111)
[22:05:04] [Server thread/INFO]: [java.lang.Throwable$WrappedPrintStream:println:748]: 	at net.minecraft.server.MinecraftServer.run(MinecraftServer.java:427)
[22:05:04] [Server thread/INFO]: [java.lang.Throwable$WrappedPrintStream:println:748]: 	at net.minecraft.server.MinecraftServer$2.run(MinecraftServer.java:685)
[22:05:04] [Server thread/INFO]: [java.lang.Throwable$WrappedPrintStream:println:748]: Caused by: javax.script.ScriptException: TypeError: jp.kaiz.kaizpatch.rtm.rail.TileEntityLargeRailSectionCore@3eea27f5 has no such function "getWorldObj" in <eval> at line number 4573
[22:05:04] [Server thread/INFO]: [java.lang.Throwable$WrappedPrintStream:println:748]: 	at jdk.nashorn.api.scripting.NashornScriptEngine.throwAsScriptException(NashornScriptEngine.java:455)
[22:05:04] [Server thread/INFO]: [java.lang.Throwable$WrappedPrintStream:println:748]: 	at jdk.nashorn.api.scripting.NashornScriptEngine.invokeImpl(NashornScriptEngine.java:387)
[22:05:04] [Server thread/INFO]: [java.lang.Throwable$WrappedPrintStream:println:748]: 	at jdk.nashorn.api.scripting.NashornScriptEngine.invokeFunction(NashornScriptEngine.java:187)
[22:05:04] [Server thread/INFO]: [java.lang.Throwable$WrappedPrintStream:println:748]: 	at jp.ngt.ngtlib.io.ScriptUtil.doScriptFunction(ScriptUtil.java:58)
[22:05:04] [Server thread/INFO]: [java.lang.Throwable$WrappedPrintStream:println:748]: 	... 21 more
[22:05:04] [Server thread/INFO]: [java.lang.Throwable$WrappedPrintStream:println:748]: Caused by: <eval>:4573 TypeError: jp.kaiz.kaizpatch.rtm.rail.TileEntityLargeRailSectionCore@3eea27f5 has no such function "getWorldObj"
[22:05:04] [Server thread/INFO]: [java.lang.Throwable$WrappedPrintStream:println:748]: 	at jdk.nashorn.internal.runtime.ECMAErrors.error(ECMAErrors.java:57)
[22:05:04] [Server thread/INFO]: [java.lang.Throwable$WrappedPrintStream:println:748]: 	at jdk.nashorn.internal.runtime.ECMAErrors.typeError(ECMAErrors.java:213)
[22:05:04] [Server thread/INFO]: [java.lang.Throwable$WrappedPrintStream:println:748]: 	at jdk.nashorn.internal.runtime.ECMAErrors.typeError(ECMAErrors.java:185)
[22:05:04] [Server thread/INFO]: [java.lang.Throwable$WrappedPrintStream:println:748]: 	at jdk.nashorn.internal.runtime.ECMAErrors.typeError(ECMAErrors.java:172)
[22:05:04] [Server thread/INFO]: [java.lang.Throwable$WrappedPrintStream:println:748]: 	at jdk.nashorn.internal.runtime.linker.NashornBottomLinker.linkBean(NashornBottomLinker.java:103)
[22:05:04] [Server thread/INFO]: [java.lang.Throwable$WrappedPrintStream:println:748]: 	at jdk.nashorn.internal.runtime.linker.NashornBottomLinker.getGuardedInvocation(NashornBottomLinker.java:71)
[22:05:04] [Server thread/INFO]: [java.lang.Throwable$WrappedPrintStream:println:748]: 	at jdk.internal.dynalink.support.CompositeGuardingDynamicLinker.getGuardedInvocation(CompositeGuardingDynamicLinker.java:124)
[22:05:04] [Server thread/INFO]: [java.lang.Throwable$WrappedPrintStream:println:748]: 	at jdk.internal.dynalink.support.LinkerServicesImpl.getGuardedInvocation(LinkerServicesImpl.java:149)
[22:05:04] [Server thread/INFO]: [java.lang.Throwable$WrappedPrintStream:println:748]: 	at jdk.internal.dynalink.DynamicLinker.relink(DynamicLinker.java:233)
[22:05:04] [Server thread/INFO]: [java.lang.Throwable$WrappedPrintStream:println:748]: 	at jdk.nashorn.internal.scripts.Script$Recompilation$7614$188583AAAAAAAA$\^eval\_.RTMX_loadCompatTarget_kaizpatch_scripts_superrailbuilderx_RailPositionCompat_1suqebq$L:4466$RailPositionCompat$moveSectionedRailPosition(<eval>:4573)
[22:05:04] [Server thread/INFO]: [java.lang.Throwable$WrappedPrintStream:println:748]: 	at jdk.nashorn.internal.scripts.Script$Recompilation$7610$187411AAAAAAAA$\^eval\_.RTMX_loadCompatTarget_kaizpatch_scripts_superrailbuilderx_RailPositionCompat_1suqebq$L:4466$RailPositionCompat$moveRailPosition(<eval>:4537)
[22:05:04] [Server thread/INFO]: [java.lang.Throwable$WrappedPrintStream:println:748]: 	at jdk.nashorn.internal.scripts.Script$Recompilation$7607$200380AA$\^eval\_.applyRequest(<eval>:4807)
[22:05:04] [Server thread/INFO]: [java.lang.Throwable$WrappedPrintStream:println:748]: 	at jdk.nashorn.internal.scripts.Script$Recompilation$7571$201151AA$\^eval\_.onUpdate(<eval>:4843)
[22:05:04] [Server thread/INFO]: [java.lang.Throwable$WrappedPrintStream:println:748]: 	at jdk.nashorn.internal.runtime.ScriptFunctionData.invoke(ScriptFunctionData.java:640)
[22:05:04] [Server thread/INFO]: [java.lang.Throwable$WrappedPrintStream:println:748]: 	at jdk.nashorn.internal.runtime.ScriptFunction.invoke(ScriptFunction.java:229)
[22:05:04] [Server thread/INFO]: [java.lang.Throwable$WrappedPrintStream:println:748]: 	at jdk.nashorn.internal.runtime.ScriptRuntime.apply(ScriptRuntime.java:387)
[22:05:04] [Server thread/INFO]: [java.lang.Throwable$WrappedPrintStream:println:748]: 	at jdk.nashorn.api.scripting.ScriptObjectMirror.callMember(ScriptObjectMirror.java:192)
[22:05:04] [Server thread/INFO]: [java.lang.Throwable$WrappedPrintStream:println:748]: 	at jdk.nashorn.api.scripting.NashornScriptEngine.invokeImpl(NashornScriptEngine.java:381)
[22:05:04] [Server thread/INFO]: [java.lang.Throwable$WrappedPrintStream:println:748]: 	... 23 more
[22:05:04] [Server thread/INFO]: [java.lang.Throwable$WrappedPrintStream:println:748]: java.lang.RuntimeException: Script exec error : onUpdate
[22:05:04] [Server thread/INFO]: [java.lang.Throwable$WrappedPrintStream:println:748]: 	at jp.ngt.ngtlib.io.ScriptUtil.doScriptFunction(ScriptUtil.java:60)
[22:05:04] [Server thread/INFO]: [java.lang.Throwable$WrappedPrintStream:println:748]: 	at jp.ngt.ngtlib.io.ScriptUtil.doScriptIgnoreError(ScriptUtil.java:66)
[22:05:04] [Server thread/INFO]: [java.lang.Throwable$WrappedPrintStream:println:748]: 	at jp.ngt.rtm.modelpack.ScriptExecuter.callMethod(ScriptExecuter.java:24)
[22:05:04] [Server thread/INFO]: [java.lang.Throwable$WrappedPrintStream:println:748]: 	at jp.ngt.rtm.modelpack.ScriptExecuter.execScript(ScriptExecuter.java:36)
[22:05:04] [Server thread/INFO]: [java.lang.Throwable$WrappedPrintStream:println:748]: 	at jp.ngt.rtm.modelpack.ScriptExecuter.execScript(ScriptExecuter.java:30)
[22:05:04] [Server thread/INFO]: [java.lang.Throwable$WrappedPrintStream:println:748]: 	at jp.ngt.rtm.entity.vehicle.EntityVehicleBase.onVehicleUpdate(EntityVehicleBase.java:203)
[22:05:04] [Server thread/INFO]: [java.lang.Throwable$WrappedPrintStream:println:748]: 	at jp.ngt.rtm.entity.vehicle.EntityVehicle.onVehicleUpdate(EntityVehicle.java:66)
[22:05:04] [Server thread/INFO]: [java.lang.Throwable$WrappedPrintStream:println:748]: 	at jp.ngt.rtm.entity.vehicle.EntityVehicleBase.func_70071_h_(EntityVehicleBase.java:168)
[22:05:04] [Server thread/INFO]: [java.lang.Throwable$WrappedPrintStream:println:748]: 	at net.minecraft.entity.Entity.func_70098_U(Entity.java:1579)
[22:05:04] [Server thread/INFO]: [java.lang.Throwable$WrappedPrintStream:println:748]: 	at net.minecraft.world.World.func_72866_a(World.java:2066)
[22:05:04] [Server thread/INFO]: [java.lang.Throwable$WrappedPrintStream:println:748]: 	at net.minecraft.world.WorldServer.func_72866_a(WorldServer.java:648)
[22:05:04] [Server thread/INFO]: [java.lang.Throwable$WrappedPrintStream:println:748]: 	at net.minecraft.world.World.func_72870_g(World.java:2034)
[22:05:04] [Server thread/INFO]: [java.lang.Throwable$WrappedPrintStream:println:748]: 	at net.minecraft.world.World.func_72866_a(World.java:2129)
[22:05:04] [Server thread/INFO]: [java.lang.Throwable$WrappedPrintStream:println:748]: 	at net.minecraft.world.WorldServer.func_72866_a(WorldServer.java:648)
[22:05:04] [Server thread/INFO]: [java.lang.Throwable$WrappedPrintStream:println:748]: 	at net.minecraft.world.World.func_72870_g(World.java:2034)
[22:05:04] [Server thread/INFO]: [java.lang.Throwable$WrappedPrintStream:println:748]: 	at net.minecraft.world.World.func_72939_s(World.java:1887)
[22:05:04] [Server thread/INFO]: [java.lang.Throwable$WrappedPrintStream:println:748]: 	at net.minecraft.world.WorldServer.func_72939_s(WorldServer.java:489)
[22:05:04] [Server thread/INFO]: [java.lang.Throwable$WrappedPrintStream:println:748]: 	at net.minecraft.server.MinecraftServer.func_71190_q(MinecraftServer.java:636)
[22:05:04] [Server thread/INFO]: [java.lang.Throwable$WrappedPrintStream:println:748]: 	at net.minecraft.server.MinecraftServer.func_71217_p(MinecraftServer.java:547)
[22:05:04] [Server thread/INFO]: [java.lang.Throwable$WrappedPrintStream:println:748]: 	at net.minecraft.server.integrated.IntegratedServer.func_71217_p(IntegratedServer.java:111)
[22:05:04] [Server thread/INFO]: [java.lang.Throwable$WrappedPrintStream:println:748]: 	at net.minecraft.server.MinecraftServer.run(MinecraftServer.java:427)
[22:05:04] [Server thread/INFO]: [java.lang.Throwable$WrappedPrintStream:println:748]: 	at net.minecraft.server.MinecraftServer$2.run(MinecraftServer.java:685)
[22:05:04] [Server thread/INFO]: [java.lang.Throwable$WrappedPrintStream:println:748]: Caused by: javax.script.ScriptException: TypeError: jp.kaiz.kaizpatch.rtm.rail.TileEntityLargeRailSectionCore@3eea27f5 has no such function "getWorldObj" in <eval> at line number 4573
[22:05:04] [Server thread/INFO]: [java.lang.Throwable$WrappedPrintStream:println:748]: 	at jdk.nashorn.api.scripting.NashornScriptEngine.throwAsScriptException(NashornScriptEngine.java:455)
[22:05:04] [Server thread/INFO]: [java.lang.Throwable$WrappedPrintStream:println:748]: 	at jdk.nashorn.api.scripting.NashornScriptEngine.invokeImpl(NashornScriptEngine.java:387)
[22:05:04] [Server thread/INFO]: [java.lang.Throwable$WrappedPrintStream:println:748]: 	at jdk.nashorn.api.scripting.NashornScriptEngine.invokeFunction(NashornScriptEngine.java:187)
[22:05:04] [Server thread/INFO]: [java.lang.Throwable$WrappedPrintStream:println:748]: 	at jp.ngt.ngtlib.io.ScriptUtil.doScriptFunction(ScriptUtil.java:58)
[22:05:04] [Server thread/INFO]: [java.lang.Throwable$WrappedPrintStream:println:748]: 	... 21 more
[22:05:04] [Server thread/INFO]: [java.lang.Throwable$WrappedPrintStream:println:748]: Caused by: <eval>:4573 TypeError: jp.kaiz.kaizpatch.rtm.rail.TileEntityLargeRailSectionCore@3eea27f5 has no such function "getWorldObj"
[22:05:04] [Server thread/INFO]: [java.lang.Throwable$WrappedPrintStream:println:748]: 	at jdk.nashorn.internal.runtime.ECMAErrors.error(ECMAErrors.java:57)
[22:05:04] [Server thread/INFO]: [java.lang.Throwable$WrappedPrintStream:println:748]: 	at jdk.nashorn.internal.runtime.ECMAErrors.typeError(ECMAErrors.java:213)
[22:05:04] [Server thread/INFO]: [java.lang.Throwable$WrappedPrintStream:println:748]: 	at jdk.nashorn.internal.runtime.ECMAErrors.typeError(ECMAErrors.java:185)
[22:05:04] [Server thread/INFO]: [java.lang.Throwable$WrappedPrintStream:println:748]: 	at jdk.nashorn.internal.runtime.ECMAErrors.typeError(ECMAErrors.java:172)
[22:05:04] [Server thread/INFO]: [java.lang.Throwable$WrappedPrintStream:println:748]: 	at jdk.nashorn.internal.runtime.linker.NashornBottomLinker.linkBean(NashornBottomLinker.java:103)
[22:05:04] [Server thread/INFO]: [java.lang.Throwable$WrappedPrintStream:println:748]: 	at jdk.nashorn.internal.runtime.linker.NashornBottomLinker.getGuardedInvocation(NashornBottomLinker.java:71)
[22:05:04] [Server thread/INFO]: [java.lang.Throwable$WrappedPrintStream:println:748]: 	at jdk.internal.dynalink.support.CompositeGuardingDynamicLinker.getGuardedInvocation(CompositeGuardingDynamicLinker.java:124)
[22:05:04] [Server thread/INFO]: [java.lang.Throwable$WrappedPrintStream:println:748]: 	at jdk.internal.dynalink.support.LinkerServicesImpl.getGuardedInvocation(LinkerServicesImpl.java:149)
[22:05:04] [Server thread/INFO]: [java.lang.Throwable$WrappedPrintStream:println:748]: 	at jdk.internal.dynalink.DynamicLinker.relink(DynamicLinker.java:233)
[22:05:04] [Server thread/INFO]: [java.lang.Throwable$WrappedPrintStream:println:748]: 	at jdk.nashorn.internal.scripts.Script$Recompilation$7614$188583AAAAAAAA$\^eval\_.RTMX_loadCompatTarget_kaizpatch_scripts_superrailbuilderx_RailPositionCompat_1suqebq$L:4466$RailPositionCompat$moveSectionedRailPosition(<eval>:4573)
[22:05:04] [Server thread/INFO]: [java.lang.Throwable$WrappedPrintStream:println:748]: 	at jdk.nashorn.internal.scripts.Script$Recompilation$7610$187411AAAAAAAA$\^eval\_.RTMX_loadCompatTarget_kaizpatch_scripts_superrailbuilderx_RailPositionCompat_1suqebq$L:4466$RailPositionCompat$moveRailPosition(<eval>:4537)
[22:05:04] [Server thread/INFO]: [java.lang.Throwable$WrappedPrintStream:println:748]: 	at jdk.nashorn.internal.scripts.Script$Recompilation$7607$200380AA$\^eval\_.applyRequest(<eval>:4807)
[22:05:04] [Server thread/INFO]: [java.lang.Throwable$WrappedPrintStream:println:748]: 	at jdk.nashorn.internal.scripts.Script$Recompilation$7571$201151AA$\^eval\_.onUpdate(<eval>:4843)
[22:05:04] [Server thread/INFO]: [java.lang.Throwable$WrappedPrintStream:println:748]: 	at jdk.nashorn.internal.runtime.ScriptFunctionData.invoke(ScriptFunctionData.java:640)
[22:05:04] [Server thread/INFO]: [java.lang.Throwable$WrappedPrintStream:println:748]: 	at jdk.nashorn.internal.runtime.ScriptFunction.invoke(ScriptFunction.java:229)
[22:05:04] [Server thread/INFO]: [java.lang.Throwable$WrappedPrintStream:println:748]: 	at jdk.nashorn.internal.runtime.ScriptRuntime.apply(ScriptRuntime.java:387)
[22:05:04] [Server thread/INFO]: [java.lang.Throwable$WrappedPrintStream:println:748]: 	at jdk.nashorn.api.scripting.ScriptObjectMirror.callMember(ScriptObjectMirror.java:192)
[22:05:04] [Server thread/INFO]: [java.lang.Throwable$WrappedPrintStream:println:748]: 	at jdk.nashorn.api.scripting.NashornScriptEngine.invokeImpl(NashornScriptEngine.java:381)
[22:05:04] [Server thread/INFO]: [java.lang.Throwable$WrappedPrintStream:println:748]: 	... 23 more
[22:05:04] [Server thread/INFO]: [java.lang.Throwable$WrappedPrintStream:println:748]: java.lang.RuntimeException: Script exec error : onUpdate
[22:05:04] [Server thread/INFO]: [java.lang.Throwable$WrappedPrintStream:println:748]: 	at jp.ngt.ngtlib.io.ScriptUtil.doScriptFunction(ScriptUtil.java:60)
[22:05:04] [Server thread/INFO]: [java.lang.Throwable$WrappedPrintStream:println:748]: 	at jp.ngt.ngtlib.io.ScriptUtil.doScriptIgnoreError(ScriptUtil.java:66)
[22:05:04] [Server thread/INFO]: [java.lang.Throwable$WrappedPrintStream:println:748]: 	at jp.ngt.rtm.modelpack.ScriptExecuter.callMethod(ScriptExecuter.java:24)
[22:05:04] [Server thread/INFO]: [java.lang.Throwable$WrappedPrintStream:println:748]: 	at jp.ngt.rtm.modelpack.ScriptExecuter.execScript(ScriptExecuter.java:36)
[22:05:04] [Server thread/INFO]: [java.lang.Throwable$WrappedPrintStream:println:748]: 	at jp.ngt.rtm.modelpack.ScriptExecuter.execScript(ScriptExecuter.java:30)
[22:05:04] [Server thread/INFO]: [java.lang.Throwable$WrappedPrintStream:println:748]: 	at jp.ngt.rtm.entity.vehicle.EntityVehicleBase.onVehicleUpdate(EntityVehicleBase.java:203)
[22:05:04] [Server thread/INFO]: [java.lang.Throwable$WrappedPrintStream:println:748]: 	at jp.ngt.rtm.entity.vehicle.EntityVehicle.onVehicleUpdate(EntityVehicle.java:66)
[22:05:04] [Server thread/INFO]: [java.lang.Throwable$WrappedPrintStream:println:748]: 	at jp.ngt.rtm.entity.vehicle.EntityVehicleBase.func_70071_h_(EntityVehicleBase.java:168)
[22:05:04] [Server thread/INFO]: [java.lang.Throwable$WrappedPrintStream:println:748]: 	at net.minecraft.entity.Entity.func_70098_U(Entity.java:1579)
[22:05:04] [Server thread/INFO]: [java.lang.Throwable$WrappedPrintStream:println:748]: 	at net.minecraft.world.World.func_72866_a(World.java:2066)
[22:05:04] [Server thread/INFO]: [java.lang.Throwable$WrappedPrintStream:println:748]: 	at net.minecraft.world.WorldServer.func_72866_a(WorldServer.java:648)
[22:05:04] [Server thread/INFO]: [java.lang.Throwable$WrappedPrintStream:println:748]: 	at net.minecraft.world.World.func_72870_g(World.java:2034)
[22:05:04] [Server thread/INFO]: [java.lang.Throwable$WrappedPrintStream:println:748]: 	at net.minecraft.world.World.func_72866_a(World.java:2129)
[22:05:04] [Server thread/INFO]: [java.lang.Throwable$WrappedPrintStream:println:748]: 	at net.minecraft.world.WorldServer.func_72866_a(WorldServer.java:648)
[22:05:04] [Server thread/INFO]: [java.lang.Throwable$WrappedPrintStream:println:748]: 	at net.minecraft.world.World.func_72870_g(World.java:2034)
[22:05:04] [Server thread/INFO]: [java.lang.Throwable$WrappedPrintStream:println:748]: 	at net.minecraft.world.World.func_72939_s(World.java:1887)
[22:05:04] [Server thread/INFO]: [java.lang.Throwable$WrappedPrintStream:println:748]: 	at net.minecraft.world.WorldServer.func_72939_s(WorldServer.java:489)
[22:05:04] [Server thread/INFO]: [java.lang.Throwable$WrappedPrintStream:println:748]: 	at net.minecraft.server.MinecraftServer.func_71190_q(MinecraftServer.java:636)
[22:05:04] [Server thread/INFO]: [java.lang.Throwable$WrappedPrintStream:println:748]: 	at net.minecraft.server.MinecraftServer.func_71217_p(MinecraftServer.java:547)
[22:05:04] [Server thread/INFO]: [java.lang.Throwable$WrappedPrintStream:println:748]: 	at net.minecraft.server.integrated.IntegratedServer.func_71217_p(IntegratedServer.java:111)
[22:05:04] [Server thread/INFO]: [java.lang.Throwable$WrappedPrintStream:println:748]: 	at net.minecraft.server.MinecraftServer.run(MinecraftServer.java:427)
[22:05:04] [Server thread/INFO]: [java.lang.Throwable$WrappedPrintStream:println:748]: 	at net.minecraft.server.MinecraftServer$2.run(MinecraftServer.java:685)
[22:05:04] [Server thread/INFO]: [java.lang.Throwable$WrappedPrintStream:println:748]: Caused by: javax.script.ScriptException: TypeError: jp.kaiz.kaizpatch.rtm.rail.TileEntityLargeRailSectionCore@3eea27f5 has no such function "getWorldObj" in <eval> at line number 4573
[22:05:04] [Server thread/INFO]: [java.lang.Throwable$WrappedPrintStream:println:748]: 	at jdk.nashorn.api.scripting.NashornScriptEngine.throwAsScriptException(NashornScriptEngine.java:455)
[22:05:04] [Server thread/INFO]: [java.lang.Throwable$WrappedPrintStream:println:748]: 	at jdk.nashorn.api.scripting.NashornScriptEngine.invokeImpl(NashornScriptEngine.java:387)
[22:05:04] [Server thread/INFO]: [java.lang.Throwable$WrappedPrintStream:println:748]: 	at jdk.nashorn.api.scripting.NashornScriptEngine.invokeFunction(NashornScriptEngine.java:187)
[22:05:04] [Server thread/INFO]: [java.lang.Throwable$WrappedPrintStream:println:748]: 	at jp.ngt.ngtlib.io.ScriptUtil.doScriptFunction(ScriptUtil.java:58)
[22:05:04] [Server thread/INFO]: [java.lang.Throwable$WrappedPrintStream:println:748]: 	... 21 more
[22:05:04] [Server thread/INFO]: [java.lang.Throwable$WrappedPrintStream:println:748]: Caused by: <eval>:4573 TypeError: jp.kaiz.kaizpatch.rtm.rail.TileEntityLargeRailSectionCore@3eea27f5 has no such function "getWorldObj"
[22:05:04] [Server thread/INFO]: [java.lang.Throwable$WrappedPrintStream:println:748]: 	at jdk.nashorn.internal.runtime.ECMAErrors.error(ECMAErrors.java:57)
[22:05:04] [Server thread/INFO]: [java.lang.Throwable$WrappedPrintStream:println:748]: 	at jdk.nashorn.internal.runtime.ECMAErrors.typeError(ECMAErrors.java:213)
[22:05:04] [Server thread/INFO]: [java.lang.Throwable$WrappedPrintStream:println:748]: 	at jdk.nashorn.internal.runtime.ECMAErrors.typeError(ECMAErrors.java:185)
[22:05:04] [Server thread/INFO]: [java.lang.Throwable$WrappedPrintStream:println:748]: 	at jdk.nashorn.internal.runtime.ECMAErrors.typeError(ECMAErrors.java:172)
[22:05:04] [Server thread/INFO]: [java.lang.Throwable$WrappedPrintStream:println:748]: 	at jdk.nashorn.internal.runtime.linker.NashornBottomLinker.linkBean(NashornBottomLinker.java:103)
[22:05:04] [Server thread/INFO]: [java.lang.Throwable$WrappedPrintStream:println:748]: 	at jdk.nashorn.internal.runtime.linker.NashornBottomLinker.getGuardedInvocation(NashornBottomLinker.java:71)
[22:05:04] [Server thread/INFO]: [java.lang.Throwable$WrappedPrintStream:println:748]: 	at jdk.internal.dynalink.support.CompositeGuardingDynamicLinker.getGuardedInvocation(CompositeGuardingDynamicLinker.java:124)
[22:05:04] [Server thread/INFO]: [java.lang.Throwable$WrappedPrintStream:println:748]: 	at jdk.internal.dynalink.support.LinkerServicesImpl.getGuardedInvocation(LinkerServicesImpl.java:149)
[22:05:04] [Server thread/INFO]: [java.lang.Throwable$WrappedPrintStream:println:748]: 	at jdk.internal.dynalink.DynamicLinker.relink(DynamicLinker.java:233)
[22:05:04] [Server thread/INFO]: [java.lang.Throwable$WrappedPrintStream:println:748]: 	at jdk.nashorn.internal.scripts.Script$Recompilation$7614$188583AAAAAAAA$\^eval\_.RTMX_loadCompatTarget_kaizpatch_scripts_superrailbuilderx_RailPositionCompat_1suqebq$L:4466$RailPositionCompat$moveSectionedRailPosition(<eval>:4573)
[22:05:04] [Server thread/INFO]: [java.lang.Throwable$WrappedPrintStream:println:748]: 	at jdk.nashorn.internal.scripts.Script$Recompilation$7610$187411AAAAAAAA$\^eval\_.RTMX_loadCompatTarget_kaizpatch_scripts_superrailbuilderx_RailPositionCompat_1suqebq$L:4466$RailPositionCompat$moveRailPosition(<eval>:4537)
[22:05:04] [Server thread/INFO]: [java.lang.Throwable$WrappedPrintStream:println:748]: 	at jdk.nashorn.internal.scripts.Script$Recompilation$7607$200380AA$\^eval\_.applyRequest(<eval>:4807)
[22:05:04] [Server thread/INFO]: [java.lang.Throwable$WrappedPrintStream:println:748]: 	at jdk.nashorn.internal.scripts.Script$Recompilation$7571$201151AA$\^eval\_.onUpdate(<eval>:4843)
[22:05:04] [Server thread/INFO]: [java.lang.Throwable$WrappedPrintStream:println:748]: 	at jdk.nashorn.internal.runtime.ScriptFunctionData.invoke(ScriptFunctionData.java:640)
[22:05:04] [Server thread/INFO]: [java.lang.Throwable$WrappedPrintStream:println:748]: 	at jdk.nashorn.internal.runtime.ScriptFunction.invoke(ScriptFunction.java:229)
[22:05:04] [Server thread/INFO]: [java.lang.Throwable$WrappedPrintStream:println:748]: 	at jdk.nashorn.internal.runtime.ScriptRuntime.apply(ScriptRuntime.java:387)
[22:05:04] [Server thread/INFO]: [java.lang.Throwable$WrappedPrintStream:println:748]: 	at jdk.nashorn.api.scripting.ScriptObjectMirror.callMember(ScriptObjectMirror.java:192)
[22:05:04] [Server thread/INFO]: [java.lang.Throwable$WrappedPrintStream:println:748]: 	at jdk.nashorn.api.scripting.NashornScriptEngine.invokeImpl(NashornScriptEngine.java:381)
[22:05:04] [Server thread/INFO]: [java.lang.Throwable$WrappedPrintStream:println:748]: 	... 23 more
[22:05:04] [Server thread/INFO]: Saving and pausing game...
[22:05:04] [Server thread/INFO]: Saving chunks for level '新規ワールド のコピー'/Overworld
[22:05:04] [Server thread/INFO]: Saving chunks for level '新規ワールド のコピー'/Nether
[22:05:04] [Server thread/INFO]: Saving chunks for level '新規ワールド のコピー'/The End
[22:05:05] [Server thread/INFO]: [java.lang.Throwable$WrappedPrintStream:println:748]: java.lang.RuntimeException: Script exec error : onUpdate
[22:05:05] [Server thread/INFO]: [java.lang.Throwable$WrappedPrintStream:println:748]: 	at jp.ngt.ngtlib.io.ScriptUtil.doScriptFunction(ScriptUtil.java:60)
[22:05:05] [Server thread/INFO]: [java.lang.Throwable$WrappedPrintStream:println:748]: 	at jp.ngt.ngtlib.io.ScriptUtil.doScriptIgnoreError(ScriptUtil.java:66)
[22:05:05] [Server thread/INFO]: [java.lang.Throwable$WrappedPrintStream:println:748]: 	at jp.ngt.rtm.modelpack.ScriptExecuter.callMethod(ScriptExecuter.java:24)
[22:05:05] [Server thread/INFO]: [java.lang.Throwable$WrappedPrintStream:println:748]: 	at jp.ngt.rtm.modelpack.ScriptExecuter.execScript(ScriptExecuter.java:36)
[22:05:05] [Server thread/INFO]: [java.lang.Throwable$WrappedPrintStream:println:748]: 	at jp.ngt.rtm.modelpack.ScriptExecuter.execScript(ScriptExecuter.java:30)
[22:05:05] [Server thread/INFO]: [java.lang.Throwable$WrappedPrintStream:println:748]: 	at jp.ngt.rtm.entity.vehicle.EntityVehicleBase.onVehicleUpdate(EntityVehicleBase.java:203)
[22:05:05] [Server thread/INFO]: [java.lang.Throwable$WrappedPrintStream:println:748]: 	at jp.ngt.rtm.entity.vehicle.EntityVehicle.onVehicleUpdate(EntityVehicle.java:66)
[22:05:05] [Server thread/INFO]: [java.lang.Throwable$WrappedPrintStream:println:748]: 	at jp.ngt.rtm.entity.vehicle.EntityVehicleBase.func_70071_h_(EntityVehicleBase.java:168)
[22:05:05] [Server thread/INFO]: [java.lang.Throwable$WrappedPrintStream:println:748]: 	at net.minecraft.entity.Entity.func_70098_U(Entity.java:1579)
[22:05:05] [Server thread/INFO]: [java.lang.Throwable$WrappedPrintStream:println:748]: 	at net.minecraft.world.World.func_72866_a(World.java:2066)
[22:05:05] [Server thread/INFO]: [java.lang.Throwable$WrappedPrintStream:println:748]: 	at net.minecraft.world.WorldServer.func_72866_a(WorldServer.java:648)
[22:05:05] [Server thread/INFO]: [java.lang.Throwable$WrappedPrintStream:println:748]: 	at net.minecraft.world.World.func_72870_g(World.java:2034)
[22:05:05] [Server thread/INFO]: [java.lang.Throwable$WrappedPrintStream:println:748]: 	at net.minecraft.world.World.func_72866_a(World.java:2129)
[22:05:05] [Server thread/INFO]: [java.lang.Throwable$WrappedPrintStream:println:748]: 	at net.minecraft.world.WorldServer.func_72866_a(WorldServer.java:648)
[22:05:05] [Server thread/INFO]: [java.lang.Throwable$WrappedPrintStream:println:748]: 	at net.minecraft.world.World.func_72870_g(World.java:2034)
[22:05:05] [Server thread/INFO]: [java.lang.Throwable$WrappedPrintStream:println:748]: 	at net.minecraft.world.World.func_72939_s(World.java:1887)
[22:05:05] [Server thread/INFO]: [java.lang.Throwable$WrappedPrintStream:println:748]: 	at net.minecraft.world.WorldServer.func_72939_s(WorldServer.java:489)
[22:05:05] [Server thread/INFO]: [java.lang.Throwable$WrappedPrintStream:println:748]: 	at net.minecraft.server.MinecraftServer.func_71190_q(MinecraftServer.java:636)
[22:05:05] [Server thread/INFO]: [java.lang.Throwable$WrappedPrintStream:println:748]: 	at net.minecraft.server.MinecraftServer.func_71217_p(MinecraftServer.java:547)
[22:05:05] [Server thread/INFO]: [java.lang.Throwable$WrappedPrintStream:println:748]: 	at net.minecraft.server.integrated.IntegratedServer.func_71217_p(IntegratedServer.java:111)
[22:05:05] [Server thread/INFO]: [java.lang.Throwable$WrappedPrintStream:println:748]: 	at net.minecraft.server.MinecraftServer.run(MinecraftServer.java:427)
[22:05:05] [Server thread/INFO]: [java.lang.Throwable$WrappedPrintStream:println:748]: 	at net.minecraft.server.MinecraftServer$2.run(MinecraftServer.java:685)
[22:05:05] [Server thread/INFO]: [java.lang.Throwable$WrappedPrintStream:println:748]: Caused by: javax.script.ScriptException: TypeError: jp.kaiz.kaizpatch.rtm.rail.TileEntityLargeRailSectionCore@3eea27f5 has no such function "getWorldObj" in <eval> at line number 4573
[22:05:05] [Server thread/INFO]: [java.lang.Throwable$WrappedPrintStream:println:748]: 	at jdk.nashorn.api.scripting.NashornScriptEngine.throwAsScriptException(NashornScriptEngine.java:455)
[22:05:05] [Server thread/INFO]: [java.lang.Throwable$WrappedPrintStream:println:748]: 	at jdk.nashorn.api.scripting.NashornScriptEngine.invokeImpl(NashornScriptEngine.java:387)
[22:05:05] [Server thread/INFO]: [java.lang.Throwable$WrappedPrintStream:println:748]: 	at jdk.nashorn.api.scripting.NashornScriptEngine.invokeFunction(NashornScriptEngine.java:187)
[22:05:05] [Server thread/INFO]: [java.lang.Throwable$WrappedPrintStream:println:748]: 	at jp.ngt.ngtlib.io.ScriptUtil.doScriptFunction(ScriptUtil.java:58)
[22:05:05] [Server thread/INFO]: [java.lang.Throwable$WrappedPrintStream:println:748]: 	... 21 more
[22:05:05] [Server thread/INFO]: [java.lang.Throwable$WrappedPrintStream:println:748]: Caused by: <eval>:4573 TypeError: jp.kaiz.kaizpatch.rtm.rail.TileEntityLargeRailSectionCore@3eea27f5 has no such function "getWorldObj"
[22:05:05] [Server thread/INFO]: [java.lang.Throwable$WrappedPrintStream:println:748]: 	at jdk.nashorn.internal.runtime.ECMAErrors.error(ECMAErrors.java:57)
[22:05:05] [Server thread/INFO]: [java.lang.Throwable$WrappedPrintStream:println:748]: 	at jdk.nashorn.internal.runtime.ECMAErrors.typeError(ECMAErrors.java:213)
[22:05:05] [Server thread/INFO]: [java.lang.Throwable$WrappedPrintStream:println:748]: 	at jdk.nashorn.internal.runtime.ECMAErrors.typeError(ECMAErrors.java:185)
[22:05:05] [Server thread/INFO]: [java.lang.Throwable$WrappedPrintStream:println:748]: 	at jdk.nashorn.internal.runtime.ECMAErrors.typeError(ECMAErrors.java:172)
[22:05:05] [Server thread/INFO]: [java.lang.Throwable$WrappedPrintStream:println:748]: 	at jdk.nashorn.internal.runtime.linker.NashornBottomLinker.linkBean(NashornBottomLinker.java:103)
[22:05:05] [Server thread/INFO]: [java.lang.Throwable$WrappedPrintStream:println:748]: 	at jdk.nashorn.internal.runtime.linker.NashornBottomLinker.getGuardedInvocation(NashornBottomLinker.java:71)
[22:05:05] [Server thread/INFO]: [java.lang.Throwable$WrappedPrintStream:println:748]: 	at jdk.internal.dynalink.support.CompositeGuardingDynamicLinker.getGuardedInvocation(CompositeGuardingDynamicLinker.java:124)
[22:05:05] [Server thread/INFO]: [java.lang.Throwable$WrappedPrintStream:println:748]: 	at jdk.internal.dynalink.support.LinkerServicesImpl.getGuardedInvocation(LinkerServicesImpl.java:149)
[22:05:05] [Server thread/INFO]: [java.lang.Throwable$WrappedPrintStream:println:748]: 	at jdk.internal.dynalink.DynamicLinker.relink(DynamicLinker.java:233)
[22:05:05] [Server thread/INFO]: [java.lang.Throwable$WrappedPrintStream:println:748]: 	at jdk.nashorn.internal.scripts.Script$Recompilation$7614$188583AAAAAAAA$\^eval\_.RTMX_loadCompatTarget_kaizpatch_scripts_superrailbuilderx_RailPositionCompat_1suqebq$L:4466$RailPositionCompat$moveSectionedRailPosition(<eval>:4573)
[22:05:05] [Server thread/INFO]: [java.lang.Throwable$WrappedPrintStream:println:748]: 	at jdk.nashorn.internal.scripts.Script$Recompilation$7610$187411AAAAAAAA$\^eval\_.RTMX_loadCompatTarget_kaizpatch_scripts_superrailbuilderx_RailPositionCompat_1suqebq$L:4466$RailPositionCompat$moveRailPosition(<eval>:4537)
[22:05:05] [Server thread/INFO]: [java.lang.Throwable$WrappedPrintStream:println:748]: 	at jdk.nashorn.internal.scripts.Script$Recompilation$7607$200380AA$\^eval\_.applyRequest(<eval>:4807)
[22:05:05] [Server thread/INFO]: [java.lang.Throwable$WrappedPrintStream:println:748]: 	at jdk.nashorn.internal.scripts.Script$Recompilation$7571$201151AA$\^eval\_.onUpdate(<eval>:4843)
[22:05:05] [Server thread/INFO]: [java.lang.Throwable$WrappedPrintStream:println:748]: 	at jdk.nashorn.internal.runtime.ScriptFunctionData.invoke(ScriptFunctionData.java:640)
[22:05:05] [Server thread/INFO]: [java.lang.Throwable$WrappedPrintStream:println:748]: 	at jdk.nashorn.internal.runtime.ScriptFunction.invoke(ScriptFunction.java:229)
[22:05:05] [Server thread/INFO]: [java.lang.Throwable$WrappedPrintStream:println:748]: 	at jdk.nashorn.internal.runtime.ScriptRuntime.apply(ScriptRuntime.java:387)
[22:05:05] [Server thread/INFO]: [java.lang.Throwable$WrappedPrintStream:println:748]: 	at jdk.nashorn.api.scripting.ScriptObjectMirror.callMember(ScriptObjectMirror.java:192)
[22:05:05] [Server thread/INFO]: [java.lang.Throwable$WrappedPrintStream:println:748]: 	at jdk.nashorn.api.scripting.NashornScriptEngine.invokeImpl(NashornScriptEngine.java:381)
[22:05:05] [Server thread/INFO]: [java.lang.Throwable$WrappedPrintStream:println:748]: 	... 23 more
[22:05:05] [Server thread/INFO]: [java.lang.Throwable$WrappedPrintStream:println:748]: java.lang.RuntimeException: Script exec error : onUpdate
[22:05:05] [Server thread/INFO]: [java.lang.Throwable$WrappedPrintStream:println:748]: 	at jp.ngt.ngtlib.io.ScriptUtil.doScriptFunction(ScriptUtil.java:60)
[22:05:05] [Server thread/INFO]: [java.lang.Throwable$WrappedPrintStream:println:748]: 	at jp.ngt.ngtlib.io.ScriptUtil.doScriptIgnoreError(ScriptUtil.java:66)
[22:05:05] [Server thread/INFO]: [java.lang.Throwable$WrappedPrintStream:println:748]: 	at jp.ngt.rtm.modelpack.ScriptExecuter.callMethod(ScriptExecuter.java:24)
[22:05:05] [Server thread/INFO]: [java.lang.Throwable$WrappedPrintStream:println:748]: 	at jp.ngt.rtm.modelpack.ScriptExecuter.execScript(ScriptExecuter.java:36)
[22:05:05] [Server thread/INFO]: [java.lang.Throwable$WrappedPrintStream:println:748]: 	at jp.ngt.rtm.modelpack.ScriptExecuter.execScript(ScriptExecuter.java:30)
[22:05:05] [Server thread/INFO]: [java.lang.Throwable$WrappedPrintStream:println:748]: 	at jp.ngt.rtm.entity.vehicle.EntityVehicleBase.onVehicleUpdate(EntityVehicleBase.java:203)
[22:05:05] [Server thread/INFO]: [java.lang.Throwable$WrappedPrintStream:println:748]: 	at jp.ngt.rtm.entity.vehicle.EntityVehicle.onVehicleUpdate(EntityVehicle.java:66)
[22:05:05] [Server thread/INFO]: [java.lang.Throwable$WrappedPrintStream:println:748]: 	at jp.ngt.rtm.entity.vehicle.EntityVehicleBase.func_70071_h_(EntityVehicleBase.java:168)
[22:05:05] [Server thread/INFO]: [java.lang.Throwable$WrappedPrintStream:println:748]: 	at net.minecraft.entity.Entity.func_70098_U(Entity.java:1579)
[22:05:05] [Server thread/INFO]: [java.lang.Throwable$WrappedPrintStream:println:748]: 	at net.minecraft.world.World.func_72866_a(World.java:2066)
[22:05:05] [Server thread/INFO]: [java.lang.Throwable$WrappedPrintStream:println:748]: 	at net.minecraft.world.WorldServer.func_72866_a(WorldServer.java:648)
[22:05:05] [Server thread/INFO]: [java.lang.Throwable$WrappedPrintStream:println:748]: 	at net.minecraft.world.World.func_72870_g(World.java:2034)
[22:05:05] [Server thread/INFO]: [java.lang.Throwable$WrappedPrintStream:println:748]: 	at net.minecraft.world.World.func_72866_a(World.java:2129)
[22:05:05] [Server thread/INFO]: [java.lang.Throwable$WrappedPrintStream:println:748]: 	at net.minecraft.world.WorldServer.func_72866_a(WorldServer.java:648)
[22:05:05] [Server thread/INFO]: [java.lang.Throwable$WrappedPrintStream:println:748]: 	at net.minecraft.world.World.func_72870_g(World.java:2034)
[22:05:05] [Server thread/INFO]: [java.lang.Throwable$WrappedPrintStream:println:748]: 	at net.minecraft.world.World.func_72939_s(World.java:1887)
[22:05:05] [Server thread/INFO]: [java.lang.Throwable$WrappedPrintStream:println:748]: 	at net.minecraft.world.WorldServer.func_72939_s(WorldServer.java:489)
[22:05:05] [Server thread/INFO]: [java.lang.Throwable$WrappedPrintStream:println:748]: 	at net.minecraft.server.MinecraftServer.func_71190_q(MinecraftServer.java:636)
[22:05:05] [Server thread/INFO]: [java.lang.Throwable$WrappedPrintStream:println:748]: 	at net.minecraft.server.MinecraftServer.func_71217_p(MinecraftServer.java:547)
[22:05:05] [Server thread/INFO]: [java.lang.Throwable$WrappedPrintStream:println:748]: 	at net.minecraft.server.integrated.IntegratedServer.func_71217_p(IntegratedServer.java:111)
[22:05:05] [Server thread/INFO]: [java.lang.Throwable$WrappedPrintStream:println:748]: 	at net.minecraft.server.MinecraftServer.run(MinecraftServer.java:427)
[22:05:05] [Server thread/INFO]: [java.lang.Throwable$WrappedPrintStream:println:748]: 	at net.minecraft.server.MinecraftServer$2.run(MinecraftServer.java:685)
[22:05:05] [Server thread/INFO]: [java.lang.Throwable$WrappedPrintStream:println:748]: Caused by: javax.script.ScriptException: TypeError: jp.kaiz.kaizpatch.rtm.rail.TileEntityLargeRailSectionCore@3eea27f5 has no such function "getWorldObj" in <eval> at line number 4573
[22:05:05] [Server thread/INFO]: [java.lang.Throwable$WrappedPrintStream:println:748]: 	at jdk.nashorn.api.scripting.NashornScriptEngine.throwAsScriptException(NashornScriptEngine.java:455)
[22:05:05] [Server thread/INFO]: [java.lang.Throwable$WrappedPrintStream:println:748]: 	at jdk.nashorn.api.scripting.NashornScriptEngine.invokeImpl(NashornScriptEngine.java:387)
[22:05:05] [Server thread/INFO]: [java.lang.Throwable$WrappedPrintStream:println:748]: 	at jdk.nashorn.api.scripting.NashornScriptEngine.invokeFunction(NashornScriptEngine.java:187)
[22:05:05] [Server thread/INFO]: [java.lang.Throwable$WrappedPrintStream:println:748]: 	at jp.ngt.ngtlib.io.ScriptUtil.doScriptFunction(ScriptUtil.java:58)
[22:05:05] [Server thread/INFO]: [java.lang.Throwable$WrappedPrintStream:println:748]: 	... 21 more
[22:05:05] [Server thread/INFO]: [java.lang.Throwable$WrappedPrintStream:println:748]: Caused by: <eval>:4573 TypeError: jp.kaiz.kaizpatch.rtm.rail.TileEntityLargeRailSectionCore@3eea27f5 has no such function "getWorldObj"
[22:05:05] [Server thread/INFO]: [java.lang.Throwable$WrappedPrintStream:println:748]: 	at jdk.nashorn.internal.runtime.ECMAErrors.error(ECMAErrors.java:57)
[22:05:05] [Server thread/INFO]: [java.lang.Throwable$WrappedPrintStream:println:748]: 	at jdk.nashorn.internal.runtime.ECMAErrors.typeError(ECMAErrors.java:213)
[22:05:05] [Server thread/INFO]: [java.lang.Throwable$WrappedPrintStream:println:748]: 	at jdk.nashorn.internal.runtime.ECMAErrors.typeError(ECMAErrors.java:185)
[22:05:05] [Server thread/INFO]: [java.lang.Throwable$WrappedPrintStream:println:748]: 	at jdk.nashorn.internal.runtime.ECMAErrors.typeError(ECMAErrors.java:172)
[22:05:05] [Server thread/INFO]: [java.lang.Throwable$WrappedPrintStream:println:748]: 	at jdk.nashorn.internal.runtime.linker.NashornBottomLinker.linkBean(NashornBottomLinker.java:103)
[22:05:05] [Server thread/INFO]: [java.lang.Throwable$WrappedPrintStream:println:748]: 	at jdk.nashorn.internal.runtime.linker.NashornBottomLinker.getGuardedInvocation(NashornBottomLinker.java:71)
[22:05:05] [Server thread/INFO]: [java.lang.Throwable$WrappedPrintStream:println:748]: 	at jdk.internal.dynalink.support.CompositeGuardingDynamicLinker.getGuardedInvocation(CompositeGuardingDynamicLinker.java:124)
[22:05:05] [Server thread/INFO]: [java.lang.Throwable$WrappedPrintStream:println:748]: 	at jdk.internal.dynalink.support.LinkerServicesImpl.getGuardedInvocation(LinkerServicesImpl.java:149)
[22:05:05] [Server thread/INFO]: [java.lang.Throwable$WrappedPrintStream:println:748]: 	at jdk.internal.dynalink.DynamicLinker.relink(DynamicLinker.java:233)
[22:05:05] [Server thread/INFO]: [java.lang.Throwable$WrappedPrintStream:println:748]: 	at jdk.nashorn.internal.scripts.Script$Recompilation$7614$188583AAAAAAAA$\^eval\_.RTMX_loadCompatTarget_kaizpatch_scripts_superrailbuilderx_RailPositionCompat_1suqebq$L:4466$RailPositionCompat$moveSectionedRailPosition(<eval>:4573)
[22:05:05] [Server thread/INFO]: [java.lang.Throwable$WrappedPrintStream:println:748]: 	at jdk.nashorn.internal.scripts.Script$Recompilation$7610$187411AAAAAAAA$\^eval\_.RTMX_loadCompatTarget_kaizpatch_scripts_superrailbuilderx_RailPositionCompat_1suqebq$L:4466$RailPositionCompat$moveRailPosition(<eval>:4537)
[22:05:05] [Server thread/INFO]: [java.lang.Throwable$WrappedPrintStream:println:748]: 	at jdk.nashorn.internal.scripts.Script$Recompilation$7607$200380AA$\^eval\_.applyRequest(<eval>:4807)
[22:05:05] [Server thread/INFO]: [java.lang.Throwable$WrappedPrintStream:println:748]: 	at jdk.nashorn.internal.scripts.Script$Recompilation$7571$201151AA$\^eval\_.onUpdate(<eval>:4843)
[22:05:05] [Server thread/INFO]: [java.lang.Throwable$WrappedPrintStream:println:748]: 	at jdk.nashorn.internal.runtime.ScriptFunctionData.invoke(ScriptFunctionData.java:640)
[22:05:05] [Server thread/INFO]: [java.lang.Throwable$WrappedPrintStream:println:748]: 	at jdk.nashorn.internal.runtime.ScriptFunction.invoke(ScriptFunction.java:229)
[22:05:05] [Server thread/INFO]: [java.lang.Throwable$WrappedPrintStream:println:748]: 	at jdk.nashorn.internal.runtime.ScriptRuntime.apply(ScriptRuntime.java:387)
[22:05:05] [Server thread/INFO]: [java.lang.Throwable$WrappedPrintStream:println:748]: 	at jdk.nashorn.api.scripting.ScriptObjectMirror.callMember(ScriptObjectMirror.java:192)
[22:05:05] [Server thread/INFO]: [java.lang.Throwable$WrappedPrintStream:println:748]: 	at jdk.nashorn.api.scripting.NashornScriptEngine.invokeImpl(NashornScriptEngine.java:381)
[22:05:05] [Server thread/INFO]: [java.lang.Throwable$WrappedPrintStream:println:748]: 	... 23 more
[22:05:05] [Server thread/INFO]: [java.lang.Throwable$WrappedPrintStream:println:748]: java.lang.RuntimeException: Script exec error : onUpdate
[22:05:05] [Server thread/INFO]: [java.lang.Throwable$WrappedPrintStream:println:748]: 	at jp.ngt.ngtlib.io.ScriptUtil.doScriptFunction(ScriptUtil.java:60)
[22:05:05] [Server thread/INFO]: [java.lang.Throwable$WrappedPrintStream:println:748]: 	at jp.ngt.ngtlib.io.ScriptUtil.doScriptIgnoreError(ScriptUtil.java:66)
[22:05:05] [Server thread/INFO]: [java.lang.Throwable$WrappedPrintStream:println:748]: 	at jp.ngt.rtm.modelpack.ScriptExecuter.callMethod(ScriptExecuter.java:24)
[22:05:05] [Server thread/INFO]: [java.lang.Throwable$WrappedPrintStream:println:748]: 	at jp.ngt.rtm.modelpack.ScriptExecuter.execScript(ScriptExecuter.java:36)
[22:05:05] [Server thread/INFO]: [java.lang.Throwable$WrappedPrintStream:println:748]: 	at jp.ngt.rtm.modelpack.ScriptExecuter.execScript(ScriptExecuter.java:30)
[22:05:05] [Server thread/INFO]: [java.lang.Throwable$WrappedPrintStream:println:748]: 	at jp.ngt.rtm.entity.vehicle.EntityVehicleBase.onVehicleUpdate(EntityVehicleBase.java:203)
[22:05:05] [Server thread/INFO]: [java.lang.Throwable$WrappedPrintStream:println:748]: 	at jp.ngt.rtm.entity.vehicle.EntityVehicle.onVehicleUpdate(EntityVehicle.java:66)
[22:05:05] [Server thread/INFO]: [java.lang.Throwable$WrappedPrintStream:println:748]: 	at jp.ngt.rtm.entity.vehicle.EntityVehicleBase.func_70071_h_(EntityVehicleBase.java:168)
[22:05:05] [Server thread/INFO]: [java.lang.Throwable$WrappedPrintStream:println:748]: 	at net.minecraft.entity.Entity.func_70098_U(Entity.java:1579)
[22:05:05] [Server thread/INFO]: [java.lang.Throwable$WrappedPrintStream:println:748]: 	at net.minecraft.world.World.func_72866_a(World.java:2066)
[22:05:05] [Server thread/INFO]: [java.lang.Throwable$WrappedPrintStream:println:748]: 	at net.minecraft.world.WorldServer.func_72866_a(WorldServer.java:648)
[22:05:05] [Server thread/INFO]: [java.lang.Throwable$WrappedPrintStream:println:748]: 	at net.minecraft.world.World.func_72870_g(World.java:2034)
[22:05:05] [Server thread/INFO]: [java.lang.Throwable$WrappedPrintStream:println:748]: 	at net.minecraft.world.World.func_72866_a(World.java:2129)
[22:05:05] [Server thread/INFO]: [java.lang.Throwable$WrappedPrintStream:println:748]: 	at net.minecraft.world.WorldServer.func_72866_a(WorldServer.java:648)
[22:05:05] [Server thread/INFO]: [java.lang.Throwable$WrappedPrintStream:println:748]: 	at net.minecraft.world.World.func_72870_g(World.java:2034)
[22:05:05] [Server thread/INFO]: [java.lang.Throwable$WrappedPrintStream:println:748]: 	at net.minecraft.world.World.func_72939_s(World.java:1887)
[22:05:05] [Server thread/INFO]: [java.lang.Throwable$WrappedPrintStream:println:748]: 	at net.minecraft.world.WorldServer.func_72939_s(WorldServer.java:489)
[22:05:05] [Server thread/INFO]: [java.lang.Throwable$WrappedPrintStream:println:748]: 	at net.minecraft.server.MinecraftServer.func_71190_q(MinecraftServer.java:636)
[22:05:05] [Server thread/INFO]: [java.lang.Throwable$WrappedPrintStream:println:748]: 	at net.minecraft.server.MinecraftServer.func_71217_p(MinecraftServer.java:547)
[22:05:05] [Server thread/INFO]: [java.lang.Throwable$WrappedPrintStream:println:748]: 	at net.minecraft.server.integrated.IntegratedServer.func_71217_p(IntegratedServer.java:111)
[22:05:05] [Server thread/INFO]: [java.lang.Throwable$WrappedPrintStream:println:748]: 	at net.minecraft.server.MinecraftServer.run(MinecraftServer.java:427)
[22:05:05] [Server thread/INFO]: [java.lang.Throwable$WrappedPrintStream:println:748]: 	at net.minecraft.server.MinecraftServer$2.run(MinecraftServer.java:685)
[22:05:05] [Server thread/INFO]: [java.lang.Throwable$WrappedPrintStream:println:748]: Caused by: javax.script.ScriptException: TypeError: jp.kaiz.kaizpatch.rtm.rail.TileEntityLargeRailSectionCore@3eea27f5 has no such function "getWorldObj" in <eval> at line number 4573
[22:05:05] [Server thread/INFO]: [java.lang.Throwable$WrappedPrintStream:println:748]: 	at jdk.nashorn.api.scripting.NashornScriptEngine.throwAsScriptException(NashornScriptEngine.java:455)
[22:05:05] [Server thread/INFO]: [java.lang.Throwable$WrappedPrintStream:println:748]: 	at jdk.nashorn.api.scripting.NashornScriptEngine.invokeImpl(NashornScriptEngine.java:387)
[22:05:05] [Server thread/INFO]: [java.lang.Throwable$WrappedPrintStream:println:748]: 	at jdk.nashorn.api.scripting.NashornScriptEngine.invokeFunction(NashornScriptEngine.java:187)
[22:05:05] [Server thread/INFO]: [java.lang.Throwable$WrappedPrintStream:println:748]: 	at jp.ngt.ngtlib.io.ScriptUtil.doScriptFunction(ScriptUtil.java:58)
[22:05:05] [Server thread/INFO]: [java.lang.Throwable$WrappedPrintStream:println:748]: 	... 21 more
[22:05:05] [Server thread/INFO]: [java.lang.Throwable$WrappedPrintStream:println:748]: Caused by: <eval>:4573 TypeError: jp.kaiz.kaizpatch.rtm.rail.TileEntityLargeRailSectionCore@3eea27f5 has no such function "getWorldObj"
[22:05:05] [Server thread/INFO]: [java.lang.Throwable$WrappedPrintStream:println:748]: 	at jdk.nashorn.internal.runtime.ECMAErrors.error(ECMAErrors.java:57)
[22:05:05] [Server thread/INFO]: [java.lang.Throwable$WrappedPrintStream:println:748]: 	at jdk.nashorn.internal.runtime.ECMAErrors.typeError(ECMAErrors.java:213)
[22:05:05] [Server thread/INFO]: [java.lang.Throwable$WrappedPrintStream:println:748]: 	at jdk.nashorn.internal.runtime.ECMAErrors.typeError(ECMAErrors.java:185)
[22:05:05] [Server thread/INFO]: [java.lang.Throwable$WrappedPrintStream:println:748]: 	at jdk.nashorn.internal.runtime.ECMAErrors.typeError(ECMAErrors.java:172)
[22:05:05] [Server thread/INFO]: [java.lang.Throwable$WrappedPrintStream:println:748]: 	at jdk.nashorn.internal.runtime.linker.NashornBottomLinker.linkBean(NashornBottomLinker.java:103)
[22:05:05] [Server thread/INFO]: [java.lang.Throwable$WrappedPrintStream:println:748]: 	at jdk.nashorn.internal.runtime.linker.NashornBottomLinker.getGuardedInvocation(NashornBottomLinker.java:71)
[22:05:05] [Server thread/INFO]: [java.lang.Throwable$WrappedPrintStream:println:748]: 	at jdk.internal.dynalink.support.CompositeGuardingDynamicLinker.getGuardedInvocation(CompositeGuardingDynamicLinker.java:124)
[22:05:05] [Server thread/INFO]: [java.lang.Throwable$WrappedPrintStream:println:748]: 	at jdk.internal.dynalink.support.LinkerServicesImpl.getGuardedInvocation(LinkerServicesImpl.java:149)
[22:05:05] [Server thread/INFO]: [java.lang.Throwable$WrappedPrintStream:println:748]: 	at jdk.internal.dynalink.DynamicLinker.relink(DynamicLinker.java:233)
[22:05:05] [Server thread/INFO]: [java.lang.Throwable$WrappedPrintStream:println:748]: 	at jdk.nashorn.internal.scripts.Script$Recompilation$7614$188583AAAAAAAA$\^eval\_.RTMX_loadCompatTarget_kaizpatch_scripts_superrailbuilderx_RailPositionCompat_1suqebq$L:4466$RailPositionCompat$moveSectionedRailPosition(<eval>:4573)
[22:05:05] [Server thread/INFO]: [java.lang.Throwable$WrappedPrintStream:println:748]: 	at jdk.nashorn.internal.scripts.Script$Recompilation$7610$187411AAAAAAAA$\^eval\_.RTMX_loadCompatTarget_kaizpatch_scripts_superrailbuilderx_RailPositionCompat_1suqebq$L:4466$RailPositionCompat$moveRailPosition(<eval>:4537)
[22:05:05] [Server thread/INFO]: [java.lang.Throwable$WrappedPrintStream:println:748]: 	at jdk.nashorn.internal.scripts.Script$Recompilation$7607$200380AA$\^eval\_.applyRequest(<eval>:4807)
[22:05:05] [Server thread/INFO]: [java.lang.Throwable$WrappedPrintStream:println:748]: 	at jdk.nashorn.internal.scripts.Script$Recompilation$7571$201151AA$\^eval\_.onUpdate(<eval>:4843)
[22:05:05] [Server thread/INFO]: [java.lang.Throwable$WrappedPrintStream:println:748]: 	at jdk.nashorn.internal.runtime.ScriptFunctionData.invoke(ScriptFunctionData.java:640)
[22:05:05] [Server thread/INFO]: [java.lang.Throwable$WrappedPrintStream:println:748]: 	at jdk.nashorn.internal.runtime.ScriptFunction.invoke(ScriptFunction.java:229)
[22:05:05] [Server thread/INFO]: [java.lang.Throwable$WrappedPrintStream:println:748]: 	at jdk.nashorn.internal.runtime.ScriptRuntime.apply(ScriptRuntime.java:387)
[22:05:05] [Server thread/INFO]: [java.lang.Throwable$WrappedPrintStream:println:748]: 	at jdk.nashorn.api.scripting.ScriptObjectMirror.callMember(ScriptObjectMirror.java:192)
[22:05:05] [Server thread/INFO]: [java.lang.Throwable$WrappedPrintStream:println:748]: 	at jdk.nashorn.api.scripting.NashornScriptEngine.invokeImpl(NashornScriptEngine.java:381)
[22:05:05] [Server thread/INFO]: [java.lang.Throwable$WrappedPrintStream:println:748]: 	... 23 more
[22:05:05] [Server thread/INFO]: [java.lang.Throwable$WrappedPrintStream:println:748]: java.lang.RuntimeException: Script exec error : onUpdate
[22:05:05] [Server thread/INFO]: [java.lang.Throwable$WrappedPrintStream:println:748]: 	at jp.ngt.ngtlib.io.ScriptUtil.doScriptFunction(ScriptUtil.java:60)
[22:05:05] [Server thread/INFO]: [java.lang.Throwable$WrappedPrintStream:println:748]: 	at jp.ngt.ngtlib.io.ScriptUtil.doScriptIgnoreError(ScriptUtil.java:66)
[22:05:05] [Server thread/INFO]: [java.lang.Throwable$WrappedPrintStream:println:748]: 	at jp.ngt.rtm.modelpack.ScriptExecuter.callMethod(ScriptExecuter.java:24)
[22:05:05] [Server thread/INFO]: [java.lang.Throwable$WrappedPrintStream:println:748]: 	at jp.ngt.rtm.modelpack.ScriptExecuter.execScript(ScriptExecuter.java:36)
[22:05:05] [Server thread/INFO]: [java.lang.Throwable$WrappedPrintStream:println:748]: 	at jp.ngt.rtm.modelpack.ScriptExecuter.execScript(ScriptExecuter.java:30)
[22:05:05] [Server thread/INFO]: [java.lang.Throwable$WrappedPrintStream:println:748]: 	at jp.ngt.rtm.entity.vehicle.EntityVehicleBase.onVehicleUpdate(EntityVehicleBase.java:203)
[22:05:05] [Server thread/INFO]: [java.lang.Throwable$WrappedPrintStream:println:748]: 	at jp.ngt.rtm.entity.vehicle.EntityVehicle.onVehicleUpdate(EntityVehicle.java:66)
[22:05:05] [Server thread/INFO]: [java.lang.Throwable$WrappedPrintStream:println:748]: 	at jp.ngt.rtm.entity.vehicle.EntityVehicleBase.func_70071_h_(EntityVehicleBase.java:168)
[22:05:05] [Server thread/INFO]: [java.lang.Throwable$WrappedPrintStream:println:748]: 	at net.minecraft.entity.Entity.func_70098_U(Entity.java:1579)
[22:05:05] [Server thread/INFO]: [java.lang.Throwable$WrappedPrintStream:println:748]: 	at net.minecraft.world.World.func_72866_a(World.java:2066)
[22:05:05] [Server thread/INFO]: [java.lang.Throwable$WrappedPrintStream:println:748]: 	at net.minecraft.world.WorldServer.func_72866_a(WorldServer.java:648)
[22:05:05] [Server thread/INFO]: [java.lang.Throwable$WrappedPrintStream:println:748]: 	at net.minecraft.world.World.func_72870_g(World.java:2034)
[22:05:05] [Server thread/INFO]: [java.lang.Throwable$WrappedPrintStream:println:748]: 	at net.minecraft.world.World.func_72866_a(World.java:2129)
[22:05:05] [Server thread/INFO]: [java.lang.Throwable$WrappedPrintStream:println:748]: 	at net.minecraft.world.WorldServer.func_72866_a(WorldServer.java:648)
[22:05:05] [Server thread/INFO]: [java.lang.Throwable$WrappedPrintStream:println:748]: 	at net.minecraft.world.World.func_72870_g(World.java:2034)
[22:05:05] [Server thread/INFO]: [java.lang.Throwable$WrappedPrintStream:println:748]: 	at net.minecraft.world.World.func_72939_s(World.java:1887)
[22:05:05] [Server thread/INFO]: [java.lang.Throwable$WrappedPrintStream:println:748]: 	at net.minecraft.world.WorldServer.func_72939_s(WorldServer.java:489)
[22:05:05] [Server thread/INFO]: [java.lang.Throwable$WrappedPrintStream:println:748]: 	at net.minecraft.server.MinecraftServer.func_71190_q(MinecraftServer.java:636)
[22:05:05] [Server thread/INFO]: [java.lang.Throwable$WrappedPrintStream:println:748]: 	at net.minecraft.server.MinecraftServer.func_71217_p(MinecraftServer.java:547)
[22:05:05] [Server thread/INFO]: [java.lang.Throwable$WrappedPrintStream:println:748]: 	at net.minecraft.server.integrated.IntegratedServer.func_71217_p(IntegratedServer.java:111)
[22:05:05] [Server thread/INFO]: [java.lang.Throwable$WrappedPrintStream:println:748]: 	at net.minecraft.server.MinecraftServer.run(MinecraftServer.java:427)
[22:05:05] [Server thread/INFO]: [java.lang.Throwable$WrappedPrintStream:println:748]: 	at net.minecraft.server.MinecraftServer$2.run(MinecraftServer.java:685)
[22:05:05] [Server thread/INFO]: [java.lang.Throwable$WrappedPrintStream:println:748]: Caused by: javax.script.ScriptException: TypeError: jp.kaiz.kaizpatch.rtm.rail.TileEntityLargeRailSectionCore@3eea27f5 has no such function "getWorldObj" in <eval> at line number 4573
[22:05:05] [Server thread/INFO]: [java.lang.Throwable$WrappedPrintStream:println:748]: 	at jdk.nashorn.api.scripting.NashornScriptEngine.throwAsScriptException(NashornScriptEngine.java:455)
[22:05:05] [Server thread/INFO]: [java.lang.Throwable$WrappedPrintStream:println:748]: 	at jdk.nashorn.api.scripting.NashornScriptEngine.invokeImpl(NashornScriptEngine.java:387)
[22:05:05] [Server thread/INFO]: [java.lang.Throwable$WrappedPrintStream:println:748]: 	at jdk.nashorn.api.scripting.NashornScriptEngine.invokeFunction(NashornScriptEngine.java:187)
[22:05:05] [Server thread/INFO]: [java.lang.Throwable$WrappedPrintStream:println:748]: 	at jp.ngt.ngtlib.io.ScriptUtil.doScriptFunction(ScriptUtil.java:58)
[22:05:05] [Server thread/INFO]: [java.lang.Throwable$WrappedPrintStream:println:748]: 	... 21 more
[22:05:05] [Server thread/INFO]: [java.lang.Throwable$WrappedPrintStream:println:748]: Caused by: <eval>:4573 TypeError: jp.kaiz.kaizpatch.rtm.rail.TileEntityLargeRailSectionCore@3eea27f5 has no such function "getWorldObj"
[22:05:05] [Server thread/INFO]: [java.lang.Throwable$WrappedPrintStream:println:748]: 	at jdk.nashorn.internal.runtime.ECMAErrors.error(ECMAErrors.java:57)
[22:05:05] [Server thread/INFO]: [java.lang.Throwable$WrappedPrintStream:println:748]: 	at jdk.nashorn.internal.runtime.ECMAErrors.typeError(ECMAErrors.java:213)
[22:05:05] [Server thread/INFO]: [java.lang.Throwable$WrappedPrintStream:println:748]: 	at jdk.nashorn.internal.runtime.ECMAErrors.typeError(ECMAErrors.java:185)
[22:05:05] [Server thread/INFO]: [java.lang.Throwable$WrappedPrintStream:println:748]: 	at jdk.nashorn.internal.runtime.ECMAErrors.typeError(ECMAErrors.java:172)
[22:05:05] [Server thread/INFO]: [java.lang.Throwable$WrappedPrintStream:println:748]: 	at jdk.nashorn.internal.runtime.linker.NashornBottomLinker.linkBean(NashornBottomLinker.java:103)
[22:05:05] [Server thread/INFO]: [java.lang.Throwable$WrappedPrintStream:println:748]: 	at jdk.nashorn.internal.runtime.linker.NashornBottomLinker.getGuardedInvocation(NashornBottomLinker.java:71)
[22:05:05] [Server thread/INFO]: [java.lang.Throwable$WrappedPrintStream:println:748]: 	at jdk.internal.dynalink.support.CompositeGuardingDynamicLinker.getGuardedInvocation(CompositeGuardingDynamicLinker.java:124)
[22:05:05] [Server thread/INFO]: [java.lang.Throwable$WrappedPrintStream:println:748]: 	at jdk.internal.dynalink.support.LinkerServicesImpl.getGuardedInvocation(LinkerServicesImpl.java:149)
[22:05:05] [Server thread/INFO]: [java.lang.Throwable$WrappedPrintStream:println:748]: 	at jdk.internal.dynalink.DynamicLinker.relink(DynamicLinker.java:233)
[22:05:05] [Server thread/INFO]: [java.lang.Throwable$WrappedPrintStream:println:748]: 	at jdk.nashorn.internal.scripts.Script$Recompilation$7614$188583AAAAAAAA$\^eval\_.RTMX_loadCompatTarget_kaizpatch_scripts_superrailbuilderx_RailPositionCompat_1suqebq$L:4466$RailPositionCompat$moveSectionedRailPosition(<eval>:4573)
[22:05:05] [Server thread/INFO]: [java.lang.Throwable$WrappedPrintStream:println:748]: 	at jdk.nashorn.internal.scripts.Script$Recompilation$7610$187411AAAAAAAA$\^eval\_.RTMX_loadCompatTarget_kaizpatch_scripts_superrailbuilderx_RailPositionCompat_1suqebq$L:4466$RailPositionCompat$moveRailPosition(<eval>:4537)
[22:05:05] [Server thread/INFO]: [java.lang.Throwable$WrappedPrintStream:println:748]: 	at jdk.nashorn.internal.scripts.Script$Recompilation$7607$200380AA$\^eval\_.applyRequest(<eval>:4807)
[22:05:05] [Server thread/INFO]: [java.lang.Throwable$WrappedPrintStream:println:748]: 	at jdk.nashorn.internal.scripts.Script$Recompilation$7571$201151AA$\^eval\_.onUpdate(<eval>:4843)
[22:05:05] [Server thread/INFO]: [java.lang.Throwable$WrappedPrintStream:println:748]: 	at jdk.nashorn.internal.runtime.ScriptFunctionData.invoke(ScriptFunctionData.java:640)
[22:05:05] [Server thread/INFO]: [java.lang.Throwable$WrappedPrintStream:println:748]: 	at jdk.nashorn.internal.runtime.ScriptFunction.invoke(ScriptFunction.java:229)
[22:05:05] [Server thread/INFO]: [java.lang.Throwable$WrappedPrintStream:println:748]: 	at jdk.nashorn.internal.runtime.ScriptRuntime.apply(ScriptRuntime.java:387)
[22:05:05] [Server thread/INFO]: [java.lang.Throwable$WrappedPrintStream:println:748]: 	at jdk.nashorn.api.scripting.ScriptObjectMirror.callMember(ScriptObjectMirror.java:192)
[22:05:05] [Server thread/INFO]: [java.lang.Throwable$WrappedPrintStream:println:748]: 	at jdk.nashorn.api.scripting.NashornScriptEngine.invokeImpl(NashornScriptEngine.java:381)
[22:05:05] [Server thread/INFO]: [java.lang.Throwable$WrappedPrintStream:println:748]: 	... 23 more
[22:05:05] [Server thread/INFO]: [java.lang.Throwable$WrappedPrintStream:println:748]: java.lang.RuntimeException: Script exec error : onUpdate
[22:05:05] [Server thread/INFO]: [java.lang.Throwable$WrappedPrintStream:println:748]: 	at jp.ngt.ngtlib.io.ScriptUtil.doScriptFunction(ScriptUtil.java:60)
[22:05:05] [Server thread/INFO]: [java.lang.Throwable$WrappedPrintStream:println:748]: 	at jp.ngt.ngtlib.io.ScriptUtil.doScriptIgnoreError(ScriptUtil.java:66)
[22:05:05] [Server thread/INFO]: [java.lang.Throwable$WrappedPrintStream:println:748]: 	at jp.ngt.rtm.modelpack.ScriptExecuter.callMethod(ScriptExecuter.java:24)
[22:05:05] [Server thread/INFO]: [java.lang.Throwable$WrappedPrintStream:println:748]: 	at jp.ngt.rtm.modelpack.ScriptExecuter.execScript(ScriptExecuter.java:36)
[22:05:05] [Server thread/INFO]: [java.lang.Throwable$WrappedPrintStream:println:748]: 	at jp.ngt.rtm.modelpack.ScriptExecuter.execScript(ScriptExecuter.java:30)
[22:05:05] [Server thread/INFO]: [java.lang.Throwable$WrappedPrintStream:println:748]: 	at jp.ngt.rtm.entity.vehicle.EntityVehicleBase.onVehicleUpdate(EntityVehicleBase.java:203)
[22:05:05] [Server thread/INFO]: [java.lang.Throwable$WrappedPrintStream:println:748]: 	at jp.ngt.rtm.entity.vehicle.EntityVehicle.onVehicleUpdate(EntityVehicle.java:66)
[22:05:05] [Server thread/INFO]: [java.lang.Throwable$WrappedPrintStream:println:748]: 	at jp.ngt.rtm.entity.vehicle.EntityVehicleBase.func_70071_h_(EntityVehicleBase.java:168)
[22:05:05] [Server thread/INFO]: [java.lang.Throwable$WrappedPrintStream:println:748]: 	at net.minecraft.entity.Entity.func_70098_U(Entity.java:1579)
[22:05:05] [Server thread/INFO]: [java.lang.Throwable$WrappedPrintStream:println:748]: 	at net.minecraft.world.World.func_72866_a(World.java:2066)
[22:05:05] [Server thread/INFO]: [java.lang.Throwable$WrappedPrintStream:println:748]: 	at net.minecraft.world.WorldServer.func_72866_a(WorldServer.java:648)
[22:05:05] [Server thread/INFO]: [java.lang.Throwable$WrappedPrintStream:println:748]: 	at net.minecraft.world.World.func_72870_g(World.java:2034)
[22:05:05] [Server thread/INFO]: [java.lang.Throwable$WrappedPrintStream:println:748]: 	at net.minecraft.world.World.func_72866_a(World.java:2129)
[22:05:05] [Server thread/INFO]: [java.lang.Throwable$WrappedPrintStream:println:748]: 	at net.minecraft.world.WorldServer.func_72866_a(WorldServer.java:648)
[22:05:05] [Server thread/INFO]: [java.lang.Throwable$WrappedPrintStream:println:748]: 	at net.minecraft.world.World.func_72870_g(World.java:2034)
[22:05:05] [Server thread/INFO]: [java.lang.Throwable$WrappedPrintStream:println:748]: 	at net.minecraft.world.World.func_72939_s(World.java:1887)
[22:05:05] [Server thread/INFO]: [java.lang.Throwable$WrappedPrintStream:println:748]: 	at net.minecraft.world.WorldServer.func_72939_s(WorldServer.java:489)
[22:05:05] [Server thread/INFO]: [java.lang.Throwable$WrappedPrintStream:println:748]: 	at net.minecraft.server.MinecraftServer.func_71190_q(MinecraftServer.java:636)
[22:05:05] [Server thread/INFO]: [java.lang.Throwable$WrappedPrintStream:println:748]: 	at net.minecraft.server.MinecraftServer.func_71217_p(MinecraftServer.java:547)
[22:05:05] [Server thread/INFO]: [java.lang.Throwable$WrappedPrintStream:println:748]: 	at net.minecraft.server.integrated.IntegratedServer.func_71217_p(IntegratedServer.java:111)
[22:05:05] [Server thread/INFO]: [java.lang.Throwable$WrappedPrintStream:println:748]: 	at net.minecraft.server.MinecraftServer.run(MinecraftServer.java:427)
[22:05:05] [Server thread/INFO]: [java.lang.Throwable$WrappedPrintStream:println:748]: 	at net.minecraft.server.MinecraftServer$2.run(MinecraftServer.java:685)
[22:05:05] [Server thread/INFO]: [java.lang.Throwable$WrappedPrintStream:println:748]: Caused by: javax.script.ScriptException: TypeError: jp.kaiz.kaizpatch.rtm.rail.TileEntityLargeRailSectionCore@3eea27f5 has no such function "getWorldObj" in <eval> at line number 4573
[22:05:05] [Server thread/INFO]: [java.lang.Throwable$WrappedPrintStream:println:748]: 	at jdk.nashorn.api.scripting.NashornScriptEngine.throwAsScriptException(NashornScriptEngine.java:455)
[22:05:05] [Server thread/INFO]: [java.lang.Throwable$WrappedPrintStream:println:748]: 	at jdk.nashorn.api.scripting.NashornScriptEngine.invokeImpl(NashornScriptEngine.java:387)
[22:05:05] [Server thread/INFO]: [java.lang.Throwable$WrappedPrintStream:println:748]: 	at jdk.nashorn.api.scripting.NashornScriptEngine.invokeFunction(NashornScriptEngine.java:187)
[22:05:05] [Server thread/INFO]: [java.lang.Throwable$WrappedPrintStream:println:748]: 	at jp.ngt.ngtlib.io.ScriptUtil.doScriptFunction(ScriptUtil.java:58)
[22:05:05] [Server thread/INFO]: [java.lang.Throwable$WrappedPrintStream:println:748]: 	... 21 more
[22:05:05] [Server thread/INFO]: [java.lang.Throwable$WrappedPrintStream:println:748]: Caused by: <eval>:4573 TypeError: jp.kaiz.kaizpatch.rtm.rail.TileEntityLargeRailSectionCore@3eea27f5 has no such function "getWorldObj"
[22:05:05] [Server thread/INFO]: [java.lang.Throwable$WrappedPrintStream:println:748]: 	at jdk.nashorn.internal.runtime.ECMAErrors.error(ECMAErrors.java:57)
[22:05:05] [Server thread/INFO]: [java.lang.Throwable$WrappedPrintStream:println:748]: 	at jdk.nashorn.internal.runtime.ECMAErrors.typeError(ECMAErrors.java:213)
[22:05:05] [Server thread/INFO]: [java.lang.Throwable$WrappedPrintStream:println:748]: 	at jdk.nashorn.internal.runtime.ECMAErrors.typeError(ECMAErrors.java:185)
[22:05:05] [Server thread/INFO]: [java.lang.Throwable$WrappedPrintStream:println:748]: 	at jdk.nashorn.internal.runtime.ECMAErrors.typeError(ECMAErrors.java:172)
[22:05:05] [Server thread/INFO]: [java.lang.Throwable$WrappedPrintStream:println:748]: 	at jdk.nashorn.internal.runtime.linker.NashornBottomLinker.linkBean(NashornBottomLinker.java:103)
[22:05:05] [Server thread/INFO]: [java.lang.Throwable$WrappedPrintStream:println:748]: 	at jdk.nashorn.internal.runtime.linker.NashornBottomLinker.getGuardedInvocation(NashornBottomLinker.java:71)
[22:05:05] [Server thread/INFO]: [java.lang.Throwable$WrappedPrintStream:println:748]: 	at jdk.internal.dynalink.support.CompositeGuardingDynamicLinker.getGuardedInvocation(CompositeGuardingDynamicLinker.java:124)
[22:05:05] [Server thread/INFO]: [java.lang.Throwable$WrappedPrintStream:println:748]: 	at jdk.internal.dynalink.support.LinkerServicesImpl.getGuardedInvocation(LinkerServicesImpl.java:149)
[22:05:05] [Server thread/INFO]: [java.lang.Throwable$WrappedPrintStream:println:748]: 	at jdk.internal.dynalink.DynamicLinker.relink(DynamicLinker.java:233)
[22:05:05] [Server thread/INFO]: [java.lang.Throwable$WrappedPrintStream:println:748]: 	at jdk.nashorn.internal.scripts.Script$Recompilation$7614$188583AAAAAAAA$\^eval\_.RTMX_loadCompatTarget_kaizpatch_scripts_superrailbuilderx_RailPositionCompat_1suqebq$L:4466$RailPositionCompat$moveSectionedRailPosition(<eval>:4573)
[22:05:05] [Server thread/INFO]: [java.lang.Throwable$WrappedPrintStream:println:748]: 	at jdk.nashorn.internal.scripts.Script$Recompilation$7610$187411AAAAAAAA$\^eval\_.RTMX_loadCompatTarget_kaizpatch_scripts_superrailbuilderx_RailPositionCompat_1suqebq$L:4466$RailPositionCompat$moveRailPosition(<eval>:4537)
[22:05:05] [Server thread/INFO]: [java.lang.Throwable$WrappedPrintStream:println:748]: 	at jdk.nashorn.internal.scripts.Script$Recompilation$7607$200380AA$\^eval\_.applyRequest(<eval>:4807)
[22:05:05] [Server thread/INFO]: [java.lang.Throwable$WrappedPrintStream:println:748]: 	at jdk.nashorn.internal.scripts.Script$Recompilation$7571$201151AA$\^eval\_.onUpdate(<eval>:4843)
[22:05:05] [Server thread/INFO]: [java.lang.Throwable$WrappedPrintStream:println:748]: 	at jdk.nashorn.internal.runtime.ScriptFunctionData.invoke(ScriptFunctionData.java:640)
[22:05:05] [Server thread/INFO]: [java.lang.Throwable$WrappedPrintStream:println:748]: 	at jdk.nashorn.internal.runtime.ScriptFunction.invoke(ScriptFunction.java:229)
[22:05:05] [Server thread/INFO]: [java.lang.Throwable$WrappedPrintStream:println:748]: 	at jdk.nashorn.internal.runtime.ScriptRuntime.apply(ScriptRuntime.java:387)
[22:05:05] [Server thread/INFO]: [java.lang.Throwable$WrappedPrintStream:println:748]: 	at jdk.nashorn.api.scripting.ScriptObjectMirror.callMember(ScriptObjectMirror.java:192)
[22:05:05] [Server thread/INFO]: [java.lang.Throwable$WrappedPrintStream:println:748]: 	at jdk.nashorn.api.scripting.NashornScriptEngine.invokeImpl(NashornScriptEngine.java:381)
[22:05:05] [Server thread/INFO]: [java.lang.Throwable$WrappedPrintStream:println:748]: 	... 23 more
[22:05:05] [Server thread/INFO]: [java.lang.Throwable$WrappedPrintStream:println:748]: java.lang.RuntimeException: Script exec error : onUpdate
[22:05:05] [Server thread/INFO]: [java.lang.Throwable$WrappedPrintStream:println:748]: 	at jp.ngt.ngtlib.io.ScriptUtil.doScriptFunction(ScriptUtil.java:60)
[22:05:05] [Server thread/INFO]: [java.lang.Throwable$WrappedPrintStream:println:748]: 	at jp.ngt.ngtlib.io.ScriptUtil.doScriptIgnoreError(ScriptUtil.java:66)
[22:05:05] [Server thread/INFO]: [java.lang.Throwable$WrappedPrintStream:println:748]: 	at jp.ngt.rtm.modelpack.ScriptExecuter.callMethod(ScriptExecuter.java:24)
[22:05:05] [Server thread/INFO]: [java.lang.Throwable$WrappedPrintStream:println:748]: 	at jp.ngt.rtm.modelpack.ScriptExecuter.execScript(ScriptExecuter.java:36)
[22:05:05] [Server thread/INFO]: [java.lang.Throwable$WrappedPrintStream:println:748]: 	at jp.ngt.rtm.modelpack.ScriptExecuter.execScript(ScriptExecuter.java:30)
[22:05:05] [Server thread/INFO]: [java.lang.Throwable$WrappedPrintStream:println:748]: 	at jp.ngt.rtm.entity.vehicle.EntityVehicleBase.onVehicleUpdate(EntityVehicleBase.java:203)
[22:05:05] [Server thread/INFO]: [java.lang.Throwable$WrappedPrintStream:println:748]: 	at jp.ngt.rtm.entity.vehicle.EntityVehicle.onVehicleUpdate(EntityVehicle.java:66)
[22:05:05] [Server thread/INFO]: [java.lang.Throwable$WrappedPrintStream:println:748]: 	at jp.ngt.rtm.entity.vehicle.EntityVehicleBase.func_70071_h_(EntityVehicleBase.java:168)
[22:05:05] [Server thread/INFO]: [java.lang.Throwable$WrappedPrintStream:println:748]: 	at net.minecraft.entity.Entity.func_70098_U(Entity.java:1579)
[22:05:05] [Server thread/INFO]: [java.lang.Throwable$WrappedPrintStream:println:748]: 	at net.minecraft.world.World.func_72866_a(World.java:2066)
[22:05:05] [Server thread/INFO]: [java.lang.Throwable$WrappedPrintStream:println:748]: 	at net.minecraft.world.WorldServer.func_72866_a(WorldServer.java:648)
[22:05:05] [Server thread/INFO]: [java.lang.Throwable$WrappedPrintStream:println:748]: 	at net.minecraft.world.World.func_72870_g(World.java:2034)
[22:05:05] [Server thread/INFO]: [java.lang.Throwable$WrappedPrintStream:println:748]: 	at net.minecraft.world.World.func_72866_a(World.java:2129)
[22:05:05] [Server thread/INFO]: [java.lang.Throwable$WrappedPrintStream:println:748]: 	at net.minecraft.world.WorldServer.func_72866_a(WorldServer.java:648)
[22:05:05] [Server thread/INFO]: [java.lang.Throwable$WrappedPrintStream:println:748]: 	at net.minecraft.world.World.func_72870_g(World.java:2034)
[22:05:05] [Server thread/INFO]: [java.lang.Throwable$WrappedPrintStream:println:748]: 	at net.minecraft.world.World.func_72939_s(World.java:1887)
[22:05:05] [Server thread/INFO]: [java.lang.Throwable$WrappedPrintStream:println:748]: 	at net.minecraft.world.WorldServer.func_72939_s(WorldServer.java:489)
[22:05:05] [Server thread/INFO]: [java.lang.Throwable$WrappedPrintStream:println:748]: 	at net.minecraft.server.MinecraftServer.func_71190_q(MinecraftServer.java:636)
[22:05:05] [Server thread/INFO]: [java.lang.Throwable$WrappedPrintStream:println:748]: 	at net.minecraft.server.MinecraftServer.func_71217_p(MinecraftServer.java:547)
[22:05:05] [Server thread/INFO]: [java.lang.Throwable$WrappedPrintStream:println:748]: 	at net.minecraft.server.integrated.IntegratedServer.func_71217_p(IntegratedServer.java:111)
[22:05:05] [Server thread/INFO]: [java.lang.Throwable$WrappedPrintStream:println:748]: 	at net.minecraft.server.MinecraftServer.run(MinecraftServer.java:427)
[22:05:05] [Server thread/INFO]: [java.lang.Throwable$WrappedPrintStream:println:748]: 	at net.minecraft.server.MinecraftServer$2.run(MinecraftServer.java:685)
[22:05:05] [Server thread/INFO]: [java.lang.Throwable$WrappedPrintStream:println:748]: Caused by: javax.script.ScriptException: TypeError: jp.kaiz.kaizpatch.rtm.rail.TileEntityLargeRailSectionCore@3eea27f5 has no such function "getWorldObj" in <eval> at line number 4573
[22:05:05] [Server thread/INFO]: [java.lang.Throwable$WrappedPrintStream:println:748]: 	at jdk.nashorn.api.scripting.NashornScriptEngine.throwAsScriptException(NashornScriptEngine.java:455)
[22:05:05] [Server thread/INFO]: [java.lang.Throwable$WrappedPrintStream:println:748]: 	at jdk.nashorn.api.scripting.NashornScriptEngine.invokeImpl(NashornScriptEngine.java:387)
[22:05:05] [Server thread/INFO]: [java.lang.Throwable$WrappedPrintStream:println:748]: 	at jdk.nashorn.api.scripting.NashornScriptEngine.invokeFunction(NashornScriptEngine.java:187)
[22:05:05] [Server thread/INFO]: [java.lang.Throwable$WrappedPrintStream:println:748]: 	at jp.ngt.ngtlib.io.ScriptUtil.doScriptFunction(ScriptUtil.java:58)
[22:05:05] [Server thread/INFO]: [java.lang.Throwable$WrappedPrintStream:println:748]: 	... 21 more
[22:05:05] [Server thread/INFO]: [java.lang.Throwable$WrappedPrintStream:println:748]: Caused by: <eval>:4573 TypeError: jp.kaiz.kaizpatch.rtm.rail.TileEntityLargeRailSectionCore@3eea27f5 has no such function "getWorldObj"
[22:05:05] [Server thread/INFO]: [java.lang.Throwable$WrappedPrintStream:println:748]: 	at jdk.nashorn.internal.runtime.ECMAErrors.error(ECMAErrors.java:57)
[22:05:05] [Server thread/INFO]: [java.lang.Throwable$WrappedPrintStream:println:748]: 	at jdk.nashorn.internal.runtime.ECMAErrors.typeError(ECMAErrors.java:213)
[22:05:05] [Server thread/INFO]: [java.lang.Throwable$WrappedPrintStream:println:748]: 	at jdk.nashorn.internal.runtime.ECMAErrors.typeError(ECMAErrors.java:185)
[22:05:05] [Server thread/INFO]: [java.lang.Throwable$WrappedPrintStream:println:748]: 	at jdk.nashorn.internal.runtime.ECMAErrors.typeError(ECMAErrors.java:172)
[22:05:05] [Server thread/INFO]: [java.lang.Throwable$WrappedPrintStream:println:748]: 	at jdk.nashorn.internal.runtime.linker.NashornBottomLinker.linkBean(NashornBottomLinker.java:103)
[22:05:05] [Server thread/INFO]: [java.lang.Throwable$WrappedPrintStream:println:748]: 	at jdk.nashorn.internal.runtime.linker.NashornBottomLinker.getGuardedInvocation(NashornBottomLinker.java:71)
[22:05:05] [Server thread/INFO]: [java.lang.Throwable$WrappedPrintStream:println:748]: 	at jdk.internal.dynalink.support.CompositeGuardingDynamicLinker.getGuardedInvocation(CompositeGuardingDynamicLinker.java:124)
[22:05:05] [Server thread/INFO]: [java.lang.Throwable$WrappedPrintStream:println:748]: 	at jdk.internal.dynalink.support.LinkerServicesImpl.getGuardedInvocation(LinkerServicesImpl.java:149)
[22:05:05] [Server thread/INFO]: [java.lang.Throwable$WrappedPrintStream:println:748]: 	at jdk.internal.dynalink.DynamicLinker.relink(DynamicLinker.java:233)
[22:05:05] [Server thread/INFO]: [java.lang.Throwable$WrappedPrintStream:println:748]: 	at jdk.nashorn.internal.scripts.Script$Recompilation$7614$188583AAAAAAAA$\^eval\_.RTMX_loadCompatTarget_kaizpatch_scripts_superrailbuilderx_RailPositionCompat_1suqebq$L:4466$RailPositionCompat$moveSectionedRailPosition(<eval>:4573)
[22:05:05] [Server thread/INFO]: [java.lang.Throwable$WrappedPrintStream:println:748]: 	at jdk.nashorn.internal.scripts.Script$Recompilation$7610$187411AAAAAAAA$\^eval\_.RTMX_loadCompatTarget_kaizpatch_scripts_superrailbuilderx_RailPositionCompat_1suqebq$L:4466$RailPositionCompat$moveRailPosition(<eval>:4537)
[22:05:05] [Server thread/INFO]: [java.lang.Throwable$WrappedPrintStream:println:748]: 	at jdk.nashorn.internal.scripts.Script$Recompilation$7607$200380AA$\^eval\_.applyRequest(<eval>:4807)
[22:05:05] [Server thread/INFO]: [java.lang.Throwable$WrappedPrintStream:println:748]: 	at jdk.nashorn.internal.scripts.Script$Recompilation$7571$201151AA$\^eval\_.onUpdate(<eval>:4843)
[22:05:05] [Server thread/INFO]: [java.lang.Throwable$WrappedPrintStream:println:748]: 	at jdk.nashorn.internal.runtime.ScriptFunctionData.invoke(ScriptFunctionData.java:640)
[22:05:05] [Server thread/INFO]: [java.lang.Throwable$WrappedPrintStream:println:748]: 	at jdk.nashorn.internal.runtime.ScriptFunction.invoke(ScriptFunction.java:229)
[22:05:05] [Server thread/INFO]: [java.lang.Throwable$WrappedPrintStream:println:748]: 	at jdk.nashorn.internal.runtime.ScriptRuntime.apply(ScriptRuntime.java:387)
[22:05:05] [Server thread/INFO]: [java.lang.Throwable$WrappedPrintStream:println:748]: 	at jdk.nashorn.api.scripting.ScriptObjectMirror.callMember(ScriptObjectMirror.java:192)
[22:05:05] [Server thread/INFO]: [java.lang.Throwable$WrappedPrintStream:println:748]: 	at jdk.nashorn.api.scripting.NashornScriptEngine.invokeImpl(NashornScriptEngine.java:381)
[22:05:05] [Server thread/INFO]: [java.lang.Throwable$WrappedPrintStream:println:748]: 	... 23 more
[22:05:05] [Server thread/INFO]: [java.lang.Throwable$WrappedPrintStream:println:748]: java.lang.RuntimeException: Script exec error : onUpdate
[22:05:05] [Server thread/INFO]: [java.lang.Throwable$WrappedPrintStream:println:748]: 	at jp.ngt.ngtlib.io.ScriptUtil.doScriptFunction(ScriptUtil.java:60)
[22:05:05] [Server thread/INFO]: [java.lang.Throwable$WrappedPrintStream:println:748]: 	at jp.ngt.ngtlib.io.ScriptUtil.doScriptIgnoreError(ScriptUtil.java:66)
[22:05:05] [Server thread/INFO]: [java.lang.Throwable$WrappedPrintStream:println:748]: 	at jp.ngt.rtm.modelpack.ScriptExecuter.callMethod(ScriptExecuter.java:24)
[22:05:05] [Server thread/INFO]: [java.lang.Throwable$WrappedPrintStream:println:748]: 	at jp.ngt.rtm.modelpack.ScriptExecuter.execScript(ScriptExecuter.java:36)
[22:05:05] [Server thread/INFO]: [java.lang.Throwable$WrappedPrintStream:println:748]: 	at jp.ngt.rtm.modelpack.ScriptExecuter.execScript(ScriptExecuter.java:30)
[22:05:05] [Server thread/INFO]: [java.lang.Throwable$WrappedPrintStream:println:748]: 	at jp.ngt.rtm.entity.vehicle.EntityVehicleBase.onVehicleUpdate(EntityVehicleBase.java:203)
[22:05:05] [Server thread/INFO]: [java.lang.Throwable$WrappedPrintStream:println:748]: 	at jp.ngt.rtm.entity.vehicle.EntityVehicle.onVehicleUpdate(EntityVehicle.java:66)
[22:05:05] [Server thread/INFO]: [java.lang.Throwable$WrappedPrintStream:println:748]: 	at jp.ngt.rtm.entity.vehicle.EntityVehicleBase.func_70071_h_(EntityVehicleBase.java:168)
[22:05:05] [Server thread/INFO]: [java.lang.Throwable$WrappedPrintStream:println:748]: 	at net.minecraft.entity.Entity.func_70098_U(Entity.java:1579)
[22:05:05] [Server thread/INFO]: [java.lang.Throwable$WrappedPrintStream:println:748]: 	at net.minecraft.world.World.func_72866_a(World.java:2066)
[22:05:05] [Server thread/INFO]: [java.lang.Throwable$WrappedPrintStream:println:748]: 	at net.minecraft.world.WorldServer.func_72866_a(WorldServer.java:648)
[22:05:05] [Server thread/INFO]: [java.lang.Throwable$WrappedPrintStream:println:748]: 	at net.minecraft.world.World.func_72870_g(World.java:2034)
[22:05:05] [Server thread/INFO]: [java.lang.Throwable$WrappedPrintStream:println:748]: 	at net.minecraft.world.World.func_72866_a(World.java:2129)
[22:05:05] [Server thread/INFO]: [java.lang.Throwable$WrappedPrintStream:println:748]: 	at net.minecraft.world.WorldServer.func_72866_a(WorldServer.java:648)
[22:05:05] [Server thread/INFO]: [java.lang.Throwable$WrappedPrintStream:println:748]: 	at net.minecraft.world.World.func_72870_g(World.java:2034)
[22:05:05] [Server thread/INFO]: [java.lang.Throwable$WrappedPrintStream:println:748]: 	at net.minecraft.world.World.func_72939_s(World.java:1887)
[22:05:05] [Server thread/INFO]: [java.lang.Throwable$WrappedPrintStream:println:748]: 	at net.minecraft.world.WorldServer.func_72939_s(WorldServer.java:489)
[22:05:05] [Server thread/INFO]: [java.lang.Throwable$WrappedPrintStream:println:748]: 	at net.minecraft.server.MinecraftServer.func_71190_q(MinecraftServer.java:636)
[22:05:05] [Server thread/INFO]: [java.lang.Throwable$WrappedPrintStream:println:748]: 	at net.minecraft.server.MinecraftServer.func_71217_p(MinecraftServer.java:547)
[22:05:05] [Server thread/INFO]: [java.lang.Throwable$WrappedPrintStream:println:748]: 	at net.minecraft.server.integrated.IntegratedServer.func_71217_p(IntegratedServer.java:111)
[22:05:05] [Server thread/INFO]: [java.lang.Throwable$WrappedPrintStream:println:748]: 	at net.minecraft.server.MinecraftServer.run(MinecraftServer.java:427)
[22:05:05] [Server thread/INFO]: [java.lang.Throwable$WrappedPrintStream:println:748]: 	at net.minecraft.server.MinecraftServer$2.run(MinecraftServer.java:685)
[22:05:05] [Server thread/INFO]: [java.lang.Throwable$WrappedPrintStream:println:748]: Caused by: javax.script.ScriptException: TypeError: jp.kaiz.kaizpatch.rtm.rail.TileEntityLargeRailSectionCore@3eea27f5 has no such function "getWorldObj" in <eval> at line number 4573
[22:05:05] [Server thread/INFO]: [java.lang.Throwable$WrappedPrintStream:println:748]: 	at jdk.nashorn.api.scripting.NashornScriptEngine.throwAsScriptException(NashornScriptEngine.java:455)
[22:05:05] [Server thread/INFO]: [java.lang.Throwable$WrappedPrintStream:println:748]: 	at jdk.nashorn.api.scripting.NashornScriptEngine.invokeImpl(NashornScriptEngine.java:387)
[22:05:05] [Server thread/INFO]: [java.lang.Throwable$WrappedPrintStream:println:748]: 	at jdk.nashorn.api.scripting.NashornScriptEngine.invokeFunction(NashornScriptEngine.java:187)
[22:05:05] [Server thread/INFO]: [java.lang.Throwable$WrappedPrintStream:println:748]: 	at jp.ngt.ngtlib.io.ScriptUtil.doScriptFunction(ScriptUtil.java:58)
[22:05:05] [Server thread/INFO]: [java.lang.Throwable$WrappedPrintStream:println:748]: 	... 21 more
[22:05:05] [Server thread/INFO]: [java.lang.Throwable$WrappedPrintStream:println:748]: Caused by: <eval>:4573 TypeError: jp.kaiz.kaizpatch.rtm.rail.TileEntityLargeRailSectionCore@3eea27f5 has no such function "getWorldObj"
[22:05:05] [Server thread/INFO]: [java.lang.Throwable$WrappedPrintStream:println:748]: 	at jdk.nashorn.internal.runtime.ECMAErrors.error(ECMAErrors.java:57)
[22:05:05] [Server thread/INFO]: [java.lang.Throwable$WrappedPrintStream:println:748]: 	at jdk.nashorn.internal.runtime.ECMAErrors.typeError(ECMAErrors.java:213)
[22:05:05] [Server thread/INFO]: [java.lang.Throwable$WrappedPrintStream:println:748]: 	at jdk.nashorn.internal.runtime.ECMAErrors.typeError(ECMAErrors.java:185)
[22:05:05] [Server thread/INFO]: [java.lang.Throwable$WrappedPrintStream:println:748]: 	at jdk.nashorn.internal.runtime.ECMAErrors.typeError(ECMAErrors.java:172)
[22:05:05] [Server thread/INFO]: [java.lang.Throwable$WrappedPrintStream:println:748]: 	at jdk.nashorn.internal.runtime.linker.NashornBottomLinker.linkBean(NashornBottomLinker.java:103)
[22:05:05] [Server thread/INFO]: [java.lang.Throwable$WrappedPrintStream:println:748]: 	at jdk.nashorn.internal.runtime.linker.NashornBottomLinker.getGuardedInvocation(NashornBottomLinker.java:71)
[22:05:05] [Server thread/INFO]: [java.lang.Throwable$WrappedPrintStream:println:748]: 	at jdk.internal.dynalink.support.CompositeGuardingDynamicLinker.getGuardedInvocation(CompositeGuardingDynamicLinker.java:124)
[22:05:05] [Server thread/INFO]: [java.lang.Throwable$WrappedPrintStream:println:748]: 	at jdk.internal.dynalink.support.LinkerServicesImpl.getGuardedInvocation(LinkerServicesImpl.java:149)
[22:05:05] [Server thread/INFO]: [java.lang.Throwable$WrappedPrintStream:println:748]: 	at jdk.internal.dynalink.DynamicLinker.relink(DynamicLinker.java:233)
[22:05:05] [Server thread/INFO]: [java.lang.Throwable$WrappedPrintStream:println:748]: 	at jdk.nashorn.internal.scripts.Script$Recompilation$7614$188583AAAAAAAA$\^eval\_.RTMX_loadCompatTarget_kaizpatch_scripts_superrailbuilderx_RailPositionCompat_1suqebq$L:4466$RailPositionCompat$moveSectionedRailPosition(<eval>:4573)
[22:05:05] [Server thread/INFO]: [java.lang.Throwable$WrappedPrintStream:println:748]: 	at jdk.nashorn.internal.scripts.Script$Recompilation$7610$187411AAAAAAAA$\^eval\_.RTMX_loadCompatTarget_kaizpatch_scripts_superrailbuilderx_RailPositionCompat_1suqebq$L:4466$RailPositionCompat$moveRailPosition(<eval>:4537)
[22:05:05] [Server thread/INFO]: [java.lang.Throwable$WrappedPrintStream:println:748]: 	at jdk.nashorn.internal.scripts.Script$Recompilation$7607$200380AA$\^eval\_.applyRequest(<eval>:4807)
[22:05:05] [Server thread/INFO]: [java.lang.Throwable$WrappedPrintStream:println:748]: 	at jdk.nashorn.internal.scripts.Script$Recompilation$7571$201151AA$\^eval\_.onUpdate(<eval>:4843)
[22:05:05] [Server thread/INFO]: [java.lang.Throwable$WrappedPrintStream:println:748]: 	at jdk.nashorn.internal.runtime.ScriptFunctionData.invoke(ScriptFunctionData.java:640)
[22:05:05] [Server thread/INFO]: [java.lang.Throwable$WrappedPrintStream:println:748]: 	at jdk.nashorn.internal.runtime.ScriptFunction.invoke(ScriptFunction.java:229)
[22:05:05] [Server thread/INFO]: [java.lang.Throwable$WrappedPrintStream:println:748]: 	at jdk.nashorn.internal.runtime.ScriptRuntime.apply(ScriptRuntime.java:387)
[22:05:05] [Server thread/INFO]: [java.lang.Throwable$WrappedPrintStream:println:748]: 	at jdk.nashorn.api.scripting.ScriptObjectMirror.callMember(ScriptObjectMirror.java:192)
[22:05:05] [Server thread/INFO]: [java.lang.Throwable$WrappedPrintStream:println:748]: 	at jdk.nashorn.api.scripting.NashornScriptEngine.invokeImpl(NashornScriptEngine.java:381)
[22:05:05] [Server thread/INFO]: [java.lang.Throwable$WrappedPrintStream:println:748]: 	... 23 more
[22:05:05] [Server thread/INFO]: [java.lang.Throwable$WrappedPrintStream:println:748]: java.lang.RuntimeException: Script exec error : onUpdate
[22:05:05] [Server thread/INFO]: [java.lang.Throwable$WrappedPrintStream:println:748]: 	at jp.ngt.ngtlib.io.ScriptUtil.doScriptFunction(ScriptUtil.java:60)
[22:05:05] [Server thread/INFO]: [java.lang.Throwable$WrappedPrintStream:println:748]: 	at jp.ngt.ngtlib.io.ScriptUtil.doScriptIgnoreError(ScriptUtil.java:66)
[22:05:05] [Server thread/INFO]: [java.lang.Throwable$WrappedPrintStream:println:748]: 	at jp.ngt.rtm.modelpack.ScriptExecuter.callMethod(ScriptExecuter.java:24)
[22:05:05] [Server thread/INFO]: [java.lang.Throwable$WrappedPrintStream:println:748]: 	at jp.ngt.rtm.modelpack.ScriptExecuter.execScript(ScriptExecuter.java:36)
[22:05:05] [Server thread/INFO]: [java.lang.Throwable$WrappedPrintStream:println:748]: 	at jp.ngt.rtm.modelpack.ScriptExecuter.execScript(ScriptExecuter.java:30)
[22:05:05] [Server thread/INFO]: [java.lang.Throwable$WrappedPrintStream:println:748]: 	at jp.ngt.rtm.entity.vehicle.EntityVehicleBase.onVehicleUpdate(EntityVehicleBase.java:203)
[22:05:05] [Server thread/INFO]: [java.lang.Throwable$WrappedPrintStream:println:748]: 	at jp.ngt.rtm.entity.vehicle.EntityVehicle.onVehicleUpdate(EntityVehicle.java:66)
[22:05:05] [Server thread/INFO]: [java.lang.Throwable$WrappedPrintStream:println:748]: 	at jp.ngt.rtm.entity.vehicle.EntityVehicleBase.func_70071_h_(EntityVehicleBase.java:168)
[22:05:05] [Server thread/INFO]: [java.lang.Throwable$WrappedPrintStream:println:748]: 	at net.minecraft.entity.Entity.func_70098_U(Entity.java:1579)
[22:05:05] [Server thread/INFO]: [java.lang.Throwable$WrappedPrintStream:println:748]: 	at net.minecraft.world.World.func_72866_a(World.java:2066)
[22:05:05] [Server thread/INFO]: [java.lang.Throwable$WrappedPrintStream:println:748]: 	at net.minecraft.world.WorldServer.func_72866_a(WorldServer.java:648)
[22:05:05] [Server thread/INFO]: [java.lang.Throwable$WrappedPrintStream:println:748]: 	at net.minecraft.world.World.func_72870_g(World.java:2034)
[22:05:05] [Server thread/INFO]: [java.lang.Throwable$WrappedPrintStream:println:748]: 	at net.minecraft.world.World.func_72866_a(World.java:2129)
[22:05:05] [Server thread/INFO]: [java.lang.Throwable$WrappedPrintStream:println:748]: 	at net.minecraft.world.WorldServer.func_72866_a(WorldServer.java:648)
[22:05:05] [Server thread/INFO]: [java.lang.Throwable$WrappedPrintStream:println:748]: 	at net.minecraft.world.World.func_72870_g(World.java:2034)
[22:05:05] [Server thread/INFO]: [java.lang.Throwable$WrappedPrintStream:println:748]: 	at net.minecraft.world.World.func_72939_s(World.java:1887)
[22:05:05] [Server thread/INFO]: [java.lang.Throwable$WrappedPrintStream:println:748]: 	at net.minecraft.world.WorldServer.func_72939_s(WorldServer.java:489)
[22:05:05] [Server thread/INFO]: [java.lang.Throwable$WrappedPrintStream:println:748]: 	at net.minecraft.server.MinecraftServer.func_71190_q(MinecraftServer.java:636)
[22:05:05] [Server thread/INFO]: [java.lang.Throwable$WrappedPrintStream:println:748]: 	at net.minecraft.server.MinecraftServer.func_71217_p(MinecraftServer.java:547)
[22:05:05] [Server thread/INFO]: [java.lang.Throwable$WrappedPrintStream:println:748]: 	at net.minecraft.server.integrated.IntegratedServer.func_71217_p(IntegratedServer.java:111)
[22:05:05] [Server thread/INFO]: [java.lang.Throwable$WrappedPrintStream:println:748]: 	at net.minecraft.server.MinecraftServer.run(MinecraftServer.java:427)
[22:05:05] [Server thread/INFO]: [java.lang.Throwable$WrappedPrintStream:println:748]: 	at net.minecraft.server.MinecraftServer$2.run(MinecraftServer.java:685)
[22:05:05] [Server thread/INFO]: [java.lang.Throwable$WrappedPrintStream:println:748]: Caused by: javax.script.ScriptException: TypeError: jp.kaiz.kaizpatch.rtm.rail.TileEntityLargeRailSectionCore@3eea27f5 has no such function "getWorldObj" in <eval> at line number 4573
[22:05:05] [Server thread/INFO]: [java.lang.Throwable$WrappedPrintStream:println:748]: 	at jdk.nashorn.api.scripting.NashornScriptEngine.throwAsScriptException(NashornScriptEngine.java:455)
[22:05:05] [Server thread/INFO]: [java.lang.Throwable$WrappedPrintStream:println:748]: 	at jdk.nashorn.api.scripting.NashornScriptEngine.invokeImpl(NashornScriptEngine.java:387)
[22:05:05] [Server thread/INFO]: [java.lang.Throwable$WrappedPrintStream:println:748]: 	at jdk.nashorn.api.scripting.NashornScriptEngine.invokeFunction(NashornScriptEngine.java:187)
[22:05:05] [Server thread/INFO]: [java.lang.Throwable$WrappedPrintStream:println:748]: 	at jp.ngt.ngtlib.io.ScriptUtil.doScriptFunction(ScriptUtil.java:58)
[22:05:05] [Server thread/INFO]: [java.lang.Throwable$WrappedPrintStream:println:748]: 	... 21 more
[22:05:05] [Server thread/INFO]: [java.lang.Throwable$WrappedPrintStream:println:748]: Caused by: <eval>:4573 TypeError: jp.kaiz.kaizpatch.rtm.rail.TileEntityLargeRailSectionCore@3eea27f5 has no such function "getWorldObj"
[22:05:05] [Server thread/INFO]: [java.lang.Throwable$WrappedPrintStream:println:748]: 	at jdk.nashorn.internal.runtime.ECMAErrors.error(ECMAErrors.java:57)
[22:05:05] [Server thread/INFO]: [java.lang.Throwable$WrappedPrintStream:println:748]: 	at jdk.nashorn.internal.runtime.ECMAErrors.typeError(ECMAErrors.java:213)
[22:05:05] [Server thread/INFO]: [java.lang.Throwable$WrappedPrintStream:println:748]: 	at jdk.nashorn.internal.runtime.ECMAErrors.typeError(ECMAErrors.java:185)
[22:05:05] [Server thread/INFO]: [java.lang.Throwable$WrappedPrintStream:println:748]: 	at jdk.nashorn.internal.runtime.ECMAErrors.typeError(ECMAErrors.java:172)
[22:05:05] [Server thread/INFO]: [java.lang.Throwable$WrappedPrintStream:println:748]: 	at jdk.nashorn.internal.runtime.linker.NashornBottomLinker.linkBean(NashornBottomLinker.java:103)
[22:05:05] [Server thread/INFO]: [java.lang.Throwable$WrappedPrintStream:println:748]: 	at jdk.nashorn.internal.runtime.linker.NashornBottomLinker.getGuardedInvocation(NashornBottomLinker.java:71)
[22:05:05] [Server thread/INFO]: [java.lang.Throwable$WrappedPrintStream:println:748]: 	at jdk.internal.dynalink.support.CompositeGuardingDynamicLinker.getGuardedInvocation(CompositeGuardingDynamicLinker.java:124)
[22:05:05] [Server thread/INFO]: [java.lang.Throwable$WrappedPrintStream:println:748]: 	at jdk.internal.dynalink.support.LinkerServicesImpl.getGuardedInvocation(LinkerServicesImpl.java:149)
[22:05:05] [Server thread/INFO]: [java.lang.Throwable$WrappedPrintStream:println:748]: 	at jdk.internal.dynalink.DynamicLinker.relink(DynamicLinker.java:233)
[22:05:05] [Server thread/INFO]: [java.lang.Throwable$WrappedPrintStream:println:748]: 	at jdk.nashorn.internal.scripts.Script$Recompilation$7614$188583AAAAAAAA$\^eval\_.RTMX_loadCompatTarget_kaizpatch_scripts_superrailbuilderx_RailPositionCompat_1suqebq$L:4466$RailPositionCompat$moveSectionedRailPosition(<eval>:4573)
[22:05:05] [Server thread/INFO]: [java.lang.Throwable$WrappedPrintStream:println:748]: 	at jdk.nashorn.internal.scripts.Script$Recompilation$7610$187411AAAAAAAA$\^eval\_.RTMX_loadCompatTarget_kaizpatch_scripts_superrailbuilderx_RailPositionCompat_1suqebq$L:4466$RailPositionCompat$moveRailPosition(<eval>:4537)
[22:05:05] [Server thread/INFO]: [java.lang.Throwable$WrappedPrintStream:println:748]: 	at jdk.nashorn.internal.scripts.Script$Recompilation$7607$200380AA$\^eval\_.applyRequest(<eval>:4807)
[22:05:05] [Server thread/INFO]: [java.lang.Throwable$WrappedPrintStream:println:748]: 	at jdk.nashorn.internal.scripts.Script$Recompilation$7571$201151AA$\^eval\_.onUpdate(<eval>:4843)
[22:05:05] [Server thread/INFO]: [java.lang.Throwable$WrappedPrintStream:println:748]: 	at jdk.nashorn.internal.runtime.ScriptFunctionData.invoke(ScriptFunctionData.java:640)
[22:05:05] [Server thread/INFO]: [java.lang.Throwable$WrappedPrintStream:println:748]: 	at jdk.nashorn.internal.runtime.ScriptFunction.invoke(ScriptFunction.java:229)
[22:05:05] [Server thread/INFO]: [java.lang.Throwable$WrappedPrintStream:println:748]: 	at jdk.nashorn.internal.runtime.ScriptRuntime.apply(ScriptRuntime.java:387)
[22:05:05] [Server thread/INFO]: [java.lang.Throwable$WrappedPrintStream:println:748]: 	at jdk.nashorn.api.scripting.ScriptObjectMirror.callMember(ScriptObjectMirror.java:192)
[22:05:05] [Server thread/INFO]: [java.lang.Throwable$WrappedPrintStream:println:748]: 	at jdk.nashorn.api.scripting.NashornScriptEngine.invokeImpl(NashornScriptEngine.java:381)
[22:05:05] [Server thread/INFO]: [java.lang.Throwable$WrappedPrintStream:println:748]: 	... 23 more
[22:05:05] [Server thread/INFO]: [java.lang.Throwable$WrappedPrintStream:println:748]: java.lang.RuntimeException: Script exec error : onUpdate
[22:05:05] [Server thread/INFO]: [java.lang.Throwable$WrappedPrintStream:println:748]: 	at jp.ngt.ngtlib.io.ScriptUtil.doScriptFunction(ScriptUtil.java:60)
[22:05:05] [Server thread/INFO]: [java.lang.Throwable$WrappedPrintStream:println:748]: 	at jp.ngt.ngtlib.io.ScriptUtil.doScriptIgnoreError(ScriptUtil.java:66)
[22:05:05] [Server thread/INFO]: [java.lang.Throwable$WrappedPrintStream:println:748]: 	at jp.ngt.rtm.modelpack.ScriptExecuter.callMethod(ScriptExecuter.java:24)
[22:05:05] [Server thread/INFO]: [java.lang.Throwable$WrappedPrintStream:println:748]: 	at jp.ngt.rtm.modelpack.ScriptExecuter.execScript(ScriptExecuter.java:36)
[22:05:05] [Server thread/INFO]: [java.lang.Throwable$WrappedPrintStream:println:748]: 	at jp.ngt.rtm.modelpack.ScriptExecuter.execScript(ScriptExecuter.java:30)
[22:05:05] [Server thread/INFO]: [java.lang.Throwable$WrappedPrintStream:println:748]: 	at jp.ngt.rtm.entity.vehicle.EntityVehicleBase.onVehicleUpdate(EntityVehicleBase.java:203)
[22:05:05] [Server thread/INFO]: [java.lang.Throwable$WrappedPrintStream:println:748]: 	at jp.ngt.rtm.entity.vehicle.EntityVehicle.onVehicleUpdate(EntityVehicle.java:66)
[22:05:05] [Server thread/INFO]: [java.lang.Throwable$WrappedPrintStream:println:748]: 	at jp.ngt.rtm.entity.vehicle.EntityVehicleBase.func_70071_h_(EntityVehicleBase.java:168)
[22:05:05] [Server thread/INFO]: [java.lang.Throwable$WrappedPrintStream:println:748]: 	at net.minecraft.entity.Entity.func_70098_U(Entity.java:1579)
[22:05:05] [Server thread/INFO]: [java.lang.Throwable$WrappedPrintStream:println:748]: 	at net.minecraft.world.World.func_72866_a(World.java:2066)
[22:05:05] [Server thread/INFO]: [java.lang.Throwable$WrappedPrintStream:println:748]: 	at net.minecraft.world.WorldServer.func_72866_a(WorldServer.java:648)
[22:05:05] [Server thread/INFO]: [java.lang.Throwable$WrappedPrintStream:println:748]: 	at net.minecraft.world.World.func_72870_g(World.java:2034)
[22:05:05] [Server thread/INFO]: [java.lang.Throwable$WrappedPrintStream:println:748]: 	at net.minecraft.world.World.func_72866_a(World.java:2129)
[22:05:05] [Server thread/INFO]: [java.lang.Throwable$WrappedPrintStream:println:748]: 	at net.minecraft.world.WorldServer.func_72866_a(WorldServer.java:648)
[22:05:05] [Server thread/INFO]: [java.lang.Throwable$WrappedPrintStream:println:748]: 	at net.minecraft.world.World.func_72870_g(World.java:2034)
[22:05:05] [Server thread/INFO]: [java.lang.Throwable$WrappedPrintStream:println:748]: 	at net.minecraft.world.World.func_72939_s(World.java:1887)
[22:05:05] [Server thread/INFO]: [java.lang.Throwable$WrappedPrintStream:println:748]: 	at net.minecraft.world.WorldServer.func_72939_s(WorldServer.java:489)
[22:05:05] [Server thread/INFO]: [java.lang.Throwable$WrappedPrintStream:println:748]: 	at net.minecraft.server.MinecraftServer.func_71190_q(MinecraftServer.java:636)
[22:05:05] [Server thread/INFO]: [java.lang.Throwable$WrappedPrintStream:println:748]: 	at net.minecraft.server.MinecraftServer.func_71217_p(MinecraftServer.java:547)
[22:05:05] [Server thread/INFO]: [java.lang.Throwable$WrappedPrintStream:println:748]: 	at net.minecraft.server.integrated.IntegratedServer.func_71217_p(IntegratedServer.java:111)
[22:05:05] [Server thread/INFO]: [java.lang.Throwable$WrappedPrintStream:println:748]: 	at net.minecraft.server.MinecraftServer.run(MinecraftServer.java:427)
[22:05:05] [Server thread/INFO]: [java.lang.Throwable$WrappedPrintStream:println:748]: 	at net.minecraft.server.MinecraftServer$2.run(MinecraftServer.java:685)
[22:05:05] [Server thread/INFO]: [java.lang.Throwable$WrappedPrintStream:println:748]: Caused by: javax.script.ScriptException: TypeError: jp.kaiz.kaizpatch.rtm.rail.TileEntityLargeRailSectionCore@3eea27f5 has no such function "getWorldObj" in <eval> at line number 4573
[22:05:05] [Server thread/INFO]: [java.lang.Throwable$WrappedPrintStream:println:748]: 	at jdk.nashorn.api.scripting.NashornScriptEngine.throwAsScriptException(NashornScriptEngine.java:455)
[22:05:05] [Server thread/INFO]: [java.lang.Throwable$WrappedPrintStream:println:748]: 	at jdk.nashorn.api.scripting.NashornScriptEngine.invokeImpl(NashornScriptEngine.java:387)
[22:05:05] [Server thread/INFO]: [java.lang.Throwable$WrappedPrintStream:println:748]: 	at jdk.nashorn.api.scripting.NashornScriptEngine.invokeFunction(NashornScriptEngine.java:187)
[22:05:05] [Server thread/INFO]: [java.lang.Throwable$WrappedPrintStream:println:748]: 	at jp.ngt.ngtlib.io.ScriptUtil.doScriptFunction(ScriptUtil.java:58)
[22:05:05] [Server thread/INFO]: [java.lang.Throwable$WrappedPrintStream:println:748]: 	... 21 more
[22:05:05] [Server thread/INFO]: [java.lang.Throwable$WrappedPrintStream:println:748]: Caused by: <eval>:4573 TypeError: jp.kaiz.kaizpatch.rtm.rail.TileEntityLargeRailSectionCore@3eea27f5 has no such function "getWorldObj"
[22:05:05] [Server thread/INFO]: [java.lang.Throwable$WrappedPrintStream:println:748]: 	at jdk.nashorn.internal.runtime.ECMAErrors.error(ECMAErrors.java:57)
[22:05:05] [Server thread/INFO]: [java.lang.Throwable$WrappedPrintStream:println:748]: 	at jdk.nashorn.internal.runtime.ECMAErrors.typeError(ECMAErrors.java:213)
[22:05:05] [Server thread/INFO]: [java.lang.Throwable$WrappedPrintStream:println:748]: 	at jdk.nashorn.internal.runtime.ECMAErrors.typeError(ECMAErrors.java:185)
[22:05:05] [Server thread/INFO]: [java.lang.Throwable$WrappedPrintStream:println:748]: 	at jdk.nashorn.internal.runtime.ECMAErrors.typeError(ECMAErrors.java:172)
[22:05:05] [Server thread/INFO]: [java.lang.Throwable$WrappedPrintStream:println:748]: 	at jdk.nashorn.internal.runtime.linker.NashornBottomLinker.linkBean(NashornBottomLinker.java:103)
[22:05:05] [Server thread/INFO]: [java.lang.Throwable$WrappedPrintStream:println:748]: 	at jdk.nashorn.internal.runtime.linker.NashornBottomLinker.getGuardedInvocation(NashornBottomLinker.java:71)
[22:05:05] [Server thread/INFO]: [java.lang.Throwable$WrappedPrintStream:println:748]: 	at jdk.internal.dynalink.support.CompositeGuardingDynamicLinker.getGuardedInvocation(CompositeGuardingDynamicLinker.java:124)
[22:05:05] [Server thread/INFO]: [java.lang.Throwable$WrappedPrintStream:println:748]: 	at jdk.internal.dynalink.support.LinkerServicesImpl.getGuardedInvocation(LinkerServicesImpl.java:149)
[22:05:05] [Server thread/INFO]: [java.lang.Throwable$WrappedPrintStream:println:748]: 	at jdk.internal.dynalink.DynamicLinker.relink(DynamicLinker.java:233)
[22:05:05] [Server thread/INFO]: [java.lang.Throwable$WrappedPrintStream:println:748]: 	at jdk.nashorn.internal.scripts.Script$Recompilation$7614$188583AAAAAAAA$\^eval\_.RTMX_loadCompatTarget_kaizpatch_scripts_superrailbuilderx_RailPositionCompat_1suqebq$L:4466$RailPositionCompat$moveSectionedRailPosition(<eval>:4573)
[22:05:05] [Server thread/INFO]: [java.lang.Throwable$WrappedPrintStream:println:748]: 	at jdk.nashorn.internal.scripts.Script$Recompilation$7610$187411AAAAAAAA$\^eval\_.RTMX_loadCompatTarget_kaizpatch_scripts_superrailbuilderx_RailPositionCompat_1suqebq$L:4466$RailPositionCompat$moveRailPosition(<eval>:4537)
[22:05:05] [Server thread/INFO]: [java.lang.Throwable$WrappedPrintStream:println:748]: 	at jdk.nashorn.internal.scripts.Script$Recompilation$7607$200380AA$\^eval\_.applyRequest(<eval>:4807)
[22:05:05] [Server thread/INFO]: [java.lang.Throwable$WrappedPrintStream:println:748]: 	at jdk.nashorn.internal.scripts.Script$Recompilation$7571$201151AA$\^eval\_.onUpdate(<eval>:4843)
[22:05:05] [Server thread/INFO]: [java.lang.Throwable$WrappedPrintStream:println:748]: 	at jdk.nashorn.internal.runtime.ScriptFunctionData.invoke(ScriptFunctionData.java:640)
[22:05:05] [Server thread/INFO]: [java.lang.Throwable$WrappedPrintStream:println:748]: 	at jdk.nashorn.internal.runtime.ScriptFunction.invoke(ScriptFunction.java:229)
[22:05:05] [Server thread/INFO]: [java.lang.Throwable$WrappedPrintStream:println:748]: 	at jdk.nashorn.internal.runtime.ScriptRuntime.apply(ScriptRuntime.java:387)
[22:05:05] [Server thread/INFO]: [java.lang.Throwable$WrappedPrintStream:println:748]: 	at jdk.nashorn.api.scripting.ScriptObjectMirror.callMember(ScriptObjectMirror.java:192)
[22:05:05] [Server thread/INFO]: [java.lang.Throwable$WrappedPrintStream:println:748]: 	at jdk.nashorn.api.scripting.NashornScriptEngine.invokeImpl(NashornScriptEngine.java:381)
[22:05:05] [Server thread/INFO]: [java.lang.Throwable$WrappedPrintStream:println:748]: 	... 23 more
[22:05:05] [Server thread/INFO]: [java.lang.Throwable$WrappedPrintStream:println:748]: java.lang.RuntimeException: Script exec error : onUpdate
[22:05:05] [Server thread/INFO]: [java.lang.Throwable$WrappedPrintStream:println:748]: 	at jp.ngt.ngtlib.io.ScriptUtil.doScriptFunction(ScriptUtil.java:60)
[22:05:05] [Server thread/INFO]: [java.lang.Throwable$WrappedPrintStream:println:748]: 	at jp.ngt.ngtlib.io.ScriptUtil.doScriptIgnoreError(ScriptUtil.java:66)
[22:05:05] [Server thread/INFO]: [java.lang.Throwable$WrappedPrintStream:println:748]: 	at jp.ngt.rtm.modelpack.ScriptExecuter.callMethod(ScriptExecuter.java:24)
[22:05:05] [Server thread/INFO]: [java.lang.Throwable$WrappedPrintStream:println:748]: 	at jp.ngt.rtm.modelpack.ScriptExecuter.execScript(ScriptExecuter.java:36)
[22:05:05] [Server thread/INFO]: [java.lang.Throwable$WrappedPrintStream:println:748]: 	at jp.ngt.rtm.modelpack.ScriptExecuter.execScript(ScriptExecuter.java:30)
[22:05:05] [Server thread/INFO]: [java.lang.Throwable$WrappedPrintStream:println:748]: 	at jp.ngt.rtm.entity.vehicle.EntityVehicleBase.onVehicleUpdate(EntityVehicleBase.java:203)
[22:05:05] [Server thread/INFO]: [java.lang.Throwable$WrappedPrintStream:println:748]: 	at jp.ngt.rtm.entity.vehicle.EntityVehicle.onVehicleUpdate(EntityVehicle.java:66)
[22:05:05] [Server thread/INFO]: [java.lang.Throwable$WrappedPrintStream:println:748]: 	at jp.ngt.rtm.entity.vehicle.EntityVehicleBase.func_70071_h_(EntityVehicleBase.java:168)
[22:05:05] [Server thread/INFO]: [java.lang.Throwable$WrappedPrintStream:println:748]: 	at net.minecraft.entity.Entity.func_70098_U(Entity.java:1579)
[22:05:05] [Server thread/INFO]: [java.lang.Throwable$WrappedPrintStream:println:748]: 	at net.minecraft.world.World.func_72866_a(World.java:2066)
[22:05:05] [Server thread/INFO]: [java.lang.Throwable$WrappedPrintStream:println:748]: 	at net.minecraft.world.WorldServer.func_72866_a(WorldServer.java:648)
[22:05:05] [Server thread/INFO]: [java.lang.Throwable$WrappedPrintStream:println:748]: 	at net.minecraft.world.World.func_72870_g(World.java:2034)
[22:05:05] [Server thread/INFO]: [java.lang.Throwable$WrappedPrintStream:println:748]: 	at net.minecraft.world.World.func_72866_a(World.java:2129)
[22:05:05] [Server thread/INFO]: [java.lang.Throwable$WrappedPrintStream:println:748]: 	at net.minecraft.world.WorldServer.func_72866_a(WorldServer.java:648)
[22:05:05] [Server thread/INFO]: [java.lang.Throwable$WrappedPrintStream:println:748]: 	at net.minecraft.world.World.func_72870_g(World.java:2034)
[22:05:05] [Server thread/INFO]: [java.lang.Throwable$WrappedPrintStream:println:748]: 	at net.minecraft.world.World.func_72939_s(World.java:1887)
[22:05:05] [Server thread/INFO]: [java.lang.Throwable$WrappedPrintStream:println:748]: 	at net.minecraft.world.WorldServer.func_72939_s(WorldServer.java:489)
[22:05:05] [Server thread/INFO]: [java.lang.Throwable$WrappedPrintStream:println:748]: 	at net.minecraft.server.MinecraftServer.func_71190_q(MinecraftServer.java:636)
[22:05:05] [Server thread/INFO]: [java.lang.Throwable$WrappedPrintStream:println:748]: 	at net.minecraft.server.MinecraftServer.func_71217_p(MinecraftServer.java:547)
[22:05:05] [Server thread/INFO]: [java.lang.Throwable$WrappedPrintStream:println:748]: 	at net.minecraft.server.integrated.IntegratedServer.func_71217_p(IntegratedServer.java:111)
[22:05:05] [Server thread/INFO]: [java.lang.Throwable$WrappedPrintStream:println:748]: 	at net.minecraft.server.MinecraftServer.run(MinecraftServer.java:427)
[22:05:05] [Server thread/INFO]: [java.lang.Throwable$WrappedPrintStream:println:748]: 	at net.minecraft.server.MinecraftServer$2.run(MinecraftServer.java:685)
[22:05:05] [Server thread/INFO]: [java.lang.Throwable$WrappedPrintStream:println:748]: Caused by: javax.script.ScriptException: TypeError: jp.kaiz.kaizpatch.rtm.rail.TileEntityLargeRailSectionCore@3eea27f5 has no such function "getWorldObj" in <eval> at line number 4573
[22:05:05] [Server thread/INFO]: [java.lang.Throwable$WrappedPrintStream:println:748]: 	at jdk.nashorn.api.scripting.NashornScriptEngine.throwAsScriptException(NashornScriptEngine.java:455)
[22:05:05] [Server thread/INFO]: [java.lang.Throwable$WrappedPrintStream:println:748]: 	at jdk.nashorn.api.scripting.NashornScriptEngine.invokeImpl(NashornScriptEngine.java:387)
[22:05:05] [Server thread/INFO]: [java.lang.Throwable$WrappedPrintStream:println:748]: 	at jdk.nashorn.api.scripting.NashornScriptEngine.invokeFunction(NashornScriptEngine.java:187)
[22:05:05] [Server thread/INFO]: [java.lang.Throwable$WrappedPrintStream:println:748]: 	at jp.ngt.ngtlib.io.ScriptUtil.doScriptFunction(ScriptUtil.java:58)
[22:05:05] [Server thread/INFO]: [java.lang.Throwable$WrappedPrintStream:println:748]: 	... 21 more
[22:05:05] [Server thread/INFO]: [java.lang.Throwable$WrappedPrintStream:println:748]: Caused by: <eval>:4573 TypeError: jp.kaiz.kaizpatch.rtm.rail.TileEntityLargeRailSectionCore@3eea27f5 has no such function "getWorldObj"
[22:05:05] [Server thread/INFO]: [java.lang.Throwable$WrappedPrintStream:println:748]: 	at jdk.nashorn.internal.runtime.ECMAErrors.error(ECMAErrors.java:57)
[22:05:05] [Server thread/INFO]: [java.lang.Throwable$WrappedPrintStream:println:748]: 	at jdk.nashorn.internal.runtime.ECMAErrors.typeError(ECMAErrors.java:213)
[22:05:05] [Server thread/INFO]: [java.lang.Throwable$WrappedPrintStream:println:748]: 	at jdk.nashorn.internal.runtime.ECMAErrors.typeError(ECMAErrors.java:185)
[22:05:05] [Server thread/INFO]: [java.lang.Throwable$WrappedPrintStream:println:748]: 	at jdk.nashorn.internal.runtime.ECMAErrors.typeError(ECMAErrors.java:172)
[22:05:05] [Server thread/INFO]: [java.lang.Throwable$WrappedPrintStream:println:748]: 	at jdk.nashorn.internal.runtime.linker.NashornBottomLinker.linkBean(NashornBottomLinker.java:103)
[22:05:05] [Server thread/INFO]: [java.lang.Throwable$WrappedPrintStream:println:748]: 	at jdk.nashorn.internal.runtime.linker.NashornBottomLinker.getGuardedInvocation(NashornBottomLinker.java:71)
[22:05:05] [Server thread/INFO]: [java.lang.Throwable$WrappedPrintStream:println:748]: 	at jdk.internal.dynalink.support.CompositeGuardingDynamicLinker.getGuardedInvocation(CompositeGuardingDynamicLinker.java:124)
[22:05:05] [Server thread/INFO]: [java.lang.Throwable$WrappedPrintStream:println:748]: 	at jdk.internal.dynalink.support.LinkerServicesImpl.getGuardedInvocation(LinkerServicesImpl.java:149)
[22:05:05] [Server thread/INFO]: [java.lang.Throwable$WrappedPrintStream:println:748]: 	at jdk.internal.dynalink.DynamicLinker.relink(DynamicLinker.java:233)
[22:05:05] [Server thread/INFO]: [java.lang.Throwable$WrappedPrintStream:println:748]: 	at jdk.nashorn.internal.scripts.Script$Recompilation$7614$188583AAAAAAAA$\^eval\_.RTMX_loadCompatTarget_kaizpatch_scripts_superrailbuilderx_RailPositionCompat_1suqebq$L:4466$RailPositionCompat$moveSectionedRailPosition(<eval>:4573)
[22:05:05] [Server thread/INFO]: [java.lang.Throwable$WrappedPrintStream:println:748]: 	at jdk.nashorn.internal.scripts.Script$Recompilation$7610$187411AAAAAAAA$\^eval\_.RTMX_loadCompatTarget_kaizpatch_scripts_superrailbuilderx_RailPositionCompat_1suqebq$L:4466$RailPositionCompat$moveRailPosition(<eval>:4537)
[22:05:05] [Server thread/INFO]: [java.lang.Throwable$WrappedPrintStream:println:748]: 	at jdk.nashorn.internal.scripts.Script$Recompilation$7607$200380AA$\^eval\_.applyRequest(<eval>:4807)
[22:05:05] [Server thread/INFO]: [java.lang.Throwable$WrappedPrintStream:println:748]: 	at jdk.nashorn.internal.scripts.Script$Recompilation$7571$201151AA$\^eval\_.onUpdate(<eval>:4843)
[22:05:05] [Server thread/INFO]: [java.lang.Throwable$WrappedPrintStream:println:748]: 	at jdk.nashorn.internal.runtime.ScriptFunctionData.invoke(ScriptFunctionData.java:640)
[22:05:05] [Server thread/INFO]: [java.lang.Throwable$WrappedPrintStream:println:748]: 	at jdk.nashorn.internal.runtime.ScriptFunction.invoke(ScriptFunction.java:229)
[22:05:05] [Server thread/INFO]: [java.lang.Throwable$WrappedPrintStream:println:748]: 	at jdk.nashorn.internal.runtime.ScriptRuntime.apply(ScriptRuntime.java:387)
[22:05:05] [Server thread/INFO]: [java.lang.Throwable$WrappedPrintStream:println:748]: 	at jdk.nashorn.api.scripting.ScriptObjectMirror.callMember(ScriptObjectMirror.java:192)
[22:05:05] [Server thread/INFO]: [java.lang.Throwable$WrappedPrintStream:println:748]: 	at jdk.nashorn.api.scripting.NashornScriptEngine.invokeImpl(NashornScriptEngine.java:381)
[22:05:05] [Server thread/INFO]: [java.lang.Throwable$WrappedPrintStream:println:748]: 	... 23 more
[22:05:05] [Server thread/INFO]: [java.lang.Throwable$WrappedPrintStream:println:748]: java.lang.RuntimeException: Script exec error : onUpdate
[22:05:05] [Server thread/INFO]: [java.lang.Throwable$WrappedPrintStream:println:748]: 	at jp.ngt.ngtlib.io.ScriptUtil.doScriptFunction(ScriptUtil.java:60)
[22:05:05] [Server thread/INFO]: [java.lang.Throwable$WrappedPrintStream:println:748]: 	at jp.ngt.ngtlib.io.ScriptUtil.doScriptIgnoreError(ScriptUtil.java:66)
[22:05:05] [Server thread/INFO]: [java.lang.Throwable$WrappedPrintStream:println:748]: 	at jp.ngt.rtm.modelpack.ScriptExecuter.callMethod(ScriptExecuter.java:24)
[22:05:05] [Server thread/INFO]: [java.lang.Throwable$WrappedPrintStream:println:748]: 	at jp.ngt.rtm.modelpack.ScriptExecuter.execScript(ScriptExecuter.java:36)
[22:05:05] [Server thread/INFO]: [java.lang.Throwable$WrappedPrintStream:println:748]: 	at jp.ngt.rtm.modelpack.ScriptExecuter.execScript(ScriptExecuter.java:30)
[22:05:05] [Server thread/INFO]: [java.lang.Throwable$WrappedPrintStream:println:748]: 	at jp.ngt.rtm.entity.vehicle.EntityVehicleBase.onVehicleUpdate(EntityVehicleBase.java:203)
[22:05:05] [Server thread/INFO]: [java.lang.Throwable$WrappedPrintStream:println:748]: 	at jp.ngt.rtm.entity.vehicle.EntityVehicle.onVehicleUpdate(EntityVehicle.java:66)
[22:05:05] [Server thread/INFO]: [java.lang.Throwable$WrappedPrintStream:println:748]: 	at jp.ngt.rtm.entity.vehicle.EntityVehicleBase.func_70071_h_(EntityVehicleBase.java:168)
[22:05:05] [Server thread/INFO]: [java.lang.Throwable$WrappedPrintStream:println:748]: 	at net.minecraft.entity.Entity.func_70098_U(Entity.java:1579)
[22:05:05] [Server thread/INFO]: [java.lang.Throwable$WrappedPrintStream:println:748]: 	at net.minecraft.world.World.func_72866_a(World.java:2066)
[22:05:05] [Server thread/INFO]: [java.lang.Throwable$WrappedPrintStream:println:748]: 	at net.minecraft.world.WorldServer.func_72866_a(WorldServer.java:648)
[22:05:05] [Server thread/INFO]: [java.lang.Throwable$WrappedPrintStream:println:748]: 	at net.minecraft.world.World.func_72870_g(World.java:2034)
[22:05:05] [Server thread/INFO]: [java.lang.Throwable$WrappedPrintStream:println:748]: 	at net.minecraft.world.World.func_72866_a(World.java:2129)
[22:05:05] [Server thread/INFO]: [java.lang.Throwable$WrappedPrintStream:println:748]: 	at net.minecraft.world.WorldServer.func_72866_a(WorldServer.java:648)
[22:05:05] [Server thread/INFO]: [java.lang.Throwable$WrappedPrintStream:println:748]: 	at net.minecraft.world.World.func_72870_g(World.java:2034)
[22:05:05] [Server thread/INFO]: [java.lang.Throwable$WrappedPrintStream:println:748]: 	at net.minecraft.world.World.func_72939_s(World.java:1887)
[22:05:05] [Server thread/INFO]: [java.lang.Throwable$WrappedPrintStream:println:748]: 	at net.minecraft.world.WorldServer.func_72939_s(WorldServer.java:489)
[22:05:05] [Server thread/INFO]: [java.lang.Throwable$WrappedPrintStream:println:748]: 	at net.minecraft.server.MinecraftServer.func_71190_q(MinecraftServer.java:636)
[22:05:05] [Server thread/INFO]: [java.lang.Throwable$WrappedPrintStream:println:748]: 	at net.minecraft.server.MinecraftServer.func_71217_p(MinecraftServer.java:547)
[22:05:05] [Server thread/INFO]: [java.lang.Throwable$WrappedPrintStream:println:748]: 	at net.minecraft.server.integrated.IntegratedServer.func_71217_p(IntegratedServer.java:111)
[22:05:05] [Server thread/INFO]: [java.lang.Throwable$WrappedPrintStream:println:748]: 	at net.minecraft.server.MinecraftServer.run(MinecraftServer.java:427)
[22:05:05] [Server thread/INFO]: [java.lang.Throwable$WrappedPrintStream:println:748]: 	at net.minecraft.server.MinecraftServer$2.run(MinecraftServer.java:685)
[22:05:05] [Server thread/INFO]: [java.lang.Throwable$WrappedPrintStream:println:748]: Caused by: javax.script.ScriptException: TypeError: jp.kaiz.kaizpatch.rtm.rail.TileEntityLargeRailSectionCore@3eea27f5 has no such function "getWorldObj" in <eval> at line number 4573
[22:05:05] [Server thread/INFO]: [java.lang.Throwable$WrappedPrintStream:println:748]: 	at jdk.nashorn.api.scripting.NashornScriptEngine.throwAsScriptException(NashornScriptEngine.java:455)
[22:05:05] [Server thread/INFO]: [java.lang.Throwable$WrappedPrintStream:println:748]: 	at jdk.nashorn.api.scripting.NashornScriptEngine.invokeImpl(NashornScriptEngine.java:387)
[22:05:05] [Server thread/INFO]: [java.lang.Throwable$WrappedPrintStream:println:748]: 	at jdk.nashorn.api.scripting.NashornScriptEngine.invokeFunction(NashornScriptEngine.java:187)
[22:05:05] [Server thread/INFO]: [java.lang.Throwable$WrappedPrintStream:println:748]: 	at jp.ngt.ngtlib.io.ScriptUtil.doScriptFunction(ScriptUtil.java:58)
[22:05:05] [Server thread/INFO]: [java.lang.Throwable$WrappedPrintStream:println:748]: 	... 21 more
[22:05:05] [Server thread/INFO]: [java.lang.Throwable$WrappedPrintStream:println:748]: Caused by: <eval>:4573 TypeError: jp.kaiz.kaizpatch.rtm.rail.TileEntityLargeRailSectionCore@3eea27f5 has no such function "getWorldObj"
[22:05:05] [Server thread/INFO]: [java.lang.Throwable$WrappedPrintStream:println:748]: 	at jdk.nashorn.internal.runtime.ECMAErrors.error(ECMAErrors.java:57)
[22:05:05] [Server thread/INFO]: [java.lang.Throwable$WrappedPrintStream:println:748]: 	at jdk.nashorn.internal.runtime.ECMAErrors.typeError(ECMAErrors.java:213)
[22:05:05] [Server thread/INFO]: [java.lang.Throwable$WrappedPrintStream:println:748]: 	at jdk.nashorn.internal.runtime.ECMAErrors.typeError(ECMAErrors.java:185)
[22:05:05] [Server thread/INFO]: [java.lang.Throwable$WrappedPrintStream:println:748]: 	at jdk.nashorn.internal.runtime.ECMAErrors.typeError(ECMAErrors.java:172)
[22:05:05] [Server thread/INFO]: [java.lang.Throwable$WrappedPrintStream:println:748]: 	at jdk.nashorn.internal.runtime.linker.NashornBottomLinker.linkBean(NashornBottomLinker.java:103)
[22:05:05] [Server thread/INFO]: [java.lang.Throwable$WrappedPrintStream:println:748]: 	at jdk.nashorn.internal.runtime.linker.NashornBottomLinker.getGuardedInvocation(NashornBottomLinker.java:71)
[22:05:05] [Server thread/INFO]: [java.lang.Throwable$WrappedPrintStream:println:748]: 	at jdk.internal.dynalink.support.CompositeGuardingDynamicLinker.getGuardedInvocation(CompositeGuardingDynamicLinker.java:124)
[22:05:05] [Server thread/INFO]: [java.lang.Throwable$WrappedPrintStream:println:748]: 	at jdk.internal.dynalink.support.LinkerServicesImpl.getGuardedInvocation(LinkerServicesImpl.java:149)
[22:05:05] [Server thread/INFO]: [java.lang.Throwable$WrappedPrintStream:println:748]: 	at jdk.internal.dynalink.DynamicLinker.relink(DynamicLinker.java:233)
[22:05:05] [Server thread/INFO]: [java.lang.Throwable$WrappedPrintStream:println:748]: 	at jdk.nashorn.internal.scripts.Script$Recompilation$7614$188583AAAAAAAA$\^eval\_.RTMX_loadCompatTarget_kaizpatch_scripts_superrailbuilderx_RailPositionCompat_1suqebq$L:4466$RailPositionCompat$moveSectionedRailPosition(<eval>:4573)
[22:05:05] [Server thread/INFO]: [java.lang.Throwable$WrappedPrintStream:println:748]: 	at jdk.nashorn.internal.scripts.Script$Recompilation$7610$187411AAAAAAAA$\^eval\_.RTMX_loadCompatTarget_kaizpatch_scripts_superrailbuilderx_RailPositionCompat_1suqebq$L:4466$RailPositionCompat$moveRailPosition(<eval>:4537)
[22:05:05] [Server thread/INFO]: [java.lang.Throwable$WrappedPrintStream:println:748]: 	at jdk.nashorn.internal.scripts.Script$Recompilation$7607$200380AA$\^eval\_.applyRequest(<eval>:4807)
[22:05:05] [Server thread/INFO]: [java.lang.Throwable$WrappedPrintStream:println:748]: 	at jdk.nashorn.internal.scripts.Script$Recompilation$7571$201151AA$\^eval\_.onUpdate(<eval>:4843)
[22:05:05] [Server thread/INFO]: [java.lang.Throwable$WrappedPrintStream:println:748]: 	at jdk.nashorn.internal.runtime.ScriptFunctionData.invoke(ScriptFunctionData.java:640)
[22:05:05] [Server thread/INFO]: [java.lang.Throwable$WrappedPrintStream:println:748]: 	at jdk.nashorn.internal.runtime.ScriptFunction.invoke(ScriptFunction.java:229)
[22:05:05] [Server thread/INFO]: [java.lang.Throwable$WrappedPrintStream:println:748]: 	at jdk.nashorn.internal.runtime.ScriptRuntime.apply(ScriptRuntime.java:387)
[22:05:05] [Server thread/INFO]: [java.lang.Throwable$WrappedPrintStream:println:748]: 	at jdk.nashorn.api.scripting.ScriptObjectMirror.callMember(ScriptObjectMirror.java:192)
[22:05:05] [Server thread/INFO]: [java.lang.Throwable$WrappedPrintStream:println:748]: 	at jdk.nashorn.api.scripting.NashornScriptEngine.invokeImpl(NashornScriptEngine.java:381)
[22:05:05] [Server thread/INFO]: [java.lang.Throwable$WrappedPrintStream:println:748]: 	... 23 more
[22:05:06] [Server thread/INFO]: Saving and pausing game...
[22:05:06] [Server thread/INFO]: Saving chunks for level '新規ワールド のコピー'/Overworld
[22:05:06] [Server thread/INFO]: Saving chunks for level '新規ワールド のコピー'/Nether
[22:05:06] [Server thread/INFO]: Saving chunks for level '新規ワールド のコピー'/The End
[22:05:41] [Client thread/WARN]: Failed to load texture: minecraft:textures/superrailbuilderx/button_rail_position_test.png
java.io.FileNotFoundException: minecraft:textures/superrailbuilderx/button_rail_position_test.png
	at net.minecraft.client.resources.FallbackResourceManager.func_110536_a(SourceFile:51) ~[bqq.class:?]
	at net.minecraft.client.resources.SimpleReloadableResourceManager.func_110536_a(SimpleReloadableResourceManager.java:67) ~[brg.class:?]
	at net.minecraft.client.renderer.texture.SimpleTexture.func_110551_a(SourceFile:29) ~[bpu.class:?]
	at net.minecraft.client.renderer.texture.TextureManager.func_110579_a(TextureManager.java:89) [bqf.class:?]
	at net.minecraft.client.renderer.texture.TextureManager.func_110577_a(TextureManager.java:45) [bqf.class:?]
	at jp.ngt.rtm.modelpack.modelset.ModelSetVehicleBaseClient.renderSelectButton(ModelSetVehicleBaseClient.java:84) [ModelSetVehicleBaseClient.class:?]
	at jp.ngt.rtm.gui.GuiButtonSelectModel.func_146112_a(GuiButtonSelectModel.java:33) [GuiButtonSelectModel.class:?]
	at net.minecraft.client.gui.GuiScreen.func_73863_a(GuiScreen.java:52) [bdw.class:?]
	at jp.ngt.ngtlib.gui.GuiScreenCustom.func_73863_a(GuiScreenCustom.java:125) [GuiScreenCustom.class:?]
	at jp.ngt.rtm.gui.GuiSelectModel.func_73863_a(GuiSelectModel.java:185) [GuiSelectModel.class:?]
	at net.minecraft.client.renderer.EntityRenderer.func_78480_b(EntityRenderer.java:1061) [blt.class:?]
	at net.minecraft.client.Minecraft.func_71411_J(Minecraft.java:1001) [bao.class:?]
	at net.minecraft.client.Minecraft.func_99999_d(Minecraft.java:898) [bao.class:?]
	at net.minecraft.client.main.Main.main(SourceFile:148) [Main.class:?]
	at sun.reflect.NativeMethodAccessorImpl.invoke0(Native Method) ~[?:1.8.0_51]
	at sun.reflect.NativeMethodAccessorImpl.invoke(NativeMethodAccessorImpl.java:62) ~[?:1.8.0_51]
	at sun.reflect.DelegatingMethodAccessorImpl.invoke(DelegatingMethodAccessorImpl.java:43) ~[?:1.8.0_51]
	at java.lang.reflect.Method.invoke(Method.java:497) ~[?:1.8.0_51]
	at net.minecraft.launchwrapper.Launch.launch(Launch.java:135) [launchwrapper-1.12.jar:?]
	at net.minecraft.launchwrapper.Launch.main(Launch.java:28) [launchwrapper-1.12.jar:?]
[22:05:41] [Server thread/INFO]: Saving and pausing game...
[22:05:41] [Server thread/INFO]: Saving chunks for level '新規ワールド のコピー'/Overworld
[22:05:41] [Server thread/INFO]: Saving chunks for level '新規ワールド のコピー'/Nether
[22:05:41] [Server thread/INFO]: Saving chunks for level '新規ワールド のコピー'/The End
[22:05:42] [Client thread/INFO]: Invalid data : 
[22:06:05] [Server thread/INFO]: Saving and pausing game...
[22:06:05] [Server thread/INFO]: Saving chunks for level '新規ワールド のコピー'/Overworld
[22:06:05] [Server thread/INFO]: Saving chunks for level '新規ワールド のコピー'/Nether
[22:06:05] [Server thread/INFO]: Saving chunks for level '新規ワールド のコピー'/The End
[22:06:16] [Server thread/INFO]: Saving and pausing game...
[22:06:16] [Server thread/INFO]: Saving chunks for level '新規ワールド のコピー'/Overworld
[22:06:16] [Server thread/INFO]: Saving chunks for level '新規ワールド のコピー'/Nether
[22:06:16] [Server thread/INFO]: Saving chunks for level '新規ワールド のコピー'/The End
[22:07:13] [Server thread/INFO]: Saving and pausing game...
[22:07:13] [Server thread/INFO]: Saving chunks for level '新規ワールド のコピー'/Overworld
[22:07:14] [Server thread/INFO]: Saving chunks for level '新規ワールド のコピー'/Nether
[22:07:14] [Server thread/INFO]: Saving chunks for level '新規ワールド のコピー'/The End
[22:07:15] [Client thread/INFO]: Invalid data : 
[22:07:20] [Client thread/INFO]: [SuperRailBuilderX RailPosition] candidate scan: look=378.265,4.063,-95.489, candidates=2, railTiles=15, uniqueCores=2, missingCores=0, unsupportedCores=0, sectionedCores=0, invalidPositions=0, outOfRangePositions=2, errors=0
[22:07:32] [Client thread/INFO]: [CHAT] [SuperRailBuilderX] 移動を適用中...
[22:07:32] [Client thread/INFO]: [CHAT] §a[SuperRailBuilderX] 移動しました
[22:07:32] [Client thread/INFO]: [CHAT] §a[SuperRailBuilderX] 移動しました
[22:07:32] [Client thread/INFO]: [CHAT] §a[SuperRailBuilderX] 移動しました
[22:07:35] [Client thread/INFO]: [SuperRailBuilderX RailPosition] candidate scan: look=378.344,4.063,-96.347, candidates=1, railTiles=15, uniqueCores=2, missingCores=0, unsupportedCores=0, sectionedCores=0, invalidPositions=0, outOfRangePositions=3, errors=0
[22:07:44] [Client thread/INFO]: [CHAT] [SuperRailBuilderX] 移動を適用中...
[22:07:44] [Client thread/INFO]: [CHAT] §a[SuperRailBuilderX] 移動しました
[22:07:44] [Client thread/INFO]: [CHAT] §a[SuperRailBuilderX] 移動しました
[22:07:44] [Client thread/INFO]: [CHAT] §a[SuperRailBuilderX] 移動しました
[22:07:50] [Client thread/INFO]: [SuperRailBuilderX RailPosition] candidate scan: look=378.490,4.063,-56.009, candidates=2, railTiles=15, uniqueCores=2, missingCores=0, unsupportedCores=0, sectionedCores=0, invalidPositions=0, outOfRangePositions=2, errors=0
[22:07:57] [Client thread/INFO]: [CHAT] [SuperRailBuilderX] 移動を適用中...
[22:07:57] [Client thread/INFO]: [CHAT] §a[SuperRailBuilderX] 移動しました
[22:07:57] [Client thread/INFO]: [CHAT] §a[SuperRailBuilderX] 移動しました
[22:07:57] [Client thread/INFO]: [CHAT] §a[SuperRailBuilderX] 移動しました
[22:07:59] [Client thread/INFO]: [SuperRailBuilderX RailPosition] candidate scan: look=378.877,4.063,-55.804, candidates=1, railTiles=15, uniqueCores=2, missingCores=0, unsupportedCores=0, sectionedCores=0, invalidPositions=0, outOfRangePositions=3, errors=0
[22:08:04] [Client thread/INFO]: [CHAT] [SuperRailBuilderX] 移動を適用中...
[22:08:04] [Client thread/INFO]: [CHAT] §a[SuperRailBuilderX] 移動しました
[22:08:04] [Client thread/INFO]: [CHAT] §a[SuperRailBuilderX] 移動しました
[22:08:04] [Client thread/INFO]: [CHAT] §a[SuperRailBuilderX] 移動しました
[22:08:25] [Server thread/INFO]: Saving and pausing game...
[22:08:25] [Server thread/INFO]: Saving chunks for level '新規ワールド のコピー'/Overworld
[22:08:25] [Server thread/INFO]: Saving chunks for level '新規ワールド のコピー'/Nether
[22:08:25] [Server thread/INFO]: Saving chunks for level '新規ワールド のコピー'/The End
[22:08:25] [Client thread/INFO]: Invalid data : 
[22:08:44] [Client thread/INFO]: [CHAT] Rail not found > x:380 z:-30
[22:09:14] [Client thread/INFO]: [CHAT] Rail not found > x:382 z:-40
[22:09:14] [Client thread/INFO]: [CHAT] Rail not found > x:382 z:-40
[22:09:14] [Client thread/INFO]: [CHAT] Rail not found > x:382 z:-40
[22:09:14] [Client thread/INFO]: [CHAT] Rail not found > x:382 z:-40
[22:09:14] [Client thread/INFO]: [CHAT] Rail not found > x:382 z:-40
[22:09:14] [Client thread/INFO]: [CHAT] Rail not found > x:382 z:-40
[22:09:14] [Client thread/INFO]: [CHAT] Rail not found > x:382 z:-40
[22:09:14] [Client thread/INFO]: [CHAT] Rail not found > x:382 z:-40
[22:09:14] [Client thread/INFO]: [CHAT] Rail not found > x:382 z:-40
[22:09:15] [Client thread/INFO]: [CHAT] Rail not found > x:382 z:-40
[22:09:15] [Client thread/INFO]: [CHAT] Rail not found > x:382 z:-40
[22:09:15] [Client thread/INFO]: [CHAT] Rail not found > x:382 z:-40
[22:09:15] [Client thread/INFO]: [CHAT] Rail not found > x:382 z:-40
[22:09:15] [Client thread/INFO]: [CHAT] Rail not found > x:382 z:-40
[22:09:15] [Client thread/INFO]: [CHAT] Rail not found > x:382 z:-40
[22:09:15] [Client thread/INFO]: [CHAT] Rail not found > x:382 z:-40
[22:09:15] [Client thread/INFO]: [CHAT] Rail not found > x:382 z:-40
[22:09:15] [Client thread/INFO]: [CHAT] Rail not found > x:382 z:-40
[22:09:15] [Client thread/INFO]: [CHAT] Rail not found > x:382 z:-40
[22:09:15] [Client thread/INFO]: [CHAT] Rail not found > x:382 z:-40
[22:09:31] [Server thread/INFO]: Saving and pausing game...
[22:09:31] [Server thread/INFO]: Saving chunks for level '新規ワールド のコピー'/Overworld
[22:09:31] [Server thread/INFO]: Saving chunks for level '新規ワールド のコピー'/Nether
[22:09:31] [Server thread/INFO]: Saving chunks for level '新規ワールド のコピー'/The End
[22:09:32] [Client thread/INFO]: Invalid data : 
[22:09:57] [Server thread/INFO]: Saving and pausing game...
[22:09:57] [Server thread/INFO]: Saving chunks for level '新規ワールド のコピー'/Overworld
[22:09:57] [Server thread/INFO]: Saving chunks for level '新規ワールド のコピー'/Nether
[22:09:57] [Server thread/INFO]: Saving chunks for level '新規ワールド のコピー'/The End
[22:10:03] [Server thread/INFO]: Stopping server
[22:10:03] [Server thread/INFO]: Saving players
[22:10:03] [Server thread/INFO]: Saving worlds
[22:10:03] [Server thread/INFO]: Saving chunks for level '新規ワールド のコピー'/Overworld
[22:10:03] [Server thread/INFO]: Saving chunks for level '新規ワールド のコピー'/Nether
[22:10:03] [Server thread/INFO]: Saving chunks for level '新規ワールド のコピー'/The End
[22:10:03] [Server thread/INFO]: Unloading dimension 0
[22:10:03] [Server thread/INFO]: Unloading dimension -1
[22:10:03] [Server thread/INFO]: Unloading dimension 1
[22:10:03] [Server thread/INFO]: Applying holder lookups
[22:10:03] [Server thread/INFO]: Holder lookups applied
[22:10:05] [Client thread/INFO]: Stopping!
[22:10:05] [Client thread/INFO]: [paulscode.sound.SoundSystemLogger:message:69]: 
[22:10:05] [Client thread/INFO]: [paulscode.sound.SoundSystemLogger:message:69]: SoundSystem shutting down...
[22:10:05] [Client thread/INFO]: [paulscode.sound.SoundSystemLogger:importantMessage:90]:     Author: Paul Lamb, www.paulscode.com
[22:10:05] [Client thread/INFO]: [paulscode.sound.SoundSystemLogger:message:69]: 
